KO,rab.all,rab.win.0,rab.win.1,diff.btw,diff.win,effect,overlap,name,method
KO_1,5.434517410237019,5.566994082890368,4.6970559962667835,-0.7649583335554633,1.6734368678013203,-0.4210789297750198,0.324935013662218,health_statusHIV,ALDEx2
KO_2,-5.673441544602843,-6.050574188629956,-1.7407543182333232,2.893211020228798,6.329457202147742,0.4355722241880369,0.31693661338185447,health_statusHIV,ALDEx2
KO_3,-9.573986018528483,-9.297570450181988,-11.295078536929111,-2.0342892193270483,4.843680412561177,-0.35981278110602133,0.3251349736692449,health_statusHIV,ALDEx2
KO_4,-0.17086732455231246,-0.5834732362228934,0.6351785376323953,1.5246818597062815,4.451743906877272,0.3191542613703916,0.34440000057428355,health_statusHIV,ALDEx2
KO_5,5.800256461369478,5.921937670291083,4.923876875645584,-0.8087804254993571,1.8346444564644964,-0.41050510959426256,0.3237352536200722,health_statusHIV,ALDEx2
KO_6,4.903345796804924,5.039079549487048,3.889289574092763,-1.01328202661567,1.9121137229308496,-0.48791579641430666,0.29680000081133423,health_statusHIV,ALDEx2
KO_7,6.094303407026343,6.217212202112343,4.938183276777595,-1.0252857902763406,2.113724515696726,-0.4492051755781614,0.3107378531656026,health_statusHIV,ALDEx2
KO_8,3.4513062523570848,3.425288730074049,3.5696446154858075,0.4482929280903267,3.715658397004202,0.07057049579007381,0.4218000002672034,health_statusHIV,ALDEx2
KO_9,-6.905167301183339,-7.41313445611467,-0.9632705638193864,5.01373233111911,7.586823586492118,0.5964014956525299,0.2762000009329034,health_statusHIV,ALDEx2
KO_10,-1.2200953594357857,-0.9086485248137359,-2.8063043489474007,-2.273271463362005,4.117028274232694,-0.5051874718261031,0.25240000109347965,health_statusHIV,ALDEx2
KO_11,2.4870972722137052,2.5458522011237097,2.2444531354379107,-0.1592494188075242,2.3626390537690893,-0.030831704584257102,0.468506298845607,health_statusHIV,ALDEx2
KO_12,-9.7386419524016965,-9.50777371075652,-11.178407012914715,-1.6600036738647628,4.963858528364994,-0.30042009558710775,0.35812837483924187,health_statusHIV,ALDEx2
KO_13,-9.184072129901,-9.215030514766923,-8.9242841883405,0.257847069410583,5.374268547580462,0.04042631053218318,0.4805038992852156,health_statusHIV,ALDEx2
KO_14,2.8133733074907687,2.974622069056775,1.0107376433207298,-1.5910133683397607,3.0156199020680057,-0.4853720448919081,0.2974000008079956,health_statusHIV,ALDEx2
KO_15,-0.6869457225627933,-5.375085954670476,1.3087473706364428,5.283982124583918,7.537443237631437,0.6375671623160166,0.23555289064545765,health_statusHIV,ALDEx2
KO_16,6.2623751579486715,6.3901070044948884,5.395505920584847,-0.840767726152043,1.8752491033790188,-0.4251404540382798,0.3234000006725701,health_statusHIV,ALDEx2
KO_17,6.018126812804676,6.140364246290973,5.170063392409718,-0.7973993032440085,1.8652491194519913,-0.40226360421988117,0.33193361390867254,health_statusHIV,ALDEx2
KO_18,6.716744127186118,6.837137987714684,5.884944083414947,-0.7582239425325787,1.8444787554881232,-0.39790769687112637,0.3308000006369387,health_statusHIV,ALDEx2
KO_19,4.234019532792987,4.373764420351493,3.2413564702257993,-0.9527813703878016,1.946982636983757,-0.4690644430240044,0.3109378131725639,health_statusHIV,ALDEx2
KO_20,-9.047980896288804,-9.133226653915958,-7.983722035979055,2.0006404610678263,7.571108480459835,0.25223409306018735,0.40391921648918494,health_statusHIV,ALDEx2
KO_21,5.243120041837887,5.39662112983086,4.469682407423386,-0.8292043584022517,1.5981381244166135,-0.4329450483557942,0.29514097262593103,health_statusHIV,ALDEx2
KO_22,-8.693303382957943,-8.806843929804835,1.2926858687042282,3.491182177525256,11.399660166068305,0.41551399317052873,0.3653269350969085,health_statusHIV,ALDEx2
KO_23,1.0472656502808375,1.132990995031089,0.6349195794268763,-0.660900570222898,3.851054180577133,-0.15231933553905153,0.40640000032333085,health_statusHIV,ALDEx2
KO_24,-8.732290950914674,-8.64917491108968,-9.375482369619196,-0.5284147183805707,5.416462748988309,-0.08532747828077968,0.4594000001362315,health_statusHIV,ALDEx2
KO_25,7.444719667456934,7.544550312402928,6.70746818564735,-0.6915603572491804,1.7104559632245784,-0.379751573247582,0.3352000006162841,health_statusHIV,ALDEx2
KO_26,5.793365411667292,5.943176556971892,4.954933693694745,-0.8507539899870022,1.7200417940931527,-0.46302829287443986,0.3067386530265966,health_statusHIV,ALDEx2
KO_27,-8.95793878638679,-8.594856658989018,-11.152902806316781,-2.760335979605151,6.374383016058063,-0.4094408844507256,0.2915416925023838,health_statusHIV,ALDEx2
KO_28,-7.396818817686672,-8.021888793541683,3.6353537284477313,11.255339732858467,8.029172361541876,1.0736373419331853,0.16756648868789967,health_statusHIV,ALDEx2
KO_29,5.330418698108583,5.474940953060594,4.193161923841587,-1.0869322691725647,2.204683393913927,-0.45704530790882464,0.3112000007339863,health_statusHIV,ALDEx2
KO_30,3.3446874670219784,3.5446035195588665,2.5277422877999127,-1.0741440489965592,1.7886844342343564,-0.4873987936175421,0.2424000011689394,health_statusHIV,ALDEx2
KO_31,-8.82531835890055,-8.560240415510183,-10.601632168905558,-1.9953947136901977,8.683708417722688,-0.2280453793301177,0.36120000050129736,health_statusHIV,ALDEx2
KO_32,5.901704802741499,5.983676318334235,5.408419453058782,-0.4968908528585203,1.7240724473052502,-0.2691574402963579,0.38092381565757044,health_statusHIV,ALDEx2
KO_33,-7.301142963071267,-7.342999910176982,-6.11301707780887,0.20878157207126335,9.64293213916107,0.021485619540711362,0.48890221959308483,health_statusHIV,ALDEx2
KO_34,5.895713073589475,6.024382524214079,4.9978127298276185,-0.8370456917575844,1.8341309210107073,-0.4443290006671941,0.3134000007226493,health_statusHIV,ALDEx2
KO_35,5.486720644745445,5.617275119193739,4.566204173011238,-0.9057748874707583,1.8473012141942098,-0.4580493363720726,0.3102000007391797,health_statusHIV,ALDEx2
KO_36,5.434743050186301,5.568066382171379,4.560722537407964,-0.8665138257077181,1.718531260539446,-0.4815210460406317,0.2983403327360774,health_statusHIV,ALDEx2
KO_37,2.3560874221946815,2.4095369694500954,2.1374914127308924,-0.13821454703086467,2.800920911038456,-0.02281321286589351,0.47370525903606747,health_statusHIV,ALDEx2
KO_38,-8.153465079412646,-8.247492421696549,-7.012317173066455,1.4260479288811059,5.899684040029046,0.21780548715559142,0.40351929647467827,health_statusHIV,ALDEx2
KO_39,-9.069208336746946,-9.084989073280354,-8.963492032422355,0.15597030876612372,5.142933444650985,0.026909254242860933,0.48630273949778335,health_statusHIV,ALDEx2
KO_40,4.9454513723992655,4.8791939706960985,5.4945668500851355,0.3771944853078675,1.8029269975969995,0.1950130274347004,0.4124000003012468,health_statusHIV,ALDEx2
KO_41,5.289298543970205,5.409978973024845,4.041378790289933,-1.04261161257012,2.4433645821343615,-0.4133678899720684,0.33193361390867254,health_statusHIV,ALDEx2
KO_42,3.1830109052307325,3.307647370476571,2.4632552673058212,-0.755107606099056,1.602913435627789,-0.4361156421113679,0.3053389329780426,health_statusHIV,ALDEx2
KO_43,2.5512932006197397,2.482289712619105,3.0605227753118016,0.6076045588513468,2.529552075578902,0.18471948109381417,0.38592281583789,health_statusHIV,ALDEx2
KO_44,3.0972047530239455,3.2418398497623557,2.323072117107045,-0.9008744701394402,1.7716316145994844,-0.3964548642409674,0.2912000008430127,health_statusHIV,ALDEx2
KO_45,3.544192434797272,3.5994280867533304,3.260302796220979,-0.26367739541495716,1.3584076252943467,-0.18559870825233454,0.41600000028813217,health_statusHIV,ALDEx2
KO_46,1.419722079088766,1.4029809104119506,1.5186236478206991,0.3829062081839898,2.682395628498634,0.09551370972010467,0.417600000282335,health_statusHIV,ALDEx2
KO_47,4.399738503524445,4.5190860948658385,3.6266930197213583,-0.7246779231122686,1.76418847151422,-0.37873007370487455,0.33773245411362285,health_statusHIV,ALDEx2
KO_48,-1.7125301496307372,-2.1523609705421682,3.5454185700188616,4.298740287010594,6.6144139510884745,0.5648911164473744,0.25200000109639836,health_statusHIV,ALDEx2
KO_49,3.012601704222795,2.2484836755338637,4.694807225061996,1.6641820245727064,5.604523698130192,0.3553011385661048,0.2956000008180427,health_statusHIV,ALDEx2
KO_50,5.508736331400084,5.626184706634623,4.791368566136793,-0.6773696909232467,1.6682788728890894,-0.3735892492306858,0.3481303744826746,health_statusHIV,ALDEx2
KO_51,4.917204595832752,5.4009665877136985,0.967604859703922,-3.92926698420865,5.512431585567043,-0.6100997979293026,0.22875425043086592,health_statusHIV,ALDEx2
KO_52,6.4355497815729485,6.554997985475422,5.624981696201756,-0.8071160219905216,1.7381629582366878,-0.4350130508646649,0.314200000718556,health_statusHIV,ALDEx2
KO_53,1.9797482459257143,1.8913833537338363,2.3047656629007665,0.252558854256383,6.234710940748181,0.03718333076705829,0.47290541900676203,health_statusHIV,ALDEx2
KO_54,-6.387915474469808,-5.561211064685253,-10.269641399402659,-3.9848208404070276,11.393724639802926,-0.42340113038023663,0.28200000089722566,health_statusHIV,ALDEx2
KO_55,-8.996223906153803,-8.68157155401202,-11.013868495248236,-2.3573971275591292,6.975776917227989,-0.2833504061273032,0.32460000066671274,health_statusHIV,ALDEx2
KO_56,-5.557314605416186,-6.276250119427601,0.8889433730098366,5.747994567179644,6.878307043313998,0.7407307584170142,0.2302000012687543,health_statusHIV,ALDEx2
KO_57,4.954391716607943,5.083626115901083,4.0982536520061785,-0.8378123251027967,1.8211455825254403,-0.4262336884280502,0.3201359734938261,health_statusHIV,ALDEx2
KO_58,-9.751553098923335,-9.51339878180234,-11.203374769261833,-1.7097562837057536,4.850088508004744,-0.3037207335769415,0.34680000056357574,health_statusHIV,ALDEx2
KO_59,-9.178593427476764,-8.950645185818653,-10.84828079795976,-1.7259461152869644,6.805465145920003,-0.23357502697740226,0.37112577530499713,health_statusHIV,ALDEx2
KO_60,5.950246559061171,6.0734097331331025,5.035126439386795,-0.8674601841871743,1.9043012942778117,-0.42395524315043126,0.3141371732840761,health_statusHIV,ALDEx2
KO_61,4.773143067598327,4.900499616638822,3.781725343802288,-0.8649150988473666,1.9712384898836781,-0.41549526077184984,0.3253349336762729,health_statusHIV,ALDEx2
KO_62,5.603476089896237,5.718009875619474,4.803677581491758,-0.7482923152312217,1.850534591257956,-0.38258847201996593,0.33440000062001135,health_statusHIV,ALDEx2
KO_63,6.135541937057933,6.249207957688489,5.343110626291018,-0.6925822213014579,1.611037507964213,-0.39113257235781734,0.32753449375363897,health_statusHIV,ALDEx2
KO_64,-6.35232841360736,-6.5149771765031534,-2.9259750413811014,1.434846126678691,8.225875250397989,0.16710985829519187,0.426400000250767,health_statusHIV,ALDEx2
KO_65,4.22977574259521,4.3635492364999156,3.1950462367868733,-1.0021525636351103,1.9568152634117006,-0.48185391463345073,0.2996000007958448,health_statusHIV,ALDEx2
KO_66,4.986995590289028,5.104800248905954,4.181568688789818,-0.7512494893040729,1.7955644214519246,-0.39157476249889994,0.33393321397927095,health_statusHIV,ALDEx2
KO_67,3.492578574124989,3.6210053977892587,2.634603051833439,-0.7725414132317567,1.761149741787393,-0.4155256834354102,0.3260000006599186,health_statusHIV,ALDEx2
KO_68,1.7500989983130681,2.2316528376276086,-2.2000460457248545,-3.9047947549563626,5.3340737281309565,-0.6540920517807631,0.22935413044967853,health_statusHIV,ALDEx2
KO_69,5.482829303048229,5.605576629951863,4.556567078847131,-0.8469218416329878,1.9560015638754962,-0.41492608949287135,0.32580000066088655,health_statusHIV,ALDEx2
KO_70,-8.936005423292801,-8.70586851123767,-10.630540774952582,-1.8966102298118477,7.539965522550077,-0.23294306755734479,0.36780000047378764,health_statusHIV,ALDEx2
KO_71,2.245824705779974,2.3963551851957936,1.3484131494410834,-0.8419149850783745,1.9469939981638191,-0.411887731165425,0.326134773704394,health_statusHIV,ALDEx2
KO_72,-6.628466760740671,-6.872504667066729,-4.195663720721019,2.080263379845549,5.571226972264939,0.3415005616777268,0.35032993456098216,health_statusHIV,ALDEx2
KO_73,-7.142157187571341,-7.334251456300398,-4.5810856919559555,1.8927824804137945,5.858201854165585,0.2901631356157509,0.3705258952834503,health_statusHIV,ALDEx2
KO_74,-6.114469682209587,-6.585746209174046,0.8901976928063764,3.949918105551331,9.57731974135164,0.4083960704157804,0.3331333739510223,health_statusHIV,ALDEx2
KO_75,-9.001753501899168,-8.674902076428136,-11.120632651321923,-2.370675843554186,5.081493747870175,-0.4124437540519409,0.31080000073606034,health_statusHIV,ALDEx2
KO_76,-9.102984660011876,-9.149516556862913,-8.639407474761658,1.5252268214703122,8.729349693279769,0.18159201199041064,0.41791641699773446,health_statusHIV,ALDEx2
KO_77,3.709046994865823,3.870617733940445,2.5691966992743693,-1.0473753386112712,2.3554691872826847,-0.3852738504106337,0.321535693542888,health_statusHIV,ALDEx2
KO_78,5.369915889156124,5.496816121435325,4.2784808897114885,-0.9601118986511676,1.9358458536185688,-0.4624451698614137,0.30160000078491933,health_statusHIV,ALDEx2
KO_79,5.413819987166039,5.561728169193306,4.694916403558393,-0.9194184977129645,1.5541711821379405,-0.5526485516865276,0.26634673164991357,health_statusHIV,ALDEx2
KO_80,6.631073563153759,6.775188603525631,5.837520601494338,-0.7882065473693913,1.5465276684728804,-0.4664047158751987,0.3081383730752017,health_statusHIV,ALDEx2
KO_1,5.434517410237019,5.1837302260932665,5.650224363655894,0.4697165389657103,1.7769981782077555,0.25741898269036834,0.39172165604740194,studyKervinen_2022,ALDEx2
KO_2,-5.673441544602843,-3.391504694778887,-7.236389540079006,-3.5122708660547186,6.459897811782262,-0.5202509987530213,0.2835432922293101,studyKervinen_2022,ALDEx2
KO_3,-9.573986018528483,-10.445053616860713,-8.601261144473288,1.773014029600179,4.660916789858851,0.3365495611301084,0.3423315342766209,studyKervinen_2022,ALDEx2
KO_4,-0.17086732455231246,0.06079050733712599,-1.1279452341953666,-1.0101702511190922,6.27306899316888,-0.16071476616841157,0.41931613704867177,studyKervinen_2022,ALDEx2
KO_5,5.800256461369478,5.425266752613394,6.09042268487908,0.6436461225967078,1.9005738277434485,0.3248701140155881,0.3599280149035883,studyKervinen_2022,ALDEx2
KO_6,4.903345796804924,4.543044246005424,5.236625575491187,0.7489436090611052,1.9578384029155003,0.3641593728478511,0.34473105436181334,studyKervinen_2022,ALDEx2
KO_7,6.094303407026343,5.787741338115903,6.4424162640578215,0.7991086773324634,2.1120553537385125,0.3611409646206829,0.3494000005520858,studyKervinen_2022,ALDEx2
KO_8,3.4513062523570848,3.5821548428463656,3.3132956465187733,-0.6798733859873431,10.293571153210324,-0.0804067116541656,0.40780000031815167,studyKervinen_2022,ALDEx2
KO_9,-6.905167301183339,-3.0615725062824204,-8.441264168801634,-4.905533290850337,7.48049363708018,-0.5916653727743615,0.27234553185074156,studyKervinen_2022,ALDEx2
KO_10,-1.2200953594357857,-1.9441873425955203,-0.6117436307884541,1.2515091510335008,3.735097875098755,0.2907279136655141,0.3514000005433239,studyKervinen_2022,ALDEx2
KO_11,2.4870972722137052,2.6070866089242424,2.38621106525652,-0.5848499879296618,6.943697817599542,-0.09247361763149733,0.4058000003255556,studyKervinen_2022,ALDEx2
KO_12,-9.7386419524016965,-10.277291355142523,-9.162319798109863,1.0256743893078042,4.891485813916881,0.1831587278878522,0.4105178967287356,studyKervinen_2022,ALDEx2
KO_13,-9.184072129901,-9.214313094243789,-9.153856318918466,-0.09851986729677797,5.1422116960895226,-0.01442538720027468,0.49150169968839247,studyKervinen_2022,ALDEx2
KO_14,2.8133733074907687,2.358624791428005,3.2085545899546175,1.1066518503215934,2.8620769273950217,0.35443973994798905,0.34080000059053417,studyKervinen_2022,ALDEx2
KO_15,-0.6869457225627933,0.45170112349251923,-6.363287193990981,-1.4261881325993508,9.257812602365771,-0.18983667988444594,0.39792041627173924,studyKervinen_2022,ALDEx2
KO_16,6.2623751579486715,5.8839321315369375,6.5503153793578255,0.6531063641339019,1.8793178411397982,0.328830460886979,0.3586000005123053,studyKervinen_2022,ALDEx2
KO_17,6.018126812804676,5.639791283913416,6.30588467905671,0.645248937740889,1.8801200751421665,0.332032717959708,0.361327734953668,studyKervinen_2022,ALDEx2
KO_18,6.716744127186118,6.344336837743206,7.0027680454397245,0.6037095657232867,1.8664324044373006,0.3102914880395408,0.3662000004804014,studyKervinen_2022,ALDEx2
KO_19,4.234019532792987,3.913454437515771,4.499573051061307,0.6189812317978776,2.0280794376585742,0.2859841699954583,0.37732453552791795,studyKervinen_2022,ALDEx2
KO_20,-9.047980896288804,-9.1929081964009,-8.895077004185172,0.06107033663631345,6.470894299678525,0.00835484322974217,0.49640000001200085,studyKervinen_2022,ALDEx2
KO_21,5.243120041837887,5.059394761759764,5.4071795400150435,0.31419516730232955,1.8012179840026756,0.13044118637018404,0.4293141374128939,studyKervinen_2022,ALDEx2
KO_22,-8.693303382957943,-8.010982055615683,-9.173428445552668,-2.247556629763422,8.618023823997198,-0.2853801579193811,0.3746000004460571,studyKervinen_2022,ALDEx2
KO_23,1.0472656502808375,0.4299911599889157,1.639392550230907,1.4447758215495177,3.8802888164202565,0.3195439858561817,0.31993601348682105,studyKervinen_2022,ALDEx2
KO_24,-8.732290950914674,-9.929232458936003,-7.397871162961336,2.511436117446485,4.966945523261293,0.4596930526978493,0.2897420524407609,studyKervinen_2022,ALDEx2
KO_25,7.444719667456934,7.162138782326083,7.696549648297127,0.5827046551817561,1.7597353141586907,0.31838341396844005,0.3647270550754085,studyKervinen_2022,ALDEx2
KO_26,5.793365411667292,5.560136703588832,5.994848532704397,0.39431454780864206,1.859996650709002,0.201502145221988,0.4137172568450084,studyKervinen_2022,ALDEx2
KO_27,-8.95793878638679,-10.217725153505771,-7.445949146790838,3.249382004767134,7.125485165096934,0.46087249869164393,0.2741451719112689,studyKervinen_2022,ALDEx2
KO_28,-7.396818817686672,3.0249575533038673,-9.197358332513549,-11.085178811850177,8.70099179238166,-1.0534608775673426,0.1781643689575115,studyKervinen_2022,ALDEx2
KO_29,5.330418698108583,4.97122307084917,5.582396657277835,0.6674743091623685,2.186506145142935,0.28276323189274855,0.3818000004173218,studyKervinen_2022,ALDEx2
KO_30,3.3446874670219784,3.0349895173041452,3.723651775985018,0.6908343533707249,2.24131411622715,0.2567815832899336,0.3649270150825744,studyKervinen_2022,ALDEx2
KO_31,-8.82531835890055,-9.991851787707915,-7.440382228663283,2.980936729545469,8.845654422839981,0.35402171358399526,0.2915416925023838,studyKervinen_2022,ALDEx2
KO_32,5.901704802741499,5.693018379753858,6.129789182848237,0.3907117084285079,1.7623070244090844,0.21437604743261307,0.40620000032407216,studyKervinen_2022,ALDEx2
KO_33,-7.301142963071267,-7.491233402679416,-7.17245679871592,0.19772431235232268,9.094618300548493,0.02182089038848123,0.48920000003601655,studyKervinen_2022,ALDEx2
KO_34,5.895713073589475,5.54185529928109,6.1931352390859935,0.6757593336640326,1.8739297011161526,0.35115816338748274,0.34900000055384645,studyKervinen_2022,ALDEx2
KO_35,5.486720644745445,5.149287008865112,5.78731852047626,0.6910906896209541,1.891609266821523,0.34710622085005455,0.34973005453961753,studyKervinen_2022,ALDEx2
KO_36,5.434743050186301,5.148343725831368,5.722799330242202,0.6282199855054733,1.8772593889780946,0.3329493937166852,0.3583283348463895,studyKervinen_2022,ALDEx2
KO_37,2.3560874221946815,2.3168305367587303,2.4010084340472417,-0.07785732826756986,8.280797284403832,-0.01092841621569055,0.48740000004202677,studyKervinen_2022,ALDEx2
KO_38,-8.153465079412646,-8.007882657158266,-8.252371842127891,-0.6306341603988557,5.232381525453918,-0.11023590445229862,0.4512000001642314,studyKervinen_2022,ALDEx2
KO_39,-9.069208336746946,-9.249255099463465,-8.878202651710422,0.32686839427263426,5.001012353339189,0.05665958553083233,0.4713057389481549,studyKervinen_2022,ALDEx2
KO_40,4.9454513723992655,5.256041445976632,4.628074695575242,-0.6719256248864629,1.8369302441759272,-0.33971794544654127,0.3514000005433239,studyKervinen_2022,ALDEx2
KO_41,5.289298543970205,4.819647596549629,5.819239927551467,0.8819172963281732,2.3017700818838733,0.36725467033646064,0.34400000057607766,studyKervinen_2022,ALDEx2
KO_42,3.1830109052307325,2.8412651847570216,3.5760543941635086,0.7642877845478773,1.705361290597128,0.43371463646503977,0.3211357735288654,studyKervinen_2022,ALDEx2
KO_43,2.5512932006197397,2.9006043433344586,1.3385542562177237,-1.9198702648211485,3.386269823930501,-0.5359675433770741,0.28300000089119515,studyKervinen_2022,ALDEx2
KO_44,3.0972047530239455,2.8940141458424407,3.260445016169492,0.41066898873112656,1.9328441530109952,0.15652921641536646,0.4114000003049077,studyKervinen_2022,ALDEx2
KO_45,3.544192434797272,3.5573940798286112,3.5332387446448044,-0.13148916138643418,1.4452206853208862,-0.08166035472842267,0.46610677875772466,studyKervinen_2022,ALDEx2
KO_46,1.419722079088766,1.4341359147419457,1.406312337433386,-0.2857354961263425,4.918359037970226,-0.05831814669975799,0.4488000001724756,studyKervinen_2022,ALDEx2
KO_47,4.399738503524445,4.040581140081194,4.684549917516195,0.6334698130148722,1.8117381868255862,0.32977968768980104,0.35900000051060543,studyKervinen_2022,ALDEx2
KO_48,-1.7125301496307372,1.9602206508860842,-2.911564485081853,-3.5733718566045685,7.172987789794827,-0.43984693768769345,0.3206000006863604,studyKervinen_2022,ALDEx2
KO_49,3.012601704222795,4.5161575664370766,-1.8143366785355246,-5.056983317599753,5.227921735167181,-0.8720086010215298,0.1642000020390314,studyKervinen_2022,ALDEx2
KO_50,5.508736331400084,5.252764686698091,5.740768692544313,0.4604560813478491,1.7180306444316509,0.2565841534202819,0.39112177602571213,studyKervinen_2022,ALDEx2
KO_51,4.917204595832752,2.8738824385757953,5.752010051851279,2.266954040310197,5.82618282686724,0.3333723468546519,0.34173165425533764,studyKervinen_2022,ALDEx2
KO_52,6.4355497815729485,6.119257697067339,6.708102548437789,0.5997947040308835,1.7876210946292286,0.32601826982284793,0.3597280548964361,studyKervinen_2022,ALDEx2
KO_53,1.9797482459257143,2.067143793144741,1.8606746621652408,-0.5270916376488319,7.9038529377902105,-0.06272679186910757,0.44940000017041193,studyKervinen_2022,ALDEx2
KO_54,-6.387915474469808,-7.852435296913998,-5.026049811411604,1.5859543721369533,11.755549807462561,0.14648927140046672,0.3901219759895703,studyKervinen_2022,ALDEx2
KO_55,-8.996223906153803,-10.292406029336636,-7.412968846445942,3.3603259255309084,7.867678173237976,0.44340380969647725,0.2588000010478434,studyKervinen_2022,ALDEx2
KO_56,-5.557314605416186,-2.4806350001693787,-6.737288527159543,-3.236718164663439,8.15764510653667,-0.3803747609307031,0.35900000051060543,studyKervinen_2022,ALDEx2
KO_57,4.954391716607943,4.616824789676199,5.1863820867783845,0.5389838456371128,1.900156721516998,0.271140840912716,0.37932413559992856,studyKervinen_2022,ALDEx2
KO_58,-9.751553098923335,-10.300268402752287,-9.163563203319027,1.024045922552852,4.921361764102513,0.18484843471800988,0.41100000030637407,studyKervinen_2022,ALDEx2
KO_59,-9.178593427476764,-9.19207260581845,-9.168579035582088,-0.37018181146683915,6.53677511120188,-0.05207171003995668,0.47370525903606747,studyKervinen_2022,ALDEx2
KO_60,5.950246559061171,5.598476283195585,6.229680724212518,0.6863715565657889,1.9350623468700023,0.3431452054963758,0.35712857480351545,studyKervinen_2022,ALDEx2
KO_61,4.773143067598327,4.49792966279861,5.090394838472353,0.6059503394931549,1.9943300328415128,0.2895797364338636,0.37792441554951606,studyKervinen_2022,ALDEx2
KO_62,5.603476089896237,5.278947533912985,5.863224266695619,0.6155738787825067,1.8636194211224355,0.31430275897413296,0.36952609524754887,studyKervinen_2022,ALDEx2
KO_63,6.135541937057933,5.830961402184151,6.460338436128847,0.55193801383786,1.6435919006205943,0.32084270506767704,0.3632000004928968,studyKervinen_2022,ALDEx2
KO_64,-6.35232841360736,-6.462856958911896,-6.296748796422769,-0.17899296465723147,7.476185180660402,-0.02174503918206127,0.4920000000266737,studyKervinen_2022,ALDEx2
KO_65,4.22977574259521,3.8328662139454632,4.472398097225073,0.6416525859556925,2.0053375062400947,0.3083667468796847,0.36832633520448443,studyKervinen_2022,ALDEx2
KO_66,4.986995590289028,4.697122095066257,5.19395579340749,0.5166839740110962,1.8958255156383363,0.2554763779769716,0.3890000003891806,studyKervinen_2022,ALDEx2
KO_67,3.492578574124989,3.190757856443874,3.7170779352888705,0.4891114421311018,1.8520703070921916,0.2553641639494155,0.39092181601848264,studyKervinen_2022,ALDEx2
KO_68,1.7500989983130681,-0.306244108940132,2.5836331697122152,2.2070119159908583,5.581614214662581,0.3539500457871403,0.3460000005671338,studyKervinen_2022,ALDEx2
KO_69,5.482829303048229,5.139161663717239,5.750551501216931,0.6195073972446559,1.9705172986201522,0.3028474435381011,0.3759248154775396,studyKervinen_2022,ALDEx2
KO_70,-8.936005423292801,-10.180140070242238,-7.428436306040642,3.1467388463110897,7.072130509203121,0.45263650839933445,0.2747450519314721,studyKervinen_2022,ALDEx2
KO_71,2.245824705779974,2.004190405305585,2.4528494252033237,0.4578789849194198,2.0519779881203952,0.21917462239392924,0.4026000003374727,studyKervinen_2022,ALDEx2
KO_72,-6.628466760740671,-5.525507229121204,-7.286308273499857,-1.8477276041917374,5.588928272895496,-0.3082560041981568,0.37152569531936513,studyKervinen_2022,ALDEx2
KO_73,-7.142157187571341,-6.522109948672344,-7.539482841778955,-1.210634785552121,5.818486336072099,-0.19782278889622398,0.4156000002895842,studyKervinen_2022,ALDEx2
KO_74,-6.114469682209587,-2.2714392515085144,-6.807804109613817,-2.4851347235916084,9.430435935005297,-0.2670354725072229,0.38640000039927713,studyKervinen_2022,ALDEx2
KO_75,-9.001753501899168,-10.140782239843093,-7.8570612295605455,2.1426861490827305,4.880329469570223,0.3902193334859215,0.3158000007104163,studyKervinen_2022,ALDEx2
KO_76,-9.102984660011876,-9.033865930230437,-9.162871600726698,-0.5920957856114848,6.473623215703362,-0.08310047576041255,0.45770845845026864,studyKervinen_2022,ALDEx2
KO_77,3.709046994865823,3.4885181975730624,3.995905187972082,0.49255425992871826,2.449583052054812,0.15332576222646827,0.42531493726712716,studyKervinen_2022,ALDEx2
KO_78,5.369915889156124,4.965837430895638,5.669631772703519,0.7299710670100534,1.9526429426086134,0.36172706664915005,0.3500000005494506,studyKervinen_2022,ALDEx2
KO_79,5.413819987166039,5.234519152290472,5.5576220210453116,0.47406141501910337,1.786506115352093,0.2532221890108327,0.38972205597511644,studyKervinen_2022,ALDEx2
KO_80,6.631073563153759,6.440891423651772,6.818935401104863,0.3242934848953092,1.7110406185158262,0.17946227829327283,0.42040000027223273,studyKervinen_2022,ALDEx2
KO_1,5.434517410237019,5.325277593229866,6.053008585615597,0.6121360960401336,1.5211029033701222,0.37214779504709283,0.3486473888148571,studyLivson_2022,ALDEx2
KO_2,-5.673441544602843,-5.556328335557804,-6.213434492839916,-1.1848291397974267,6.38998527720628,-0.1687639017311922,0.4229424111759427,studyLivson_2022,ALDEx2
KO_3,-9.573986018528483,-9.54555334218323,-9.767488533153742,-0.33111182318867005,4.704612472926211,-0.05919060128981275,0.4681743997717118,studyLivson_2022,ALDEx2
KO_4,-0.17086732455231246,-0.2811578616168662,0.9413330044848802,1.197413244803446,6.110037431389431,0.1918678658829123,0.38456156771682803,studyLivson_2022,ALDEx2
KO_5,5.800256461369478,5.696816019208853,6.336687959323715,0.5552819661956501,1.6171157614434328,0.32149775632734817,0.36861739397109566,studyLivson_2022,ALDEx2
KO_6,4.903345796804924,4.796180811070771,5.487403722469656,0.5404634512015516,1.6745795749738281,0.29965654756519633,0.3826066687838587,studyLivson_2022,ALDEx2
KO_7,6.094303407026343,5.99936956524807,6.5837744902645605,0.4395065083101346,1.7897289370289933,0.232416324993666,0.4021916535266927,studyLivson_2022,ALDEx2
KO_8,3.4513062523570848,3.3720651422558947,4.406391296275002,0.9420222383314116,10.652030896141259,0.10329137651969574,0.3378409893963686,studyLivson_2022,ALDEx2
KO_9,-6.905167301183339,-6.893499054385128,-7.0343590645589025,-0.2994875172576261,7.877952929363259,-0.035578200462227816,0.48309629291881695,studyLivson_2022,ALDEx2
KO_10,-1.2200953594357857,-1.2282820530743024,-1.0655237575779894,-0.07676901532279334,3.7936266923894086,-0.015195876250285238,0.49160447765000115,studyLivson_2022,ALDEx2
KO_11,2.4870972722137052,2.378607208327465,3.713550681309582,1.1909563566386074,2.768999700908704,0.21574868812168074,0.26020051435090286,studyLivson_2022,ALDEx2
KO_12,-9.7386419524016965,-9.735775880177421,-9.757648179976432,-0.09383918243954703,4.679905990575381,-0.01786632719810667,0.4906716418333376,studyLivson_2022,ALDEx2
KO_13,-9.184072129901,-9.102344653053361,-9.803458106058933,-0.8255954169123356,4.805431976404643,-0.15548767078295156,0.4235074630415552,studyLivson_2022,ALDEx2
KO_14,2.8133733074907687,2.693011038682654,3.5623309240042764,0.707414483472026,2.3362688251006,0.272273625452302,0.3756996274661359,studyLivson_2022,ALDEx2
KO_15,-0.6869457225627933,-0.13887917590471854,-7.578950874901434,-1.7075903322503927,9.519118309692201,-0.20865751761348827,0.39085820947462485,studyLivson_2022,ALDEx2
KO_16,6.2623751579486715,6.157580583931479,6.81122728648239,0.559911501351325,1.5866389506713294,0.31849398955607533,0.3701026125716302,studyLivson_2022,ALDEx2
KO_17,6.018126812804676,5.916547717126693,6.550293634515315,0.5526532072616055,1.6424675653743908,0.306568159692697,0.37188155809377654,studyLivson_2022,ALDEx2
KO_18,6.716744127186118,6.6215839165133605,7.237069102227371,0.547655770351358,1.589826195500744,0.3142201304396731,0.3763992543279868,studyLivson_2022,ALDEx2
KO_19,4.234019532792987,4.106209548230327,4.93692283156826,0.6547788779780856,1.7068896117549661,0.3538209039999815,0.3547108216147291,studyLivson_2022,ALDEx2
KO_20,-9.047980896288804,-8.943989869112102,-9.752258344860541,-1.0617535440806307,5.47257013091172,-0.17158736016964304,0.4067164183484745,studyLivson_2022,ALDEx2
KO_21,5.243120041837887,5.138544499381396,5.856576836263086,0.6408093554881455,1.5912032875577355,0.3518905079846605,0.3346548515876571,studyLivson_2022,ALDEx2
KO_22,-8.693303382957943,-8.526214563858609,-9.768618429884205,-1.728827829994498,6.516244749018041,-0.23624322782832302,0.3680037319863325,studyLivson_2022,ALDEx2
KO_23,1.0472656502808375,1.1926509165310648,-1.8137974960534287,-2.3053830544801466,4.096830947696818,-0.49185154575033574,0.2835159722957799,studyLivson_2022,ALDEx2
KO_24,-8.732290950914674,-8.56939909264084,-9.784496449425244,-1.3931045610308361,4.8953113868195866,-0.25015277297645866,0.3821403596233812,studyLivson_2022,ALDEx2
KO_25,7.444719667456934,7.3549951636083994,7.9473809498865915,0.48163226644508095,1.5123529797620154,0.29313131914176027,0.3830729779443387,studyLivson_2022,ALDEx2
KO_26,5.793365411667292,5.680076821940916,6.492701377125982,0.7473753182874474,1.603200331462725,0.4314660205319947,0.3215951501802568,studyLivson_2022,ALDEx2
KO_27,-8.95793878638679,-8.831561039204264,-9.77111209582779,-1.3332631068709704,6.036037080320373,-0.2049831586432702,0.39295709006068186,studyLivson_2022,ALDEx2
KO_28,-7.396818817686672,-7.455044707808208,-6.675567926122865,1.2351014293412832,12.855372264698339,0.10228738024747532,0.4076492541646789,studyLivson_2022,ALDEx2
KO_29,5.330418698108583,5.183263074237811,6.103494809770552,0.7200458287010303,1.823795180864208,0.3714993911443655,0.34250408099723445,studyLivson_2022,ALDEx2
KO_30,3.3446874670219784,3.3392703263879606,3.390315071578338,0.10686478891327811,1.936614863839301,0.040237325531556116,0.4775005829885848,studyLivson_2022,ALDEx2
KO_31,-8.82531835890055,-8.677506031439407,-9.719923650628068,-1.4887078756248684,6.353126176139602,-0.20192492752685587,0.3850279856247929,studyLivson_2022,ALDEx2
KO_32,5.901704802741499,5.842982319610054,6.344578868358093,0.4943986944638703,1.5712217473294903,0.2926713149774315,0.37677780427814495,studyLivson_2022,ALDEx2
KO_33,-7.301142963071267,-6.948392017434343,-9.351790743393746,-2.8080753218270074,8.064608722627703,-0.35841371631980684,0.34095149333930336,studyLivson_2022,ALDEx2
KO_34,5.895713073589475,5.790485352963352,6.445638120391597,0.5572061941731135,1.5813688732702036,0.33147617845228844,0.37126865734127373,studyLivson_2022,ALDEx2
KO_35,5.486720644745445,5.388972310841849,6.038406982747992,0.5403177681320428,1.6510079540817117,0.29283884722035036,0.38526119457877656,studyLivson_2022,ALDEx2
KO_36,5.434743050186301,5.33209445640489,6.04300940785565,0.5245885523064588,1.5866654323641387,0.3129739892739982,0.3754664185121873,studyLivson_2022,ALDEx2
KO_37,2.3560874221946815,2.260849106106877,3.380533691271789,0.8799398478927491,7.782142474083498,0.12465828744410193,0.33605410531015717,studyLivson_2022,ALDEx2
KO_38,-8.153465079412646,-8.166186258775983,-8.02717066013373,0.202425703330829,5.4259459825082095,0.032443321688339036,0.4834421642542304,studyLivson_2022,ALDEx2
KO_39,-9.069208336746946,-8.969148782666949,-9.802822219897282,-0.9885474383218638,4.732405274751152,-0.1807680375832159,0.4137126869702402,studyLivson_2022,ALDEx2
KO_40,4.9454513723992655,4.960587355187256,4.87598218068658,0.03501189664165549,1.6751063782230786,0.019875126111537113,0.4900909303316865,studyLivson_2022,ALDEx2
KO_41,5.289298543970205,5.19452244916889,5.705043040318833,0.4671528419354485,2.083870890030465,0.20395338414066255,0.41035206383764805,studyLivson_2022,ALDEx2
KO_42,3.1830109052307325,3.128805371792032,3.506514599573766,0.24947066533822415,1.4908008096064873,0.14763556800670208,0.4399626955429147,studyLivson_2022,ALDEx2
KO_43,2.5512932006197397,2.4539126973374317,2.9056387845029583,0.6804022176968187,2.3172391772082603,0.2241738619826631,0.36893656780201073,studyLivson_2022,ALDEx2
KO_44,3.0972047530239455,2.9820499304377064,3.8312553129748506,0.8115399092536473,1.665942117846423,0.4034749149663565,0.31242714018217776,studyLivson_2022,ALDEx2
KO_45,3.544192434797272,3.4674040546966287,4.084368577323505,0.5585540740676191,1.2173315634171678,0.41681449922839997,0.32089552331928656,studyLivson_2022,ALDEx2
KO_46,1.419722079088766,1.4406185984096767,1.1956535392253107,-0.24969317046969852,4.666107335224013,-0.05118439048340878,0.45079291067295857,studyLivson_2022,ALDEx2
KO_47,4.399738503524445,4.304530371120156,4.912394134949712,0.5135491546670172,1.5739867940805712,0.3107341626625365,0.3753788767968552,studyLivson_2022,ALDEx2
KO_48,-1.7125301496307372,-1.5231172363852208,-2.6051441909461817,-1.2267720522480552,7.485162339895233,-0.1643705400576731,0.4280718119438248,studyLivson_2022,ALDEx2
KO_49,3.012601704222795,2.8459195442728813,4.351281722475928,1.290546089433068,5.885509794235965,0.23660378613608757,0.3497318729796068,studyLivson_2022,ALDEx2
KO_50,5.508736331400084,5.413445921288819,5.985570103711302,0.5134857495039862,1.4615563514320415,0.3263703481119883,0.3658195390089512,studyLivson_2022,ALDEx2
KO_51,4.917204595832752,4.842276047577019,5.696363556095774,1.2815774310951364,5.205099720206258,0.21983795896463793,0.37849813491358747,studyLivson_2022,ALDEx2
KO_52,6.4355497815729485,6.343607809949484,6.954698321269416,0.5358688111827856,1.5503679247900202,0.32529815598622364,0.3693168577116543,studyLivson_2022,ALDEx2
KO_53,1.9797482459257143,1.9386541432036521,2.579474921898,1.2048109258549706,6.693376785532661,0.16359855692217748,0.3916996974138044,studyLivson_2022,ALDEx2
KO_54,-6.387915474469808,-6.580670538294808,3.0041850315773067,1.409681911715826,12.561908549578401,0.11985401938343954,0.38013059759132595,studyLivson_2022,ALDEx2
KO_55,-8.996223906153803,-8.87464149740189,-9.80204482207397,-1.157707161142528,6.033761022187775,-0.15958930172818003,0.4091862909360372,studyLivson_2022,ALDEx2
KO_56,-5.557314605416186,-5.436311636265544,-7.024142819627552,-1.6531060199587198,8.3480881623269,-0.1916249290011091,0.4152483100245742,studyLivson_2022,ALDEx2
KO_57,4.954391716607943,4.839784838585256,5.591308392415664,0.6508648379186797,1.6080785977109513,0.36435357555593295,0.35765912870354905,studyLivson_2022,ALDEx2
KO_58,-9.751553098923335,-9.746979808665582,-9.796967252136707,-0.22342996415986605,4.811337065234962,-0.03756775459094845,0.4806436568042764,studyLivson_2022,ALDEx2
KO_59,-9.178593427476764,-9.149961342747401,-9.412765714248344,-0.30783635613615257,6.34901677427263,-0.042127165360811486,0.47481343295026146,studyLivson_2022,ALDEx2
KO_60,5.950246559061171,5.841313738224257,6.5437049276980535,0.602351309152124,1.6515231876422822,0.3382358846820261,0.3614738812770404,studyLivson_2022,ALDEx2
KO_61,4.773143067598327,4.661496971519268,5.365306637124846,0.5445563534533431,1.7351875006380353,0.3011344282935048,0.38549440353276077,studyLivson_2022,ALDEx2
KO_62,5.603476089896237,5.509088734493778,6.158574634733782,0.5154366882076156,1.584792998791043,0.3159070391979516,0.3737467947353925,studyLivson_2022,ALDEx2
KO_63,6.135541937057933,6.064949686318966,6.493320856171915,0.3877134882260176,1.4152234742397138,0.24218834656886712,0.3986943348222395,studyLivson_2022,ALDEx2
KO_64,-6.35232841360736,-6.162968057886196,-7.892334948576212,-1.833502345631275,7.062142157772611,-0.2395272037723178,0.3871268662106756,studyLivson_2022,ALDEx2
KO_65,4.22977574259521,4.102071846335789,4.908503442524985,0.6987368119509441,1.6876734406415919,0.3822419055360392,0.3450687813779366,studyLivson_2022,ALDEx2
KO_66,4.986995590289028,4.875941427652427,5.636983132880977,0.7333114230369664,1.5797873725669485,0.42476298083491,0.32944742451622605,studyLivson_2022,ALDEx2
KO_67,3.492578574124989,3.3779392688766046,4.136890114540435,0.6544448429184757,1.5852213531764212,0.39151619472833155,0.34468283660000304,studyLivson_2022,ALDEx2
KO_68,1.7500989983130681,1.6700509469914628,2.5404317211826184,1.241051214616606,5.059753886421344,0.22795548396143223,0.38456156771682803,studyLivson_2022,ALDEx2
KO_69,5.482829303048229,5.366328765756144,6.103824109750796,0.6202265331307992,1.6659134938201396,0.3410142187157159,0.3621735081387117,studyLivson_2022,ALDEx2
KO_70,-8.936005423292801,-8.797625193223741,-9.786361127054946,-1.278997715754124,5.992311649722995,-0.1937433797877482,0.39972014972726694,studyLivson_2022,ALDEx2
KO_71,2.245824705779974,2.1311464159774403,3.079577420146535,0.704383711404442,1.833204350367903,0.3653717610572881,0.3509794783531739,studyLivson_2022,ALDEx2
KO_72,-6.628466760740671,-6.47394786494665,-7.764364529984006,-1.6247288222487342,5.583318961263022,-0.26583507942667084,0.3744462584760138,studyLivson_2022,ALDEx2
KO_73,-7.142157187571341,-6.991304857622222,-8.344848060064432,-1.568044649517554,5.729196279149733,-0.2523821872062138,0.3833955229469292,studyLivson_2022,ALDEx2
KO_74,-6.114469682209587,-5.6038538760237016,-8.80766104246695,-3.3086870022270407,8.984583250475005,-0.3710092990844972,0.3297574635593188,studyLivson_2022,ALDEx2
KO_75,-9.001753501899168,-8.952408814725942,-9.435287929644309,-0.6413661089657587,4.941853104980979,-0.10644803878883277,0.44612873159030636,studyLivson_2022,ALDEx2
KO_76,-9.102984660011876,-9.004547873130043,-9.81114898481222,-1.193493789318806,5.605927718909946,-0.183920341797056,0.4033574264282103,studyLivson_2022,ALDEx2
KO_77,3.709046994865823,3.5718385786845652,4.735270334435995,0.8836788910935742,2.1426872389700096,0.3525180499310491,0.3350431344361134,studyLivson_2022,ALDEx2
KO_78,5.369915889156124,5.267189206294089,5.945697298341539,0.5556294735945126,1.652066411801374,0.30532092750277895,0.3749125676364333,studyLivson_2022,ALDEx2
KO_79,5.413819987166039,5.326264577598774,5.953811669022594,0.5292343037186535,1.497807896816449,0.3243269777016851,0.3730473309947798,studyLivson_2022,ALDEx2
KO_80,6.631073563153759,6.533705239917902,7.196047577200149,0.630654381396174,1.5069632776187447,0.3957654710070354,0.3376865679864715,studyLivson_2022,ALDEx2
KO_1,5.434517410237019,5.659777369165759,4.0007063113303865,-1.5494532511225731,1.3626842041917393,-1.0593979669104578,0.11460000316523734,studyMovassagh_2021,ALDEx2
KO_2,-5.673441544602843,-6.439827679937117,-0.5656524458468342,5.0500245128042325,5.136050667327136,0.8846915666404893,0.1780000018339302,studyMovassagh_2021,ALDEx2
KO_3,-9.573986018528483,-9.290950801186725,-11.26668069520931,-1.940069001656708,4.913035721153853,-0.35464175523749486,0.3357328540428771,studyMovassagh_2021,ALDEx2
KO_4,-0.17086732455231246,0.15022971730348722,-0.7483067662173157,-0.3270378502094413,4.569802837723287,-0.06366092505670334,0.4716000000949727,studyMovassagh_2021,ALDEx2
KO_5,5.800256461369478,6.026776962422126,4.242054644550674,-1.6451453567583987,1.531608349040519,-1.0291396686695071,0.133973207986827,studyMovassagh_2021,ALDEx2
KO_6,4.903345796804924,5.152610604577301,3.298212261144381,-1.7390754426470734,1.577736950363282,-1.0346017210940786,0.13037392793067284,studyMovassagh_2021,ALDEx2
KO_7,6.094303407026343,6.3419858650740695,4.413335610994805,-1.7942047312533287,1.7325345533573424,-0.9811113242167426,0.14737052823254188,studyMovassagh_2021,ALDEx2
KO_8,3.4513062523570848,3.571570146700726,2.941526675552477,-0.43924978020792205,2.984885463785217,-0.058326993614477345,0.42620000025147886,studyMovassagh_2021,ALDEx2
KO_9,-6.905167301183339,-7.523339389157129,-0.198057162191696,6.331085806455802,7.19838251556837,0.7498813551285668,0.22735453038706496,studyMovassagh_2021,ALDEx2
KO_10,-1.2200953594357857,-0.8897289065211327,-2.557797790892014,-1.8742624430686705,3.473202536432286,-0.45877095333325124,0.2756000009366644,studyMovassagh_2021,ALDEx2
KO_11,2.4870972722137052,2.6489038695112104,1.9592637236943133,-0.6158530372120556,2.0266533724951055,-0.11687319213891878,0.36912617523319263,studyMovassagh_2021,ALDEx2
KO_12,-9.7386419524016965,-9.574822571579087,-10.770354925557537,-1.133467456559078,5.129919125431137,-0.19557354069850025,0.4051189765327122,studyMovassagh_2021,ALDEx2
KO_13,-9.184072129901,-9.25085893407538,-8.507010771623367,1.1578677439318819,6.047584915972999,0.17092747922950702,0.4203159370850637,studyMovassagh_2021,ALDEx2
KO_14,2.8133733074907687,3.114284957346588,0.2871659196752514,-2.6837295734094435,2.7922703504545257,-0.9056633188196404,0.1609678085297811,studyMovassagh_2021,ALDEx2
KO_15,-0.6869457225627933,-5.779144770441426,0.682654496278511,6.281089437327677,6.525317284729081,0.7285840714508202,0.3112000007339863,studyMovassagh_2021,ALDEx2
KO_16,6.2623751579486715,6.491634890232469,4.64621392739066,-1.689089980091088,1.510299625617225,-1.0539406052111453,0.12260000292369785,studyMovassagh_2021,ALDEx2
KO_17,6.018126812804676,6.246392659318275,4.432989647261486,-1.6762722260239435,1.5236978229174967,-1.027669842385046,0.13237352796129537,studyMovassagh_2021,ALDEx2
KO_18,6.716744127186118,6.939758170660844,5.164671300134437,-1.6433566223140788,1.4728612060247621,-1.0439838855892962,0.1270000028035581,studyMovassagh_2021,ALDEx2
KO_19,4.234019532792987,4.48230485812152,2.6375075650977755,-1.6851780608623557,1.6175563487293112,-0.9935857027466808,0.13360000263784497,studyMovassagh_2021,ALDEx2
KO_20,-9.047980896288804,-9.037649220872808,-9.133120067458306,0.6018946351683594,7.680404153701166,0.074660936552128,0.4652000001165644,studyMovassagh_2021,ALDEx2
KO_21,5.243120041837887,5.464101377718679,4.0317755860498865,-1.2822311626609175,1.3941784713061383,-0.8238213056652184,0.16716656867808977,studyMovassagh_2021,ALDEx2
KO_22,-8.693303382957943,-9.167885235917359,2.3038442511221247,10.977290325190983,6.401833798700264,1.272909303740326,0.14840000231845155,studyMovassagh_2021,ALDEx2
KO_23,1.0472656502808375,1.1196206701695122,0.8100632520099786,-0.08788734786787611,3.118865698003418,-0.022166793763154162,0.4888000000373524,studyMovassagh_2021,ALDEx2
KO_24,-8.732290950914674,-8.300242816285932,-11.188644866433208,-2.912056309774944,5.02789055781242,-0.5228823985827548,0.2619476115035941,studyMovassagh_2021,ALDEx2
KO_25,7.444719667456934,7.655620422103153,6.042226003447567,-1.4893729054262206,1.4079630098619966,-0.9824247425592182,0.1396000025004473,studyMovassagh_2021,ALDEx2
KO_26,5.793365411667292,6.031277246245119,4.276395706056682,-1.6328341910500712,1.4214390885151809,-1.0805468113773926,0.11820000305258004,studyMovassagh_2021,ALDEx2
KO_27,-8.95793878638679,-8.707182323011342,-10.46067941962238,-1.4956973087552603,7.4101267273164355,-0.20060726844489707,0.38432313578015803,studyMovassagh_2021,ALDEx2
KO_28,-7.396818817686672,-8.124109069245844,3.109421588767392,10.994926368657133,6.729904432531963,1.0878058540583706,0.22355529026886606,studyMovassagh_2021,ALDEx2
KO_29,5.330418698108583,5.605773826195707,3.408569190694179,-1.942482447056237,1.8325381413910717,-1.009700941642337,0.13817236805797034,studyMovassagh_2021,ALDEx2
KO_30,3.3446874670219784,3.5488422560692783,2.473540199013517,-1.037409970697595,1.7572736429717999,-0.5301659239416588,0.24520000114727017,studyMovassagh_2021,ALDEx2
KO_31,-8.82531835890055,-8.525845440999344,-10.644167982166127,-2.112697103190361,8.311711718538922,-0.232698109085729,0.3450000005715973,studyMovassagh_2021,ALDEx2
KO_32,5.901704802741499,6.122147082718011,4.688615760390574,-1.3228957816562805,1.4060943181071925,-0.8867948151577987,0.16476704861983002,studyMovassagh_2021,ALDEx2
KO_33,-7.301142963071267,-7.908042554738329,0.1710082381880964,7.24992374491294,7.465699186877327,0.8116927202403694,0.23440000123335228,studyMovassagh_2021,ALDEx2
KO_34,5.895713073589475,6.126694724972115,4.305460825306804,-1.659466054501566,1.5004460360946754,-1.051700751809414,0.11877624778500523,studyMovassagh_2021,ALDEx2
KO_35,5.486720644745445,5.719645594580708,3.9108936361949866,-1.7179644927723965,1.524860786081787,-1.0717934477035405,0.12260000292369785,studyMovassagh_2021,ALDEx2
KO_36,5.434743050186301,5.665473216950493,4.089033408080955,-1.448810861037129,1.469873702253064,-0.931396694639375,0.14520000238216146,studyMovassagh_2021,ALDEx2
KO_37,2.3560874221946815,2.5556463592375085,1.9154325193714343,-0.5890951118907948,2.169005238895094,-0.10295152299981353,0.3819236156936117,studyMovassagh_2021,ALDEx2
KO_38,-8.153465079412646,-8.114848698156965,-8.5890876458888,0.4581297795189929,6.758582845632287,0.06515404627489105,0.4756000000815277,studyMovassagh_2021,ALDEx2
KO_39,-9.069208336746946,-9.13852416180435,-8.519013688732912,0.9928460593425044,5.485848744528002,0.1593749518499254,0.4235152972015651,studyMovassagh_2021,ALDEx2
KO_40,4.9454513723992655,4.893070697510526,5.2324630278282225,0.2565094436167854,1.8752552049755344,0.13107694436253756,0.4447110579749457,studyMovassagh_2021,ALDEx2
KO_41,5.289298543970205,5.62956859352561,3.548223492335195,-1.8718643246051418,1.880693368394692,-0.9329424470793197,0.1629674085768311,studyMovassagh_2021,ALDEx2
KO_42,3.1830109052307325,3.3974628976931203,1.9791850289095492,-1.3854690143041801,1.3676680860003079,-0.9550960073563111,0.1437712481613775,studyMovassagh_2021,ALDEx2
KO_43,2.5512932006197397,2.5858392989181738,2.466226094593875,-0.14441140653818874,2.55866787987738,-0.04421095062336092,0.4731053790140881,studyMovassagh_2021,ALDEx2
KO_44,3.0972047530239455,3.302859756590082,1.6655254648494697,-1.4505005636473003,1.6019557315873816,-0.8089971718810477,0.15880000212852133,studyMovassagh_2021,ALDEx2
KO_45,3.544192434797272,3.695206176467681,2.790940043081223,-0.8699937889269913,1.146059772199906,-0.6908046137265784,0.23555289064545765,studyMovassagh_2021,ALDEx2
KO_46,1.419722079088766,1.3806562446734647,1.5862275233169179,0.36124220334090484,2.8528619381243683,0.0879030438191351,0.42651469731084696,studyMovassagh_2021,ALDEx2
KO_47,4.399738503524445,4.620034163912855,2.9383931263799523,-1.5707034708182976,1.4246314008896745,-1.0481551156943558,0.12997400792472577,studyMovassagh_2021,ALDEx2
KO_48,-1.7125301496307372,-2.478308977192781,3.5519015368508686,5.751143894502304,5.312418712055999,0.9809641484434892,0.15136972831553916,studyMovassagh_2021,ALDEx2
KO_49,3.012601704222795,1.8084305409986472,4.357081720319522,2.4296270969005485,4.523055845139181,0.5426442783576845,0.30273945288801074,studyMovassagh_2021,ALDEx2
KO_50,5.508736331400084,5.722431946557805,4.03993175928335,-1.5774658536582464,1.3193105513010477,-1.1106431320852308,0.12020000299285193,studyMovassagh_2021,ALDEx2
KO_51,4.917204595832752,5.4609235601724855,0.6075855915186796,-4.49506202026879,5.776477561433781,-0.6701474433044798,0.19320000164021628,studyMovassagh_2021,ALDEx2
KO_52,6.4355497815729485,6.656590337062743,4.947901196600364,-1.598307528185864,1.385196588945298,-1.067204628830816,0.12240000292935951,studyMovassagh_2021,ALDEx2
KO_53,1.9797482459257143,2.1068333257846796,1.6046739690250584,-0.43646477767199654,5.860845398179288,-0.06384602005077353,0.4561087783917322,studyMovassagh_2021,ALDEx2
KO_54,-6.387915474469808,-6.006673627509622,-8.628031992367553,-2.1938417570844195,11.5675647843069,-0.20672827845692907,0.34620000056624317,studyMovassagh_2021,ALDEx2
KO_55,-8.996223906153803,-8.62788190064164,-11.098598235049476,-2.720269658309867,6.718511194954853,-0.34905217910591707,0.3020000007827471,studyMovassagh_2021,ALDEx2
KO_56,-5.557314605416186,-6.484521976635711,0.8774829241460633,6.60310367431464,6.008202172424894,0.9165836048890974,0.18400000175387174,studyMovassagh_2021,ALDEx2
KO_57,4.954391716607943,5.181540855537591,3.3373787956289314,-1.6787461451580197,1.484761543384292,-1.0668342061047604,0.12320000290682141,studyMovassagh_2021,ALDEx2
KO_58,-9.751553098923335,-9.586884126302529,-10.777471398492553,-0.9574690721473811,5.57168868244877,-0.14575420821011859,0.4251149772598412,studyMovassagh_2021,ALDEx2
KO_59,-9.178593427476764,-9.393067803617956,-0.8055933932557364,5.76070040008713,8.393823769661742,0.6033180556912956,0.3147370533050134,studyMovassagh_2021,ALDEx2
KO_60,5.950246559061171,6.182780185248719,4.3598528786035065,-1.6893599848841232,1.5554326320747607,-1.0199240117082358,0.13037392793067284,studyMovassagh_2021,ALDEx2
KO_61,4.773143067598327,5.032082877557437,3.3261398384702794,-1.5761642432047824,1.611279914678204,-0.918121483658433,0.15760000214920544,studyMovassagh_2021,ALDEx2
KO_62,5.603476089896237,5.827660520144692,4.065959402491632,-1.643769849512628,1.510493469967996,-1.027403492540758,0.13720000255400483,studyMovassagh_2021,ALDEx2
KO_63,6.135541937057933,6.356230892126346,4.779258917492684,-1.4661570792715657,1.2835684406846624,-1.072915506872134,0.12560000284089226,studyMovassagh_2021,ALDEx2
KO_64,-6.35232841360736,-6.672481215130278,-1.0216082808621252,3.6547596267493354,7.877095757942709,0.42960953495108034,0.33420000062094496,studyMovassagh_2021,ALDEx2
KO_65,4.22977574259521,4.466732703116879,2.5179339439637607,-1.7752624904894097,1.6210355123487838,-1.0483547889150213,0.1332000026474325,studyMovassagh_2021,ALDEx2
KO_66,4.986995590289028,5.206627203111653,3.438413921919689,-1.6895131508058747,1.4423356930219948,-1.0676893529247686,0.1204000029869862,studyMovassagh_2021,ALDEx2
KO_67,3.492578574124989,3.721447990315795,2.027779957500961,-1.525285533845126,1.4461341085256585,-0.9798319340360768,0.14260000243596063,studyMovassagh_2021,ALDEx2
KO_68,1.7500989983130681,2.2918291867511518,-2.524065560842341,-4.404817291588204,5.332387718201048,-0.7309990580469221,0.20240000153622914,studyMovassagh_2021,ALDEx2
KO_69,5.482829303048229,5.717986818351184,3.8524184672004407,-1.69091123005785,1.593937092270394,-1.0200638299140792,0.1313737279458011,studyMovassagh_2021,ALDEx2
KO_70,-8.936005423292801,-8.57746313028807,-10.976404574529074,-2.6042545596863347,6.584536877720751,-0.36783984920971047,0.3137372532701238,studyMovassagh_2021,ALDEx2
KO_71,2.245824705779974,2.5349850107915355,0.7584400463923506,-1.5725263915863446,1.5614664245015542,-0.9531986579688312,0.15216956833260703,studyMovassagh_2021,ALDEx2
KO_72,-6.628466760740671,-7.088952051522294,-2.7422705389620203,3.645876076819418,4.804304231242114,0.6814263582021232,0.22615477034962883,studyMovassagh_2021,ALDEx2
KO_73,-7.142157187571341,-7.464663285834454,-3.6230327751753215,3.123730750521708,5.638937078619041,0.49970285586368957,0.2955408926396826,studyMovassagh_2021,ALDEx2
KO_74,-6.114469682209587,-7.004274794960262,1.784616614362859,7.911351186313114,6.777367195882347,0.9608460593311148,0.18776244921594532,studyMovassagh_2021,ALDEx2
KO_75,-9.001753501899168,-8.71993751652265,-10.72269742865711,-1.8515565175616011,5.409765395597891,-0.2946670769755991,0.3577284548249498,studyMovassagh_2021,ALDEx2
KO_76,-9.102984660011876,-9.25732485133923,-7.183696532206713,3.3048537081522644,8.678586593114602,0.40213389022497864,0.36292741501093745,studyMovassagh_2021,ALDEx2
KO_77,3.709046994865823,4.049029170983682,2.2100906719517717,-1.6768453292374565,1.8989396634898652,-0.7711166023585102,0.18900000169081618,studyMovassagh_2021,ALDEx2
KO_78,5.369915889156124,5.60169093851793,3.724506426123403,-1.7579867427661395,1.6062645607050778,-1.0387969354512772,0.1313737279458011,studyMovassagh_2021,ALDEx2
KO_79,5.413819987166039,5.62615311007116,4.369415473260338,-1.2348673014223581,1.3642248089342344,-0.8573527113751567,0.16620000200729942,studyMovassagh_2021,ALDEx2
KO_80,6.631073563153759,6.856594274423343,5.3246528351174005,-1.399184350666836,1.3374046157751445,-0.979151210946158,0.1437712481613775,studyMovassagh_2021,ALDEx2
KO_1,5.434517410237019,5.540470645641322,4.76043592807194,-0.6175199667621918,1.651192271806432,-0.34864481370362116,0.35430118782829306,studyPMTCT_CQI,ALDEx2
KO_2,-5.673441544602843,-5.960848989670822,-1.7658455992965916,2.5817900629454282,6.384762030006803,0.38661351595051563,0.3339583340083274,studyPMTCT_CQI,ALDEx2
KO_3,-9.573986018528483,-9.321227653134157,-11.322316794703005,-2.0041240494859593,4.810858507535911,-0.36888584895243204,0.3288898153226453,studyPMTCT_CQI,ALDEx2
KO_4,-0.17086732455231246,-0.6105781599099984,0.6928676204456741,1.5760928042611786,4.370302065331633,0.34450843183554125,0.33000000069524277,studyPMTCT_CQI,ALDEx2
KO_5,5.800256461369478,5.8949952166338075,4.9917876162168024,-0.7019923235696677,1.8683410233272282,-0.3569502780967552,0.3453447204683246,studyPMTCT_CQI,ALDEx2
KO_6,4.903345796804924,5.0093068421949605,3.9703565149772695,-0.8229309098679174,1.906916684278166,-0.42114380002909657,0.3287500007017087,studyPMTCT_CQI,ALDEx2
KO_7,6.094303407026343,6.187818758357217,5.11048757909826,-0.8554944140291587,2.1393620014942125,-0.38289884908674526,0.33750000065715824,studyPMTCT_CQI,ALDEx2
KO_8,3.4513062523570848,3.412588506584269,3.6346033293722906,0.5084603121718878,4.206775510264224,0.07711809576208345,0.40666666701643106,studyPMTCT_CQI,ALDEx2
KO_9,-6.905167301183339,-7.334988344654082,-1.0263419528123015,4.59429062850838,7.719617070606809,0.5420593195832388,0.28285773893879007,studyPMTCT_CQI,ALDEx2
KO_10,-1.2200953594357857,-0.9572476554859426,-2.746010553688997,-2.1168136063136105,4.106770768402843,-0.4573437680632513,0.2697916677232945,studyPMTCT_CQI,ALDEx2
KO_11,2.4870972722137052,2.5278691618973075,2.3092529071746077,-0.006784887365078429,2.460637683784573,-9.404407304529302e-4,0.499062695275207,studyPMTCT_CQI,ALDEx2
KO_12,-9.7386419524016965,-9.521862215957785,-11.241378982376935,-1.7315530136297603,4.807407379795244,-0.31283352837619005,0.348958333934494,studyPMTCT_CQI,ALDEx2
KO_13,-9.184072129901,-9.217095909802666,-8.86811549820034,0.4758276911930732,5.285011648083086,0.07846765499803011,0.4601124767125149,studyPMTCT_CQI,ALDEx2
KO_14,2.8133733074907687,2.943903517555839,1.2032582073075284,-1.4038570995331017,3.0936303784908104,-0.43098367328970655,0.318333334090336,studyPMTCT_CQI,ALDEx2
KO_15,-0.6869457225627933,-5.153461784609227,1.386122723773541,4.366654161516134,7.572422222120369,0.6387551732533912,0.2243750014320844,studyPMTCT_CQI,ALDEx2
KO_16,6.2623751579486715,6.3614382166482555,5.469163682768837,-0.6618746301332696,1.840430178133352,-0.34973410131818555,0.35284315825796886,studyPMTCT_CQI,ALDEx2
KO_17,6.018126812804676,6.114038447779343,5.2453805795172155,-0.6693396574198354,1.843052850078701,-0.3468646830505206,0.3577083338933416,studyPMTCT_CQI,ALDEx2
KO_18,6.716744127186118,6.811639212068909,5.959080372823408,-0.664120107265612,1.830878683452735,-0.33128762714219806,0.35833333389045174,studyPMTCT_CQI,ALDEx2
KO_19,4.234019532792987,4.347214235356642,3.3487683750238695,-0.7980451958706278,1.9482800182239361,-0.3825822640234019,0.34076234181961057,studyPMTCT_CQI,ALDEx2
KO_20,-9.047980896288804,-9.113215739871954,-8.064567491074797,1.7684871088070695,7.716055999165803,0.2316487156069943,0.4118750003289577,studyPMTCT_CQI,ALDEx2
KO_21,5.243120041837887,5.3678604577893605,4.553833066818978,-0.697279153386996,1.602588499225973,-0.3594795570263243,0.32708333404371775,studyPMTCT_CQI,ALDEx2
KO_22,-8.693303382957943,-8.738333491118315,-7.763555770879062,1.7585077561353657,11.704812649331789,0.18134049247926162,0.41020833366892334,studyPMTCT_CQI,ALDEx2
KO_23,1.0472656502808375,1.1006407910037348,0.6767572200000469,-0.6727607858244644,3.977401991494669,-0.14697350110161583,0.40783170207375236,studyPMTCT_CQI,ALDEx2
KO_24,-8.732290950914674,-8.688439428193739,-9.108213537195962,-0.2573629736439358,5.2650402579661915,-0.044490771295753184,0.4808333334027594,studyPMTCT_CQI,ALDEx2
KO_25,7.444719667456934,7.523875666055642,6.786804835884683,-0.5659009793401149,1.7311283080600335,-0.2982270519714747,0.36979166717187884,studyPMTCT_CQI,ALDEx2
KO_26,5.793365411667292,5.9122636933664285,5.025728332336921,-0.6837558733190323,1.7151705678373759,-0.3584474329086148,0.34701103997704635,studyPMTCT_CQI,ALDEx2
KO_27,-8.95793878638679,-8.606328919287595,-11.32571763106236,-3.0374496334869825,6.168504265276898,-0.4627009866842769,0.2675000010729213,studyPMTCT_CQI,ALDEx2
KO_28,-7.396818817686672,-7.945478085914602,3.6900575876699606,11.184953098244272,8.710638632979201,1.0289166855942353,0.16750000215609986,studyPMTCT_CQI,ALDEx2
KO_29,5.330418698108583,5.444237359330726,4.36772419766942,-0.9014831580086957,2.2492302953589447,-0.3734113177565065,0.34013747200390815,studyPMTCT_CQI,ALDEx2
KO_30,3.3446874670219784,3.5133447938681215,2.623161398839838,-0.9751472320497787,1.802230812673698,-0.4178298786264613,0.2643750010955213,studyPMTCT_CQI,ALDEx2
KO_31,-8.82531835890055,-8.590881320762612,-10.632981262263684,-1.960615024070517,8.668668943758195,-0.21596394129597407,0.3650000005266758,studyPMTCT_CQI,ALDEx2
KO_32,5.901704802741499,5.9646212953709,5.483044463839688,-0.33310353228118306,1.6957649261775716,-0.18862176784751084,0.4213705480940261,studyPMTCT_CQI,ALDEx2
KO_33,-7.301142963071267,-7.271545178805529,-7.828148197241463,-0.42306758727033156,9.594110064478803,-0.04344212663950123,0.4762500000860955,studyPMTCT_CQI,ALDEx2
KO_34,5.895713073589475,5.997265508078929,5.076630671159263,-0.6826202486147639,1.8328858886164983,-0.3501556603418725,0.34659446009986106,studyPMTCT_CQI,ALDEx2
KO_35,5.486720644745445,5.589866609566857,4.642306382136494,-0.7469476374473345,1.8472433961896964,-0.3840901803110358,0.3333333340115018,studyPMTCT_CQI,ALDEx2
KO_36,5.434743050186301,5.537671443743515,4.644928493766891,-0.7654407525695981,1.7406697752212237,-0.41473157368368185,0.32187500073791137,studyPMTCT_CQI,ALDEx2
KO_37,2.3560874221946815,2.3893511454125056,2.2081133192019156,-0.005267817977917755,2.8390083453083643,-7.842756600620336e-4,0.4986461153975217,studyPMTCT_CQI,ALDEx2
KO_38,-8.153465079412646,-8.255821662840571,-6.734090670710519,1.6428818339294544,5.857817367207191,0.25742200386887304,0.38645833376633076,studyPMTCT_CQI,ALDEx2
KO_39,-9.069208336746946,-9.05598197232916,-9.153997838306093,-0.15850276288091258,5.044999495368392,-0.027394022229188002,0.4869818788223528,studyPMTCT_CQI,ALDEx2
KO_40,4.9454513723992655,4.878786901834204,5.553237674311259,0.44733641975893734,1.7520834229568485,0.23613550696354396,0.3920833337427283,studyPMTCT_CQI,ALDEx2
KO_41,5.289298543970205,5.380176203345913,4.18410185173189,-0.9097701009229753,2.494685097834586,-0.3512024150872519,0.3589583338875674,studyPMTCT_CQI,ALDEx2
KO_42,3.1830109052307325,3.2787124636126768,2.5244245075648832,-0.6282730553278046,1.6285606751500201,-0.37048403982086775,0.3476359097928302,studyPMTCT_CQI,ALDEx2
KO_43,2.5512932006197397,2.4736945417998983,3.295368572965714,0.7674205831923011,2.5120809682949394,0.2374991193520964,0.358258696662209,studyPMTCT_CQI,ALDEx2
KO_44,3.0972047530239455,3.215703401733756,2.399670396173854,-0.7842287449508842,1.7518803062067985,-0.3158498496719262,0.3201416379058302,studyPMTCT_CQI,ALDEx2
KO_45,3.544192434797272,3.582931604452358,3.3224620729417316,-0.1712593008990284,1.3478892126400126,-0.10961750645457638,0.4485416668547788,studyPMTCT_CQI,ALDEx2
KO_46,1.419722079088766,1.392817868718765,1.6234858798240364,0.46270342394402064,2.620201692949861,0.12337476463731695,0.397291667054518,studyPMTCT_CQI,ALDEx2
KO_47,4.399738503524445,4.493026092624591,3.698956858271389,-0.5671011972127924,1.7649744215390188,-0.2997837050360395,0.3681250005126397,studyPMTCT_CQI,ALDEx2
KO_48,-1.7125301496307372,-2.0712590924844365,3.6052469527128217,4.221740380343272,6.818677499568514,0.5405597473202892,0.2655696740711705,studyPMTCT_CQI,ALDEx2
KO_49,3.012601704222795,2.3265941008879403,4.818307258584421,1.6508302680796314,5.75354408009448,0.35778367081994245,0.2855655081359986,studyPMTCT_CQI,ALDEx2
KO_50,5.508736331400084,5.601313094928914,4.860298727750106,-0.5005941545056802,1.645805779890587,-0.2852121208689725,0.38416666710938435,studyPMTCT_CQI,ALDEx2
KO_51,4.917204595832752,5.342143207359516,1.0852326790826243,-3.7135331617223453,5.612661074831593,-0.568516098600375,0.24479166791493448,studyPMTCT_CQI,ALDEx2
KO_52,6.4355497815729485,6.5292598292267305,5.705891900752459,-0.6558387969781991,1.7351096368184393,-0.34979735178758464,0.34937500059917137,studyPMTCT_CQI,ALDEx2
KO_53,1.9797482459257143,1.879433911968042,2.431016283452652,0.35394380927992186,6.476813670064847,0.05305165397188549,0.4622916668038342,studyPMTCT_CQI,ALDEx2
KO_54,-6.387915474469808,-5.644266468550024,-10.437715337562988,-4.384433978382537,11.31179234555263,-0.4761584541798435,0.28181628924762875,studyPMTCT_CQI,ALDEx2
KO_55,-8.996223906153803,-8.718249025051865,-10.999339692842145,-2.392824373625106,6.981224813370966,-0.28936461926653434,0.3222916674023521,studyPMTCT_CQI,ALDEx2
KO_56,-5.557314605416186,-6.173649091633659,0.9677876502060148,5.4907675318892135,7.148717834540023,0.6805758260717294,0.23125000136696638,studyPMTCT_CQI,ALDEx2
KO_57,4.954391716607943,5.056407569768723,4.17427725812163,-0.6806831434201914,1.8101045564841884,-0.3517437405639128,0.34701103997704635,studyPMTCT_CQI,ALDEx2
KO_58,-9.751553098923335,-9.525906993432926,-11.28474409611772,-1.8214858614810536,4.798717594456473,-0.3382394250094345,0.33583333399885207,studyPMTCT_CQI,ALDEx2
KO_59,-9.178593427476764,-8.922685795414303,-11.112631581970803,-2.1724675100030844,6.214207755067472,-0.3139072164943859,0.33541666733428455,studyPMTCT_CQI,ALDEx2
KO_60,5.950246559061171,6.047940280429842,5.105807108919436,-0.708155497647172,1.9037069577644012,-0.3550823842521701,0.3447916672879003,studyPMTCT_CQI,ALDEx2
KO_61,4.773143067598327,4.87387920501579,3.932335478466681,-0.7485442898561971,1.9631006327176141,-0.34918203771365214,0.35055196893324897,studyPMTCT_CQI,ALDEx2
KO_62,5.603476089896237,5.693657390739649,4.872129363872586,-0.615023720257581,1.8185899760326363,-0.31294131588544344,0.36750000051543547,studyPMTCT_CQI,ALDEx2
KO_63,6.135541937057933,6.223494529758746,5.415833045406501,-0.612413453527259,1.6200217509207495,-0.3543925096226997,0.35367631801243493,studyPMTCT_CQI,ALDEx2
KO_64,-6.35232841360736,-6.463400266068579,-3.509159116705657,1.134436492064574,8.38281972430384,0.13454901091462454,0.4476150803831207,studyPMTCT_CQI,ALDEx2
KO_65,4.22977574259521,4.337144585074984,3.287191329182039,-0.7754767951939234,1.9733382018853107,-0.37170328261398533,0.34229166730010063,studyPMTCT_CQI,ALDEx2
KO_66,4.986995590289028,5.081935585295886,4.258486243596889,-0.6131697739874458,1.8031926078020737,-0.3216584278946775,0.3690897734720893,studyPMTCT_CQI,ALDEx2
KO_67,3.492578574124989,3.5939912602998074,2.703414910847658,-0.6560868350043472,1.7632886776757726,-0.34311237697463326,0.35430118782829306,studyPMTCT_CQI,ALDEx2
KO_68,1.7500989983130681,2.1738274919562017,-2.0739818683618685,-3.7563349531785453,5.357355617770585,-0.6453309548482045,0.23312500134980388,studyPMTCT_CQI,ALDEx2
KO_69,5.482829303048229,5.579225096407454,4.630638992860421,-0.6966396451072598,1.9308343529645824,-0.34155970108829325,0.35346802807381766,studyPMTCT_CQI,ALDEx2
KO_70,-8.936005423292801,-8.722701528914744,-10.665995944176654,-1.7760150868491227,7.651839192672566,-0.2284675440151811,0.3661737143307929,studyPMTCT_CQI,ALDEx2
KO_71,2.245824705779974,2.3615555248311546,1.4668220569870192,-0.7191277904983373,1.955278472974741,-0.3445636801758254,0.3499270991174319,studyPMTCT_CQI,ALDEx2
KO_72,-6.628466760740671,-6.822288179183988,-4.547476877907548,1.8118911340707582,5.577975567059266,0.3056366982949834,0.36034159604858296,studyPMTCT_CQI,ALDEx2
KO_73,-7.142157187571341,-7.294550558296074,-5.023705043926146,1.747938934781959,5.948511761151757,0.27304619497958116,0.3816666671200615,studyPMTCT_CQI,ALDEx2
KO_74,-6.114469682209587,-6.478125046800539,0.638822883117836,3.0403114610376045,9.927770010314898,0.317736725433761,0.3602083338818187,studyPMTCT_CQI,ALDEx2
KO_75,-9.001753501899168,-8.678398359805517,-11.270614327634386,-2.5892549897115966,4.798891054118985,-0.4826890533032156,0.28250000097027556,studyPMTCT_CQI,ALDEx2
KO_76,-9.102984660011876,-9.130732708646226,-8.774405285052248,1.3628443783435946,8.99057587508733,0.1557510659063148,0.43083333358838327,studyPMTCT_CQI,ALDEx2
KO_77,3.709046994865823,3.836288180004404,2.8115723578488554,-0.9157777782000625,2.4103278137655515,-0.32531669068758956,0.3453447204683246,studyPMTCT_CQI,ALDEx2
KO_78,5.369915889156124,5.471891713207336,4.363174329032135,-0.8435958431367454,1.9572466137688345,-0.41022406007390566,0.32833333403720494,studyPMTCT_CQI,ALDEx2
KO_79,5.413819987166039,5.53237503388025,4.77227940846649,-0.7499090229527301,1.558147836978617,-0.43982918904158574,0.300562383694379,studyPMTCT_CQI,ALDEx2
KO_80,6.631073563153759,6.747820151965474,5.908222173334128,-0.6368715316199784,1.5322023190685488,-0.38408431876639815,0.3412500006385528,studyPMTCT_CQI,ALDEx2
KO_1,5.434517410237019,5.370238382333287,5.7911487649387805,0.3923390816780885,1.6605456855075857,0.23001694886070012,0.405901314658007,studyServergnini_2021,ALDEx2
KO_2,-5.673441544602843,-5.644370833872585,-5.906813758920256,-0.551351586378666,6.617953009607107,-0.08142026508175197,0.4655257938283526,studyServergnini_2021,ALDEx2
KO_3,-9.573986018528483,-9.568142027745887,-9.621598982250076,-0.08611306326854784,4.766607240209798,-0.015880688705985788,0.4915674603606976,studyServergnini_2021,ALDEx2
KO_4,-0.17086732455231246,-0.09140193394723006,-1.7928328967074272,-0.8418700084427471,6.491451354441709,-0.13335976362548724,0.431299603533537,studyServergnini_2021,ALDEx2
KO_5,5.800256461369478,5.752165021982885,6.025354047319587,0.23369027448702084,1.6930001136930124,0.12598534587928567,0.4434523812459988,studyServergnini_2021,ALDEx2
KO_6,4.903345796804924,4.844119047266275,5.172242618207386,0.2986213522085701,1.7332798669460288,0.16182067349521237,0.4316885696598954,studyServergnini_2021,ALDEx2
KO_7,6.094303407026343,6.053652937637384,6.307357375542312,0.22160079908504926,1.8274511844475976,0.11773215288695557,0.4535085546662593,studyServergnini_2021,ALDEx2
KO_8,3.4513062523570848,3.3974468445950228,4.099104844081582,0.6749483216291914,10.369261657250295,0.07133244520631156,0.38879246278637586,studyServergnini_2021,ALDEx2
KO_9,-6.905167301183339,-6.969815634042761,-6.309777331668746,0.33260693728242874,7.830079460079273,0.042755492659984906,0.48003967280265214,studyServergnini_2021,ALDEx2
KO_10,-1.2200953594357857,-1.327992109089708,-0.21312022664445962,0.7628333867924884,3.7106615773012637,0.17182007620953169,0.4045138893968759,studyServergnini_2021,ALDEx2
KO_11,2.4870972722137052,2.3848019221628425,3.555913565697927,1.164187070116463,2.772347576602154,0.21254798883763076,0.2727498155016505,studyServergnini_2021,ALDEx2
KO_12,-9.7386419524016965,-9.746205659270327,-9.655668654976312,-0.013591497765932381,4.737660913497205,-0.0025775545949823222,0.4986362509368157,studyServergnini_2021,ALDEx2
KO_13,-9.184072129901,-9.127675335380577,-9.66429066697939,-0.7460348351885306,4.882690167595581,-0.13537870107168312,0.4356558396607796,studyServergnini_2021,ALDEx2
KO_14,2.8133733074907687,2.7271729420456534,3.1857743778385337,0.38961014392040605,2.419138318161699,0.14804484444641047,0.4272253909090696,studyServergnini_2021,ALDEx2
KO_15,-0.6869457225627933,-0.21873624645251333,-6.666749080682098,-1.0068730419574035,9.310830018435334,-0.11936597320478723,0.40997023857219317,studyServergnini_2021,ALDEx2
KO_16,6.2623751579486715,6.2112697805546295,6.499634037815619,0.3059564528581893,1.6944321159232238,0.1680412721942955,0.42945698028445933,studyServergnini_2021,ALDEx2
KO_17,6.018126812804676,5.971890813093917,6.24758537473676,0.23334607344478675,1.6828583787009967,0.13429139907426518,0.4474206351931698,studyServergnini_2021,ALDEx2
KO_18,6.716744127186118,6.673340735469988,6.933072594369137,0.24863185592054826,1.6774000325716605,0.13847327456514724,0.43774801619714304,studyServergnini_2021,ALDEx2
KO_19,4.234019532792987,4.157999416116323,4.572986423718163,0.4146347664510972,1.8053152871741491,0.21451366385531073,0.41086040215778363,studyServergnini_2021,ALDEx2
KO_20,-9.047980896288804,-8.997459919717365,-9.47628045606385,-0.6242031312895726,5.895739217578986,-0.10081285588164143,0.44816468280827637,studyServergnini_2021,ALDEx2
KO_21,5.243120041837887,5.165917400333613,5.807847261337702,0.6183782067269554,1.6960066643624314,0.31740155399639924,0.346392264692477,studyServergnini_2021,ALDEx2
KO_22,-8.693303382957943,-8.620157580184294,-9.27271968162082,-0.9434260080234145,7.577922582209044,-0.11665187176555278,0.43441606778548875,studyServergnini_2021,ALDEx2
KO_23,1.0472656502808375,1.1117075838106398,-1.2249065685875555,-1.7147154290128475,5.029949134969714,-0.3219351621281782,0.36086309601117394,studyServergnini_2021,ALDEx2
KO_24,-8.732290950914674,-8.609072536546906,-9.62012685909252,-1.1245345836563576,4.977456638032989,-0.20009439133471196,0.3977188202840867,studyServergnini_2021,ALDEx2
KO_25,7.444719667456934,7.408725643659065,7.5965977882495155,0.1635518238414324,1.5500450498577414,0.10017402496948434,0.4597074140436404,studyServergnini_2021,ALDEx2
KO_26,5.793365411667292,5.72056471297646,6.359217799976626,0.569487749753335,1.7297871210066313,0.30799821047215514,0.3746590634176967,studyServergnini_2021,ALDEx2
KO_27,-8.95793878638679,-8.87214248557165,-9.59728071174148,-1.1315971729160665,6.088971464766248,-0.16408783231690433,0.4096206302828109,studyServergnini_2021,ALDEx2
KO_28,-7.396818817686672,-7.531188684623931,-4.683240146197215,2.097023700346459,12.895103584481616,0.18209189552859018,0.36185515949681085,studyServergnini_2021,ALDEx2
KO_29,5.330418698108583,5.236129373212268,5.820314536503497,0.5530611561160721,1.957598037192442,0.26499534711428363,0.38879246278637586,studyServergnini_2021,ALDEx2
KO_30,3.3446874670219784,3.302490321092709,3.7129486984360445,0.30307672240737915,1.9292739614469845,0.12735840048288852,0.43154761940520786,studyServergnini_2021,ALDEx2
KO_31,-8.82531835890055,-8.763060236272171,-9.288347575594845,-0.6812808234038075,7.233394047575924,-0.0894923833357742,0.44295634950261054,studyServergnini_2021,ALDEx2
KO_32,5.901704802741499,5.888928531089306,5.992327854793498,0.08474138822235933,1.6164017322313482,0.049940915505633246,0.47904785530218075,studyServergnini_2021,ALDEx2
KO_33,-7.301142963071267,-7.079583534498323,-8.807301448448783,-1.7476042420142726,8.786299855570412,-0.20295208051215563,0.403025794167312,studyServergnini_2021,ALDEx2
KO_34,5.895713073589475,5.842356698302504,6.1321130849852965,0.2638381805267547,1.6837953014792433,0.15095961435253924,0.44097222252907436,studyServergnini_2021,ALDEx2
KO_35,5.486720644745445,5.438207111850893,5.7309151241847225,0.29553707753787695,1.7268035239345836,0.1580741675641558,0.4339201590353759,studyServergnini_2021,ALDEx2
KO_36,5.434743050186301,5.372364457569299,5.746222900539973,0.3097629472510728,1.691023759058993,0.17947956786496344,0.42524175590876323,studyServergnini_2021,ALDEx2
KO_37,2.3560874221946815,2.2999669342437543,2.9374310531610823,0.44136868328625223,8.757690343061306,0.0565979622673522,0.4287131171593242,studyServergnini_2021,ALDEx2
KO_38,-8.153465079412646,-8.19930764195297,-7.719932812596409,0.3844402622451124,5.281507996262156,0.0676593880091422,0.4632936509828269,studyServergnini_2021,ALDEx2
KO_39,-9.069208336746946,-8.995457467025371,-9.714724275358027,-0.7264799028195661,4.730027482491674,-0.13666438459463043,0.4310515876618673,studyServergnini_2021,ALDEx2
KO_40,4.9454513723992655,4.955408885331189,4.820170337034028,0.05421741543422698,1.7802602661908042,0.028821628036067158,0.486734440930895,studyServergnini_2021,ALDEx2
KO_41,5.289298543970205,5.277906103915933,5.36920803007518,0.14048352147808307,2.0500839050633823,0.06705849911894537,0.47309695029940674,studyServergnini_2021,ALDEx2
KO_42,3.1830109052307325,3.176862047289092,3.2167051331775616,-0.032034935064150005,1.5901768926469044,-0.01623497349252903,0.4921894371835923,studyServergnini_2021,ALDEx2
KO_43,2.5512932006197397,2.49699168417057,2.8875200036714244,0.61858390357165,2.404900746937889,0.20833243751333658,0.3766426984165924,studyServergnini_2021,ALDEx2
KO_44,3.0972047530239455,3.0142038062990077,3.662728173811209,0.6900794245295554,1.8022606400014767,0.3254747689637892,0.34713612781658304,studyServergnini_2021,ALDEx2
KO_45,3.544192434797272,3.495849042638355,3.904826850137727,0.4220231998727373,1.349736172508183,0.29205591484910165,0.3735119054546127,studyServergnini_2021,ALDEx2
KO_46,1.419722079088766,1.485070361701414,0.5937205286583387,-0.8170025366712759,4.814815607036644,-0.16336063654924082,0.3799603181132746,studyServergnini_2021,ALDEx2
KO_47,4.399738503524445,4.36095973592826,4.612232754054331,0.20914510344380677,1.5991871606949202,0.12268933139971222,0.4516369050121549,studyServergnini_2021,ALDEx2
KO_48,-1.7125301496307372,-1.628031516311375,-2.21221566363365,-0.5787104935035119,7.2396546283094185,-0.07301775846709994,0.4608134922656035,studyServergnini_2021,ALDEx2
KO_49,3.012601704222795,2.738072254896612,4.38608497426501,1.229598673746632,6.349153535567739,0.2186829539659179,0.35606248530694445,studyServergnini_2021,ALDEx2
KO_50,5.508736331400084,5.4751065505673,5.704941850143112,0.22569501767451206,1.5974606739138224,0.13240209473712033,0.44631787778878285,studyServergnini_2021,ALDEx2
KO_51,4.917204595832752,4.695032553131686,6.780164842197905,1.8113155553415896,5.648391189371141,0.2961134483974279,0.3362261353312015,studyServergnini_2021,ALDEx2
KO_52,6.4355497815729485,6.392955840328364,6.663739434134962,0.2365838375529674,1.5958091818327982,0.13338745355984266,0.44072420665738465,studyServergnini_2021,ALDEx2
KO_53,1.9797482459257143,1.9606293211478945,2.327354800396173,0.45340348127748387,8.667112933347312,0.05316577004925996,0.45882936529184565,studyServergnini_2021,ALDEx2
KO_54,-6.387915474469808,-6.494996829475916,1.4303081582936876,0.718227271508248,12.06501951630897,0.061460968717716356,0.4439484129893893,studyServergnini_2021,ALDEx2
KO_55,-8.996223906153803,-8.911312902535862,-9.607110235136496,-1.0302734142043954,6.105934423017147,-0.12879218935646616,0.4248511908703051,studyServergnini_2021,ALDEx2
KO_56,-5.557314605416186,-5.389597535407332,-7.1494155820362035,-1.7402429143661102,8.231789902524124,-0.2063020099506893,0.40267790778332285,studyServergnini_2021,ALDEx2
KO_57,4.954391716607943,4.883737933697132,5.284670245011868,0.37663313407644017,1.713945197517858,0.20958902266747348,0.41185221965777624,studyServergnini_2021,ALDEx2
KO_58,-9.751553098923335,-9.764742599396524,-9.636727972290288,-0.08974640010939616,4.807874955012539,-0.013874352596729584,0.49454365082162305,studyServergnini_2021,ALDEx2
KO_59,-9.178593427476764,-9.233620149874524,-8.696781528088266,0.5456728349259379,7.1106626009700555,0.07119620394370141,0.45797173341795344,studyServergnini_2021,ALDEx2
KO_60,5.950246559061171,5.892982281687577,6.210905396200549,0.2902388975626393,1.741237515209309,0.1544297481580092,0.4367559527104119,studyServergnini_2021,ALDEx2
KO_61,4.773143067598327,4.709244534620453,5.0630634574039135,0.2446396341832533,1.7816305718643202,0.13201174164190366,0.44915674629509095,studyServergnini_2021,ALDEx2
KO_62,5.603476089896237,5.559294124022937,5.848216900823766,0.21309101845814515,1.6854682777398136,0.11239124666457947,0.4478056040392676,studyServergnini_2021,ALDEx2
KO_63,6.135541937057933,6.1200590586456896,6.240574239281403,0.24640033318417354,1.5381059658197516,0.15222536828340094,0.43774801619714304,studyServergnini_2021,ALDEx2
KO_64,-6.35232841360736,-6.119585608685913,-8.275841304530545,-2.1921461965273767,7.36199958409809,-0.28457913679799723,0.3699479302956223,studyServergnini_2021,ALDEx2
KO_65,4.22977574259521,4.1522829761170925,4.603154381187531,0.46640515637108004,1.7792852913891815,0.24618198432502403,0.3920158696604076,studyServergnini_2021,ALDEx2
KO_66,4.986995590289028,4.918007363461154,5.314351731013629,0.40538583856855226,1.7123375114423558,0.21816278900252895,0.40500992114007073,studyServergnini_2021,ALDEx2
KO_67,3.492578574124989,3.422505950369482,3.85627766235638,0.38763289106760856,1.6767483462453128,0.22588004753212332,0.4077380957276991,studyServergnini_2021,ALDEx2
KO_68,1.7500989983130681,1.5312051948656995,3.6072815570412744,1.7372203342000576,5.5522883840606205,0.29131048372476354,0.34474206437283805,studyServergnini_2021,ALDEx2
KO_69,5.482829303048229,5.4191880592314545,5.780413557472588,0.3535437951500251,1.7561053581096129,0.177689449373324,0.4236111115120376,studyServergnini_2021,ALDEx2
KO_70,-8.936005423292801,-8.843990047489969,-9.605915010151676,-1.0309240628814962,5.982281041754866,-0.15202484450722822,0.4175551702829553,studyServergnini_2021,ALDEx2
KO_71,2.245824705779974,2.182919699073711,2.668168366101188,0.4547389237756292,2.0287202678848906,0.21794402692968926,0.4077380957276991,studyServergnini_2021,ALDEx2
KO_72,-6.628466760740671,-6.513895483277139,-7.942894172117244,-1.3402168825488845,5.981253093211149,-0.21159138853283235,0.40689313215793754,studyServergnini_2021,ALDEx2
KO_73,-7.142157187571341,-7.067523335359059,-7.852801592542216,-0.7333699568243626,6.0391468271193744,-0.11523773971585233,0.44270833363091655,studyServergnini_2021,ALDEx2
KO_74,-6.114469682209587,-5.7492184757931994,-8.245482119692399,-2.3786758808604223,9.300343405773813,-0.2622243256925654,0.3778824702909405,studyServergnini_2021,ALDEx2
KO_75,-9.001753501899168,-8.9853164360883,-9.179630147988629,-0.16937084316036266,5.05556654460035,-0.030420569955598928,0.4837589884294419,studyServergnini_2021,ALDEx2
KO_76,-9.102984660011876,-9.036045507706644,-9.653151932671836,-0.7946193596211444,5.554753819776299,-0.1207982148059778,0.43080357179019746,studyServergnini_2021,ALDEx2
KO_77,3.709046994865823,3.5956235373316625,4.3592204495480855,0.5932524922127458,2.1614669059515577,0.22655811913679025,0.3896329371026537,studyServergnini_2021,ALDEx2
KO_78,5.369915889156124,5.3185506066628605,5.6186045802644955,0.30400366950400004,1.7172240467508932,0.1634170528475698,0.43080357179019746,studyServergnini_2021,ALDEx2
KO_79,5.413819987166039,5.351698013446021,5.908123885563308,0.4806952249650682,1.6268191485812884,0.2739103135122011,0.3845772384128966,studyServergnini_2021,ALDEx2
KO_80,6.631073563153759,6.569477860398701,7.144425475292328,0.5474049800972556,1.6131804096947584,0.32136384538551077,0.3657327059236186,studyServergnini_2021,ALDEx2
