Species,rab.all,rab.win.0,rab.win.1,diff.btw,diff.win,effect,overlap,name,method
f__Aerococcaceae_g__Aerococcus_s__christensenii,0.5806731200186137,0.38181526919280095,3.353393396683794,3.167539971600977,6.655296978591829,0.42287999958806743,0.3168000007053607,health_statusHIV,ALDEx2
f__Aerococcaceae_g__Granulicatella_s__elegans,-0.3552988202163734,-0.21215352098188234,-1.3450292713574479,-1.036946889305609,4.507055237782659,-0.20024214743543883,0.3984000003532526,health_statusHIV,ALDEx2
f__Atopobiaceae_g__Fannyhessea_s__massiliense,-0.21025003754887805,-0.24516088953980297,0.09695096545195003,0.7740311317712267,5.540745301499656,0.12432412936391918,0.43811237773391293,health_statusHIV,ALDEx2
f__Atopobiaceae_g__Fannyhessea_s__vaginae,1.1529408086850985,0.881714655508218,7.225041061501768,4.654297094327474,8.067943905503252,0.547320365406923,0.29514097262593103,health_statusHIV,ALDEx2
f__Atopobiaceae_g__Lancefieldella_s__rimae,-0.4277846483907659,-0.3184943033645471,-1.2105275368293524,-0.7033889963063302,4.5618198941965264,-0.13245904930718483,0.4323135375222833,health_statusHIV,ALDEx2
f__Bacteroidaceae_g__Prevotella_s__amnii,0.17149740082186504,0.05200917744814859,1.389020048559292,2.1603819034036364,7.439912881553022,0.28257781329515813,0.3706000004622967,health_statusHIV,ALDEx2
f__Bacteroidaceae_g__Prevotella_s__bivia,0.8116087193631172,0.6733516323522686,2.7145298062641823,1.8806018211286366,7.544048695085181,0.23249221528294883,0.39000000038531596,health_statusHIV,ALDEx2
f__Bacteroidaceae_g__Prevotella_s__buccalis,-0.08293798249256668,-0.0881997936889336,-0.037112197286163884,0.3640019007535473,6.705096191476254,0.052099185701184894,0.4721055789774578,health_statusHIV,ALDEx2
f__Bacteroidaceae_g__Prevotella_s__copri,-0.36876251301870333,-0.24319514048914925,-1.2043830787135557,-0.848507998470966,4.635136982208193,-0.15480299595775027,0.4177164569904589,health_statusHIV,ALDEx2
f__Bacteroidaceae_g__Prevotella_s__denticola,-0.3764091469418318,-0.2731962988362522,-1.110468488511449,-0.7723744249072695,4.72796354916135,-0.13798137151124343,0.42791441736186375,health_statusHIV,ALDEx2
f__Bacteroidaceae_g__Prevotella_s__disiens,-0.36083630881285966,-0.21255283939149727,-1.3417904155844074,-1.0557414540503833,4.609300714645985,-0.1973774449329515,0.39732053625001296,health_statusHIV,ALDEx2
f__Bacteroidaceae_g__Prevotella_s__melaninogenica,-0.27132668974833507,-0.28690548813649386,-0.16559846901535558,0.4100505817313511,5.414233197584813,0.06283686775338579,0.46540000011588845,health_statusHIV,ALDEx2
f__Bacteroidaceae_g__Prevotella_s__sp000758925,-0.27729559721436203,-0.24980317248069905,-0.47213095133850835,0.0990139871837572,5.400575993105633,0.015204987202163081,0.4919016197030557,health_statusHIV,ALDEx2
f__Bacteroidaceae_g__Prevotella_s__sp001553265,-0.41731968026848243,-0.29419643775439575,-1.2711519679035401,-0.9076551385694263,4.540994984605365,-0.17367948592524268,0.4077184566270639,health_statusHIV,ALDEx2
f__Bacteroidaceae_g__Prevotella_s__timonensis,0.6014388758287019,0.5519174840776992,1.0535333415432584,0.8517271525088477,6.535498698849853,0.12378391115093046,0.4444000001876537,health_statusHIV,ALDEx2
f__Bifidobacteriaceae_g__Bifidobacterium_388775_s__Bifidobacterium breve,-0.39118162482728813,-0.24719898442566723,-1.3108910552655129,-1.1478051346907483,4.595007949499313,-0.209839288725232,0.39132173603294157,health_statusHIV,ALDEx2
f__Bifidobacteriaceae_g__Bifidobacterium_388775_s__Bifidobacterium dentium,-0.448177451269661,-0.3106813473394734,-1.3716362852052137,-0.9581064484132282,4.483553440957642,-0.18408535975356083,0.40660000032258986,health_statusHIV,ALDEx2
f__Bifidobacteriaceae_g__Bifidobacterium_388775_s__Bifidobacterium leopoldii,2.7463808132554863,2.0239487422409335,10.641848295091703,6.9807937022980235,8.68435770668293,0.743305546332262,0.22075585018244118,health_statusHIV,ALDEx2
f__Bifidobacteriaceae_g__Bifidobacterium_388775_s__Bifidobacterium longum,-0.35405153516554577,-0.21335171627349947,-1.3096785884435453,-1.0229206596137823,4.603882612012799,-0.1948246332659198,0.3999200163441851,health_statusHIV,ALDEx2
f__Bifidobacteriaceae_g__Bifidobacterium_388775_s__Bifidobacterium swidsinskii,-0.3253751347229521,-0.17546355692162052,-1.2976237881256534,-1.147764603938131,4.6533877379685284,-0.21521861271660805,0.39352129611249315,health_statusHIV,ALDEx2
f__Bifidobacteriaceae_g__Bifidobacterium_388775_s__Bifidobacterium vaginale,1.7540743583447886,1.4533871465686028,7.137727603072129,3.414230040345588,9.071645467675545,0.36162982675427247,0.3557288547535228,health_statusHIV,ALDEx2
f__Bradymonadaceae_g__Lujinxingia_s__litoralis,0.33800057995741195,0.4981469422993623,-0.80542204861234,-1.4223287278338548,7.705239309297917,-0.16199508006242375,0.38872225593898957,health_statusHIV,ALDEx2
f__Clostridiaceae_222000_g__Clostridium_P_s__massiliamazoniense,-0.40255146622598215,-0.2618887836664765,-1.3524816899347316,-1.0585625561816547,4.598485670723339,-0.19695093366298957,0.3980000003547639,health_statusHIV,ALDEx2
f__Dialisteraceae_g__Dialister_s__micraerophilus,0.57831766278085,0.39332503331556534,3.661795882772976,3.1407267461994826,6.417651377310261,0.4368158967073327,0.31673665337486384,health_statusHIV,ALDEx2
f__Dialisteraceae_g__Dialister_s__sp001553355,0.022838458601475153,-0.08755699903384695,1.1543606304966403,1.9824627669881902,6.136205010454805,0.29976789002292914,0.3717256553265491,health_statusHIV,ALDEx2
f__Eggerthellaceae_g__Berryella_s__sp001552935,-0.13208228599069294,-0.24587071774562208,1.02675982448877,1.9513387185545712,5.983883344002743,0.31218176860148306,0.37152569531936513,health_statusHIV,ALDEx2
f__Enterobacteriaceae_A_g__Escherichia_710834_s__Escherichia coli,-0.3090209288187795,-0.24811835299330554,-0.7819696343953835,-0.2581319816696501,5.120052804779558,-0.042777341604613425,0.4790000000701236,health_statusHIV,ALDEx2
f__Enterococcaceae_g__Enterococcus_H_360604_s__faecalis,-0.44618635202323986,-0.3036232418247238,-1.3786565900314525,-1.077556087105064,4.487119171262134,-0.2060500543578479,0.3942000003691969,health_statusHIV,ALDEx2
f__Fastidiosipilaceae_g__KA00274_s__sp001552885,0.15128190369847871,0.02353411143442763,1.5130078109473706,2.1181988299168983,6.4984135612121126,0.3093081651806975,0.3632000004928968,health_statusHIV,ALDEx2
f__Fastidiosipilaceae_g__Mageeibacillus_s__indolicus,-0.3854507795085471,-0.26230410133468496,-1.1661041818284517,-0.7836068667775438,4.526825866990525,-0.14599381830310398,0.4230000002629018,health_statusHIV,ALDEx2
f__Fusobacteriaceae_993521_g__Fusobacterium_C_s__animalis,-0.39016937589910405,-0.2553403434200785,-1.3041886794277397,-1.0068512778414584,4.49626684117468,-0.19966755388576435,0.39672065622829034,health_statusHIV,ALDEx2
f__Fusobacteriaceae_993521_g__Fusobacterium_C_s__gonidiaformans,-0.39454525930081186,-0.2520975104068368,-1.3122983644917756,-1.0137459502514314,4.449128497641758,-0.20194290031064915,0.39640000036082423,health_statusHIV,ALDEx2
f__Gemellaceae_g__Gemella_s__asaccharolytica,-0.07534090367469481,-0.09808341548214194,0.09479701401227292,0.5556779162770482,5.525862773768898,0.08947608684502836,0.458400000139633,health_statusHIV,ALDEx2
f__Lachnospiraceae_g__UBA629_s__sp005465875,-0.13614217078486668,-0.0764327135944054,-0.6060409888885632,-0.2410920894826507,5.689628367566935,-0.034298084408620075,0.4795040992485711,health_statusHIV,ALDEx2
f__Lactobacillaceae_g__Lacticaseibacillus_s__paracasei,-0.44358419557509166,-0.3052180898797827,-1.3098160207640985,-0.9874630182694561,4.5693093497264154,-0.1868649533736552,0.40200000033971717,health_statusHIV,ALDEx2
f__Lactobacillaceae_g__Lacticaseibacillus_s__rhamnosus,-0.3875677871304557,-0.23395448142838493,-1.392423241422577,-1.2039238433840316,4.639766592098396,-0.22233877367892074,0.38420000040787805,health_statusHIV,ALDEx2
f__Lactobacillaceae_g__Lactobacillus_s__acidophilus,-0.14165529803102128,0.0527656086253252,-1.3564181805868838,-1.5118726350681557,5.184080707219557,-0.258959479323666,0.36732653516861236,health_statusHIV,ALDEx2
f__Lactobacillaceae_g__Lactobacillus_s__crispatus,7.149139181752832,8.188300103672727,-0.855974246039068,-9.57773144188306,9.383715429350584,-0.9504490628125306,0.16620000200729942,health_statusHIV,ALDEx2
f__Lactobacillaceae_g__Lactobacillus_s__delbrueckii,-0.4311549701075359,-0.3009974862242455,-1.2981490061170264,-0.9738546837392557,4.55070908459881,-0.18954762981356515,0.3980000003547639,health_statusHIV,ALDEx2
f__Lactobacillaceae_g__Lactobacillus_s__gallinarum,-0.25930604865638784,-0.08424241971551005,-1.3812735659280468,-1.316893074133982,4.936684720277473,-0.24086904767567963,0.37580000044122425,health_statusHIV,ALDEx2
f__Lactobacillaceae_g__Lactobacillus_s__gasseri_329736,-0.005434461178435157,0.1312667689245286,-0.8983663339337298,-1.05559215423016,5.953246416845112,-0.14172379118055206,0.41920000027655535,health_statusHIV,ALDEx2
f__Lactobacillaceae_g__Lactobacillus_s__helveticus,-0.43272533807498537,-0.2991271756112681,-1.2919327312462743,-0.8489942523352854,4.419178809483666,-0.1675452789094622,0.41900000027727663,health_statusHIV,ALDEx2
f__Lactobacillaceae_g__Lactobacillus_s__hominis,0.27629364384759736,0.41865802258812135,-0.7821717705395086,-1.1254124875319418,7.052855936413147,-0.13585080368742378,0.40780000031815167,health_statusHIV,ALDEx2
f__Lactobacillaceae_g__Lactobacillus_s__iners,10.2144200218417,9.624171644836974,13.421281962715812,2.777664383023124,8.251307691122701,0.33069301893921854,0.3426000005823801,health_statusHIV,ALDEx2
f__Lactobacillaceae_g__Lactobacillus_s__jensenii_330180,1.9209815350734782,2.844481505576467,-0.9705404302009022,-4.7514969998850844,8.032886099347543,-0.5491959247565009,0.2619476115035941,health_statusHIV,ALDEx2
f__Lactobacillaceae_g__Lactobacillus_s__johnsonii,-0.003683706673917264,0.22046895636172792,-1.3360135723366433,-1.830057575987098,5.474596031700034,-0.27775878853746166,0.3489302145111408,health_statusHIV,ALDEx2
f__Lactobacillaceae_g__Limosilactobacillus_s__fermentum,-0.4355299795817018,-0.29506941823782196,-1.3682642927981572,-1.0078595388096092,4.5440184509745425,-0.19274866212503877,0.39960000034872756,health_statusHIV,ALDEx2
f__Lactobacillaceae_g__Limosilactobacillus_s__reuteri,0.1601657792874338,0.3227412477308089,-0.9017380230589866,-1.2243590752183113,6.136548559226509,-0.18215528435064998,0.39940000034948075,health_statusHIV,ALDEx2
f__Lactobacillaceae_g__Limosilactobacillus_s__vaginalis,-0.3743683206357131,-0.2288649778186045,-1.3278844637344678,-1.052477038418692,4.536479243162451,-0.19459897617055266,0.3992000003502342,health_statusHIV,ALDEx2
f__Leptotrichiaceae_g__Sneathia_s__sanguinegens,0.3207592773194934,0.17484270647391043,2.117753873607228,2.708657714535991,7.052734017408131,0.35887391142781344,0.3527294546464986,health_statusHIV,ALDEx2
f__Leptotrichiaceae_g__Sneathia_s__vaginalis,0.33171405712255897,0.20735064914451318,1.7658646657809358,2.0908274216013787,7.1714347009662935,0.2848434155295564,0.3728000004533395,health_statusHIV,ALDEx2
f__Leptotrichiaceae_g__Streptobacillus_993623_s__Streptobacillus moniliformis,0.1248357609600772,0.2764321119535307,-0.9797927818694694,-1.2948768898569734,5.962241814032249,-0.18414301535439082,0.389800000386088,health_statusHIV,ALDEx2
f__Megasphaeraceae_g__Megasphaera_A_38692_s__hutchinsoni,-0.31838162053713326,-0.3093421177538662,-0.3985593734812083,0.25582448068595554,5.150077207391832,0.043251241962277046,0.4770000000768293,health_statusHIV,ALDEx2
f__Megasphaeraceae_g__Megasphaera_A_38692_s__lornae,0.4711962729172763,0.39801602493683674,1.1470561880854886,1.2298357601016132,8.241714796486487,0.1474580007122682,0.426114777296272,health_statusHIV,ALDEx2
f__Metamycoplasmataceae_g__Metamycoplasma_s__hominis,0.07130317152098442,-0.11610779407106353,2.256010734252329,2.845124467776392,6.141112848912231,0.43557274388480727,0.3164000007073799,health_statusHIV,ALDEx2
f__Mycobacteriaceae_g__Corynebacterium_s__tuberculostearicum,0.07733495034308469,0.0096847382030667,0.8495144051529868,1.193070390814209,5.665750512912649,0.19277353809362732,0.4123175367941291,health_statusHIV,ALDEx2
f__Mycoplasmoidaceae_g__Malacoplasma_A_271179_s__girerdii,-0.427774976378152,-0.29980824295545183,-1.2835397117722076,-0.9135901417598404,4.551456788654504,-0.17335826650596692,0.41411717685954835,health_statusHIV,ALDEx2
f__Mycoplasmoidaceae_g__Ureaplasma_s__parvum,0.05026032250037371,0.05035993417226603,0.04924970925887173,0.4061180201986332,6.430278870441844,0.06048522149174181,0.47050589891885347,health_statusHIV,ALDEx2
f__Mycoplasmoidaceae_g__Ureaplasma_s__urealyticum,0.5539325383133296,0.41775194257967385,2.4972049518022645,2.2283714506381953,7.172019414261592,0.27772601832906557,0.38280000041337886,health_statusHIV,ALDEx2
f__Nanoperiomorbaceae_g__Nanoperiomorbus_s__sp004136275,-0.20978244351042452,-0.18616783923734914,-0.38787082989405697,0.04040172064910763,5.95888510862471,0.005417823122560844,0.4971005798936841,health_statusHIV,ALDEx2
f__Neisseriaceae_563222_g__Neisseria_563205_s__Neisseria gonorrhoeae,-0.41942757441190714,-0.2913522659671228,-1.287527591985972,-0.8888723064117245,4.698496365708828,-0.16373816820077153,0.4155168969104463,health_statusHIV,ALDEx2
f__Peptoniphilaceae_g__Anaerococcus_s__prevotii,-0.2229407449953662,-0.09827250521215625,-1.164220718870041,-0.9732426263932794,4.618090807898999,-0.19049305407280892,0.40131973639491875,health_statusHIV,ALDEx2
f__Peptoniphilaceae_g__Finegoldia_s__magna_H,0.19545616046987302,0.025392721845632238,2.072789677193324,2.2571839392858672,6.054909626315341,0.343560766783156,0.3475304944613319,health_statusHIV,ALDEx2
f__Peptoniphilaceae_g__Parvimonas_s__parva,-0.21055343465090637,-0.07682954772837469,-1.123105094403675,-0.9930158488115159,4.720263739140101,-0.18852439330071313,0.4027194564456695,health_statusHIV,ALDEx2
f__Peptoniphilaceae_g__Peptoniphilus_A_s__gorbachii,0.13555617348171634,0.018284606390274405,1.1991413841201632,1.6307648204630034,5.581976917536512,0.2633421747019564,0.38332333574408906,health_statusHIV,ALDEx2
f__Peptostreptococcaceae_256921_g__Peptostreptococcus_s__anaerobius,0.10117457380069261,0.024207311679849575,0.8020209176547617,1.1685472545104414,6.111718301684868,0.16961211740051782,0.41931613704867177,health_statusHIV,ALDEx2
f__Porphyromonadaceae_g__Porphyromonas_A_859424_s__uenonis,-0.35982014625715664,-0.20793137024869335,-1.364762989670254,-1.0834492673174,4.450772208262653,-0.20914722774334588,0.3952000003653856,health_statusHIV,ALDEx2
f__Sphingomonadaceae_g__Sphingomonas_L_486704_s__aerolata,-0.014891922966608462,0.20024250755979267,-1.3253907609101239,-1.643758817450049,5.092656173455933,-0.2946796056231439,0.3556000005251323,health_statusHIV,ALDEx2
f__Staphylococcaceae_g__Staphylococcus_s__aureus_317625,-0.4432999960672026,-0.31160466273566634,-1.2949964462408685,-0.9321418030593387,4.543090956360684,-0.17260760505301886,0.41111777675053063,health_statusHIV,ALDEx2
f__Streptococcaceae_g__Streptococcus_s__agalactiae,-0.33037296078983935,-0.18083601486212864,-1.3101206699227497,-1.1564858478828786,4.637760931627938,-0.21083622441527758,0.3857228558306724,health_statusHIV,ALDEx2
f__Streptococcaceae_g__Streptococcus_s__anginosus,0.21509490863727443,0.2695762560063928,-0.23522685905993246,-0.3054936350696891,6.206602892246192,-0.04110679743536939,0.47830433920459947,health_statusHIV,ALDEx2
f__Streptococcaceae_g__Streptococcus_s__infantarius,-0.42976766698078794,-0.2998718738944435,-1.3095007114237251,-0.9545447035918002,4.580625388332289,-0.18165936924592407,0.4061187765689945,health_statusHIV,ALDEx2
f__Streptococcaceae_g__Streptococcus_s__oralis_E_351036,-0.3105446345552325,-0.18679037705499724,-1.2534800651588007,-0.9151458023036021,4.939873715363268,-0.15422463445501958,0.4155168969104463,health_statusHIV,ALDEx2
f__Veillonellaceae_g__Veillonella_A_s__montpellierensis,-0.014540127791054402,0.031407985567399876,-0.38704440394048145,-0.2143841010421621,5.708394364546357,-0.03221972949208511,0.4824000000587396,health_statusHIV,ALDEx2
f__Aerococcaceae_g__Aerococcus_s__christensenii,0.5806731200186137,0.8769990223048936,0.3284834640568661,-1.0028641600914678,5.9013330253078475,-0.1517477791940511,0.4266000002500555,studyKervinen_2022,ALDEx2
f__Aerococcaceae_g__Granulicatella_s__elegans,-0.3552988202163734,-0.6727928915154884,-0.028049001767241677,0.6248386491799858,4.489489066223822,0.12105985138801338,0.43391321758064483,studyKervinen_2022,ALDEx2
f__Atopobiaceae_g__Fannyhessea_s__massiliense,-0.21025003754887805,-0.4057330646159727,-0.02189905845795348,0.28018042372861274,4.721478756379459,0.05050976672603658,0.4734000000889182,studyKervinen_2022,ALDEx2
f__Atopobiaceae_g__Fannyhessea_s__vaginae,1.1529408086850985,1.3735178970912,0.9752955603021496,-0.7613450965653268,7.729762198936677,-0.09383692071995298,0.4556000001491764,studyKervinen_2022,ALDEx2
f__Atopobiaceae_g__Lancefieldella_s__rimae,-0.4277846483907659,-0.8254794685767024,-0.025467668285080514,0.720065919995525,4.31510236484816,0.14261415704685873,0.426400000250767,studyKervinen_2022,ALDEx2
f__Bacteroidaceae_g__Prevotella_s__amnii,0.17149740082186504,0.23940344213491027,0.11554108670406738,-0.40456683479993405,5.834568419282078,-0.05849068445460061,0.4643071386918238,studyKervinen_2022,ALDEx2
f__Bacteroidaceae_g__Prevotella_s__bivia,0.8116087193631172,1.142755647592895,0.5643350427138838,-1.0700228024677871,6.773217185476366,-0.14535330637015798,0.4320000002309379,studyKervinen_2022,ALDEx2
f__Bacteroidaceae_g__Prevotella_s__buccalis,-0.08293798249256668,-0.21270393369463392,0.03593306318666656,0.009768230812663425,5.311113822484503,0.0018767191202492452,0.49910017996700556,studyKervinen_2022,ALDEx2
f__Bacteroidaceae_g__Prevotella_s__copri,-0.36876251301870333,-0.7169635975259077,-0.014636997546185526,0.6080916531929166,4.547526183104368,0.11579316596003028,0.4384000002084981,studyKervinen_2022,ALDEx2
f__Bacteroidaceae_g__Prevotella_s__denticola,-0.3764091469418318,-0.8155119713996815,0.0881651812174411,0.7923904857074779,4.600088058758458,0.14774179297140827,0.4163167369395376,studyKervinen_2022,ALDEx2
f__Bacteroidaceae_g__Prevotella_s__disiens,-0.36083630881285966,-0.6822730346316392,-0.048548823527519325,0.4568234045009705,4.672900944301094,0.08742719761471,0.4519096182381183,studyKervinen_2022,ALDEx2
f__Bacteroidaceae_g__Prevotella_s__melaninogenica,-0.27132668974833507,-0.51585823335685,-0.024176576699026953,0.4075784338067505,4.606499704981817,0.07499141737737053,0.4607078585600489,studyKervinen_2022,ALDEx2
f__Bacteroidaceae_g__Prevotella_s__sp000758925,-0.27729559721436203,-0.559117589979472,0.0014294007247084295,0.3860639060380171,4.648726430655815,0.07191802491357961,0.46250749862593116,studyKervinen_2022,ALDEx2
f__Bacteroidaceae_g__Prevotella_s__sp001553265,-0.41731968026848243,-0.7931938079345393,-0.049914210443261275,0.6063401264879804,4.414039083511494,0.12046305768724105,0.4375124977120113,studyKervinen_2022,ALDEx2
f__Bacteroidaceae_g__Prevotella_s__timonensis,0.6014388758287019,0.8336844765981057,0.4183692308241733,-0.9202762970244915,6.1213036748786,-0.13783253574157467,0.4345130976025342,studyKervinen_2022,ALDEx2
f__Bifidobacteriaceae_g__Bifidobacterium_388775_s__Bifidobacterium breve,-0.39118162482728813,-0.8155431622775273,0.0545384208186066,0.8922568020955817,4.594649574837457,0.15564794042636865,0.418316337012286,studyKervinen_2022,ALDEx2
f__Bifidobacteriaceae_g__Bifidobacterium_388775_s__Bifidobacterium dentium,-0.448177451269661,-0.8524828753122495,-0.04366652799552018,0.7248360412400299,4.422083557589723,0.1428766284957318,0.4231153771869986,studyKervinen_2022,ALDEx2
f__Bifidobacteriaceae_g__Bifidobacterium_388775_s__Bifidobacterium leopoldii,2.7463808132554863,6.968772901158296,1.4360503107021252,-3.277598913863276,9.696680277851799,-0.3415621051411505,0.3630000004937343,studyKervinen_2022,ALDEx2
f__Bifidobacteriaceae_g__Bifidobacterium_388775_s__Bifidobacterium longum,-0.35405153516554577,-0.8121333044805432,0.12889174648543467,0.8439181258703474,4.578743843192039,0.15752626708091064,0.4185162970195633,studyKervinen_2022,ALDEx2
f__Bifidobacteriaceae_g__Bifidobacterium_388775_s__Bifidobacterium swidsinskii,-0.3253751347229521,-0.8639337805984999,0.2517106793517012,1.1030498241806974,4.733853012490623,0.21036705383726995,0.38920000038840624,studyKervinen_2022,ALDEx2
f__Bifidobacteriaceae_g__Bifidobacterium_388775_s__Bifidobacterium vaginale,1.7540743583447886,2.066272242597857,1.5267783677217484,-0.3274689105151083,9.203929639479753,-0.03486540476170208,0.48220000005940866,studyKervinen_2022,ALDEx2
f__Bradymonadaceae_g__Lujinxingia_s__litoralis,0.33800057995741195,0.7958523172558536,-0.03043305269116825,-1.5804549113096868,7.392020448598036,-0.20463087523586956,0.392600000375317,studyKervinen_2022,ALDEx2
f__Clostridiaceae_222000_g__Clostridium_P_s__massiliamazoniense,-0.40255146622598215,-0.7706671735234218,-0.031592322613059665,0.5859918986654851,4.59845638908412,0.1040705233827019,0.4450000001855783,studyKervinen_2022,ALDEx2
f__Dialisteraceae_g__Dialister_s__micraerophilus,0.57831766278085,1.4262732234845839,-0.01467455738433543,-2.1619481519857358,5.572098336869489,-0.3464266174692455,0.34580000056802523,studyKervinen_2022,ALDEx2
f__Dialisteraceae_g__Dialister_s__sp001553355,0.022838458601475153,0.09128573909417259,-0.035576581480602165,-0.46910253602417207,5.111421878375656,-0.08065120490652909,0.458400000139633,studyKervinen_2022,ALDEx2
f__Eggerthellaceae_g__Berryella_s__sp001552935,-0.13208228599069294,-0.4097324113306131,0.14063921751955544,0.5198061324486636,5.008633747853707,0.09072032518638973,0.4512000001642314,studyKervinen_2022,ALDEx2
f__Enterobacteriaceae_A_g__Escherichia_710834_s__Escherichia coli,-0.3090209288187795,-0.5724930382306006,-0.05542392063616575,0.3213465815309213,4.642126597544267,0.06051858799979079,0.4711057789408295,studyKervinen_2022,ALDEx2
f__Enterococcaceae_g__Enterococcus_H_360604_s__faecalis,-0.44618635202323986,-0.8422576635927435,-0.019033194637377626,0.7749623878044289,4.39878675432264,0.14670253438211045,0.4231153771869986,studyKervinen_2022,ALDEx2
f__Fastidiosipilaceae_g__KA00274_s__sp001552885,0.15128190369847871,0.21663391632758877,0.0898204990784599,-0.4043047421706625,5.4670099962997805,-0.06560484610284661,0.4639072186771804,studyKervinen_2022,ALDEx2
f__Fastidiosipilaceae_g__Mageeibacillus_s__indolicus,-0.3854507795085471,-0.6878889936543029,-0.05444134835239112,0.5687756466033873,4.473056606868621,0.10658444975001102,0.4403119378142334,studyKervinen_2022,ALDEx2
f__Fusobacteriaceae_993521_g__Fusobacterium_C_s__animalis,-0.39016937589910405,-0.7577406642693081,-0.020426006406882635,0.6613266119473815,4.527994492861106,0.12822932187389935,0.43520000021969,studyKervinen_2022,ALDEx2
f__Fusobacteriaceae_993521_g__Fusobacterium_C_s__gonidiaformans,-0.39454525930081186,-0.7588037489593971,-0.010789030371311625,0.6723133747664596,4.439478097241116,0.1293046966545525,0.4313137374858141,studyKervinen_2022,ALDEx2
f__Gemellaceae_g__Gemella_s__asaccharolytica,-0.07534090367469481,-0.13928171208598794,-0.017233952668994412,-0.07845747600820108,4.919092018020708,-0.016488329639343012,0.49280000002400537,studyKervinen_2022,ALDEx2
f__Lachnospiraceae_g__UBA629_s__sp005465875,-0.13614217078486668,-0.34193223405621787,0.06093531596323931,0.18598278069302054,5.089357406073778,0.028678990818967177,0.4810000000634251,studyKervinen_2022,ALDEx2
f__Lactobacillaceae_g__Lacticaseibacillus_s__paracasei,-0.44358419557509166,-0.8912986189926837,0.021637710713124036,0.9311877308597891,4.450538506831991,0.17730681370646717,0.406000000324814,studyKervinen_2022,ALDEx2
f__Lactobacillaceae_g__Lacticaseibacillus_s__rhamnosus,-0.3875677871304557,-0.8947684384339949,0.16418580143965666,1.1076246907916278,4.685469833661084,0.1991993578111974,0.39232153606909564,studyKervinen_2022,ALDEx2
f__Lactobacillaceae_g__Lactobacillus_s__acidophilus,-0.14165529803102128,-0.8335522322759701,0.6219927553494937,1.775656408182904,5.4965067039944735,0.28844090266060607,0.3479304144755596,studyKervinen_2022,ALDEx2
f__Lactobacillaceae_g__Lactobacillus_s__crispatus,7.149139181752832,2.1973247159535045,11.578719274021957,6.135842429531525,10.785016363493533,0.5295836574934644,0.2915416925023838,studyKervinen_2022,ALDEx2
f__Lactobacillaceae_g__Lactobacillus_s__delbrueckii,-0.4311549701075359,-0.8339099490941635,-0.010795590466028848,0.7410465343939174,4.52301423730517,0.14618716850421037,0.4241151772234164,studyKervinen_2022,ALDEx2
f__Lactobacillaceae_g__Lactobacillus_s__gallinarum,-0.25930604865638784,-0.8791420932175207,0.45683552839139807,1.4452435177037772,5.083766095193519,0.25699593079104066,0.3708000004614801,studyKervinen_2022,ALDEx2
f__Lactobacillaceae_g__Lactobacillus_s__gasseri_329736,-0.005434461178435157,0.028655341911727916,-0.03573340054141294,-0.46881154647976153,5.9200420417147885,-0.07087943446293063,0.4612000001301168,studyKervinen_2022,ALDEx2
f__Lactobacillaceae_g__Lactobacillus_s__helveticus,-0.43272533807498537,-0.8433211689553923,0.0168170870643376,0.8235413670416429,4.424558908297696,0.16157898211407065,0.4155168969104463,studyKervinen_2022,ALDEx2
f__Lactobacillaceae_g__Lactobacillus_s__hominis,0.27629364384759736,0.6345015990125695,-0.013583661403513858,-1.199594877806244,7.039903893258193,-0.15874417103337532,0.40731853661254414,studyKervinen_2022,ALDEx2
f__Lactobacillaceae_g__Lactobacillus_s__iners,10.2144200218417,11.383846497960214,7.644879337293167,-2.2587368492857824,9.107943562921765,-0.23590899447892222,0.3931213760980259,studyKervinen_2022,ALDEx2
f__Lactobacillaceae_g__Lactobacillus_s__jensenii_330180,1.9209815350734782,0.6061976645580263,4.85433678510337,2.6869887337909266,9.543843257692924,0.2750470906339452,0.37012597526908797,studyKervinen_2022,ALDEx2
f__Lactobacillaceae_g__Lactobacillus_s__johnsonii,-0.003683706673917264,-0.8420753701552588,1.0283265379931228,2.4167142890803204,6.046449666122338,0.34543053979058,0.3161367733538989,studyKervinen_2022,ALDEx2
f__Lactobacillaceae_g__Limosilactobacillus_s__fermentum,-0.4355299795817018,-0.8401893161410676,-0.04031403393167743,0.7558557825777159,4.550319779202691,0.13572593624707288,0.42800000024508156,studyKervinen_2022,ALDEx2
f__Lactobacillaceae_g__Limosilactobacillus_s__reuteri,0.1601657792874338,-0.3322201810371608,0.6715719511971798,1.0441463208882205,6.312085033792725,0.1521665869739955,0.4203159370850637,studyKervinen_2022,ALDEx2
f__Lactobacillaceae_g__Limosilactobacillus_s__vaginalis,-0.3743683206357131,-0.7422639740481136,-0.0015192944837014721,0.6071984927577487,4.654031076825981,0.11192717303313153,0.4392000002057087,studyKervinen_2022,ALDEx2
f__Leptotrichiaceae_g__Sneathia_s__sanguinegens,0.3207592773194934,0.752735702388831,-0.035009594412604095,-1.3261116009232872,5.9087823268028465,-0.19776180949429437,0.3966000003600652,studyKervinen_2022,ALDEx2
f__Leptotrichiaceae_g__Sneathia_s__vaginalis,0.33171405712255897,0.5194151283216488,0.16175883149232995,-0.7993296269135133,5.936943954617683,-0.11126989439701918,0.4430000001925017,studyKervinen_2022,ALDEx2
f__Leptotrichiaceae_g__Streptobacillus_993623_s__Streptobacillus moniliformis,0.1248357609600772,0.2680608662697086,-0.003997958091084719,-0.6918349420790566,5.839761637780721,-0.09808179031273935,0.4409118178361436,studyKervinen_2022,ALDEx2
f__Megasphaeraceae_g__Megasphaera_A_38692_s__hutchinsoni,-0.31838162053713326,-0.6281304438171817,-0.01807712603316247,0.4479244855472295,4.545616722803215,0.08623512410827958,0.45470905834052017,studyKervinen_2022,ALDEx2
f__Megasphaeraceae_g__Megasphaera_A_38692_s__lornae,0.4711962729172763,0.7114712492960766,0.25986104233531293,-0.9358086319303771,7.285608422934808,-0.11953789744621444,0.43420000022319855,studyKervinen_2022,ALDEx2
f__Metamycoplasmataceae_g__Metamycoplasma_s__hominis,0.07130317152098442,0.18597313014308448,-0.040069182393211555,-0.5224251806790212,5.309917891619082,-0.0840468602248505,0.453109378282001,studyKervinen_2022,ALDEx2
f__Mycobacteriaceae_g__Corynebacterium_s__tuberculostearicum,0.07733495034308469,0.17258634871238066,0.0020321404965510936,-0.5230036366102349,5.063598119976403,-0.09309808537524067,0.45250949826005876,studyKervinen_2022,ALDEx2
f__Mycoplasmoidaceae_g__Malacoplasma_A_271179_s__girerdii,-0.427774976378152,-0.7939353735370336,-0.03297016447407053,0.6770205255890085,4.421008870692418,0.13324793748174318,0.42791441736186375,studyKervinen_2022,ALDEx2
f__Mycoplasmoidaceae_g__Ureaplasma_s__parvum,0.05026032250037371,0.1190098390115466,-0.018607400057048196,-0.4206348750203297,5.476286622839473,-0.06595275172583412,0.46250749862593116,studyKervinen_2022,ALDEx2
f__Mycoplasmoidaceae_g__Ureaplasma_s__urealyticum,0.5539325383133296,1.35608305735781,0.010387510223620389,-2.243213583877906,6.36824300053739,-0.3194762161375643,0.35712857480351545,studyKervinen_2022,ALDEx2
f__Nanoperiomorbaceae_g__Nanoperiomorbus_s__sp004136275,-0.20978244351042452,-0.40649890716838755,-0.013059532584854594,0.19917471342774107,4.925800097705655,0.03732666880530927,0.4812000000627556,studyKervinen_2022,ALDEx2
f__Neisseriaceae_563222_g__Neisseria_563205_s__Neisseria gonorrhoeae,-0.41942757441190714,-0.8057197119883881,-0.014001646409704804,0.6761907295579377,4.4718197482610424,0.1254721586059483,0.43151369749310736,studyKervinen_2022,ALDEx2
f__Peptoniphilaceae_g__Anaerococcus_s__prevotii,-0.2229407449953662,-0.413326581830713,-0.04843431664250808,0.2564474524440321,4.613479608930279,0.04738235564844926,0.47810437919727145,studyKervinen_2022,ALDEx2
f__Peptoniphilaceae_g__Finegoldia_s__magna_H,0.19545616046987302,0.48738070427123237,-0.020884482998903664,-1.094522738250907,5.388911978065172,-0.17866100940335888,0.41291741681593275,studyKervinen_2022,ALDEx2
f__Peptoniphilaceae_g__Parvimonas_s__parva,-0.21055343465090637,-0.42775086818167996,3.6553616883239215e-4,0.3248581623215001,4.577985677020222,0.06305205822778673,0.4679064188236349,studyKervinen_2022,ALDEx2
f__Peptoniphilaceae_g__Peptoniphilus_A_s__gorbachii,0.13555617348171634,0.2766342009778633,-0.0075354003166303585,-0.5932743115691537,4.931174963323171,-0.11072789260201044,0.44871025812112564,studyKervinen_2022,ALDEx2
f__Peptostreptococcaceae_256921_g__Peptostreptococcus_s__anaerobius,0.10117457380069261,0.24015919490312765,-0.02235247068251578,-0.5122025436096092,5.126797601785082,-0.08306833964008523,0.4564000001464469,studyKervinen_2022,ALDEx2
f__Porphyromonadaceae_g__Porphyromonas_A_859424_s__uenonis,-0.35982014625715664,-0.6948198421366829,-0.012074127913663801,0.6355905524035448,4.514288383680676,0.1202988307824763,0.43400000022390134,studyKervinen_2022,ALDEx2
f__Sphingomonadaceae_g__Sphingomonas_L_486704_s__aerolata,-0.014891922966608462,-0.8752071911814907,1.0449407507002864,2.392602597414971,5.329099252526314,0.4009310865544304,0.3076000007528019,studyKervinen_2022,ALDEx2
f__Staphylococcaceae_g__Staphylococcus_s__aureus_317625,-0.4432999960672026,-0.8353468518936378,-0.029602976145071125,0.7366305112954725,4.440207682659321,0.13963894615071282,0.4250000002557547,studyKervinen_2022,ALDEx2
f__Streptococcaceae_g__Streptococcus_s__agalactiae,-0.33037296078983935,-0.7440979637240215,0.11191418744099213,0.8724464681211641,4.7475899794802165,0.15488186969722872,0.4182000002801648,studyKervinen_2022,ALDEx2
f__Streptococcaceae_g__Streptococcus_s__anginosus,0.21509490863727443,-0.24282118470985736,0.702800967083804,0.9334401385183115,5.718451130980564,0.14452939648536067,0.4270000002486335,studyKervinen_2022,ALDEx2
f__Streptococcaceae_g__Streptococcus_s__infantarius,-0.42976766698078794,-0.8305565321277699,0.004217027446705934,0.8031969174113174,4.402555134260742,0.15802763394509767,0.41711657696863375,studyKervinen_2022,ALDEx2
f__Streptococcaceae_g__Streptococcus_s__oralis_E_351036,-0.3105446345552325,-0.6126798022826154,-0.0223558153135599,0.48856885339125444,4.717387592802256,0.08667842442286759,0.4493101381430584,studyKervinen_2022,ALDEx2
f__Veillonellaceae_g__Veillonella_A_s__montpellierensis,-0.014540127791054402,0.013597370225790328,-0.04543265167959909,-0.363478841692662,5.344614640169128,-0.06035851720232037,0.46770645881631107,studyKervinen_2022,ALDEx2
f__Aerococcaceae_g__Aerococcus_s__christensenii,0.5806731200186137,0.5736942691854923,0.6516053959099288,0.10464249460165043,5.985950019572806,0.016880053013757616,0.49253731346666574,studyLivson_2022,ALDEx2
f__Aerococcaceae_g__Granulicatella_s__elegans,-0.3552988202163734,-0.35235358052136867,-0.3774668941210244,-0.04380615796613441,4.359592880420468,-0.010115770765402285,0.495802238824996,studyLivson_2022,ALDEx2
f__Atopobiaceae_g__Fannyhessea_s__massiliense,-0.21025003754887805,-0.1915410261559547,-0.3763009413654963,-0.1809398464390366,4.567306532360851,-0.03289344758627505,0.48332944749924484,studyLivson_2022,ALDEx2
f__Atopobiaceae_g__Fannyhessea_s__vaginae,1.1529408086850985,1.1863098046148108,0.8353690708180119,-0.1703112057686509,7.694216056341751,-0.019623428792913608,0.4885727612458475,studyLivson_2022,ALDEx2
f__Atopobiaceae_g__Lancefieldella_s__rimae,-0.4277846483907659,-0.4432850777205015,-0.30488796146551955,0.022209667427365076,4.302093915310643,0.005455150038053876,0.49673507464166333,studyLivson_2022,ALDEx2
f__Bacteroidaceae_g__Prevotella_s__amnii,0.17149740082186504,0.23023458369769667,-0.31907527477309117,-0.6904551338436313,5.054859003253816,-0.11788569278641957,0.42817164212344533,studyLivson_2022,ALDEx2
f__Bacteroidaceae_g__Prevotella_s__bivia,0.8116087193631172,0.8126347258796178,0.793180961457133,-0.061825036349056006,6.669154218172994,-0.00834215921692076,0.495686640262022,studyLivson_2022,ALDEx2
f__Bacteroidaceae_g__Prevotella_s__buccalis,-0.08293798249256668,-0.053164698236051855,-0.3234610298981515,-0.4818957579668268,4.74503928199871,-0.08275110071761407,0.45545708975573096,studyLivson_2022,ALDEx2
f__Bacteroidaceae_g__Prevotella_s__copri,-0.36876251301870333,-0.37475276222145215,-0.3037752686498312,-0.06737905948308676,4.412872269975806,-0.011478853197817133,0.493003731374998,studyLivson_2022,ALDEx2
f__Bacteroidaceae_g__Prevotella_s__denticola,-0.3764091469418318,-0.38237858949172754,-0.3389217637217463,-0.04005919902768529,4.436304022409628,-0.007277080662308496,0.4963861040033154,studyLivson_2022,ALDEx2
f__Bacteroidaceae_g__Prevotella_s__disiens,-0.36083630881285966,-0.42454099066552864,0.16684818326366901,0.7691175512213508,5.030361652266116,0.13636756430543173,0.4305037316644599,studyLivson_2022,ALDEx2
f__Bacteroidaceae_g__Prevotella_s__melaninogenica,-0.27132668974833507,-0.25812000353636755,-0.3773121635531016,-0.23528527924888376,4.517552867432119,-0.04029307771781511,0.47936581963198777,studyLivson_2022,ALDEx2
f__Bacteroidaceae_g__Prevotella_s__sp000758925,-0.27729559721436203,-0.2676121498068911,-0.3374457638962216,-0.13486972889258197,4.426298726328258,-0.02606959156049237,0.4857742537958694,studyLivson_2022,ALDEx2
f__Bacteroidaceae_g__Prevotella_s__sp001553265,-0.41731968026848243,-0.42738787421000346,-0.33599573003564664,0.09638188622510757,4.380858155435619,0.018719100847034098,0.48927238810834345,studyLivson_2022,ALDEx2
f__Bacteroidaceae_g__Prevotella_s__timonensis,0.6014388758287019,0.5839234848984702,0.7623857724664207,0.20572457559644963,6.1565316704286115,0.03083339358776223,0.48367537320839377,studyLivson_2022,ALDEx2
f__Bifidobacteriaceae_g__Bifidobacterium_388775_s__Bifidobacterium breve,-0.39118162482728813,-0.39387184401016384,-0.370991178978171,-0.020699741565379348,4.47752246469827,-0.004034781940883031,0.49766791045833125,studyLivson_2022,ALDEx2
f__Bifidobacteriaceae_g__Bifidobacterium_388775_s__Bifidobacterium dentium,-0.448177451269661,-0.4836216901149335,-0.130148594319758,0.3578806119966824,4.754273307098229,0.06905349981370584,0.4653765448067053,studyLivson_2022,ALDEx2
f__Bifidobacteriaceae_g__Bifidobacterium_388775_s__Bifidobacterium leopoldii,2.7463808132554863,2.6030420626933983,4.97803234584993,0.3786712695800558,9.831333680565344,0.03837981854364152,0.4821636745971075,studyLivson_2022,ALDEx2
f__Bifidobacteriaceae_g__Bifidobacterium_388775_s__Bifidobacterium longum,-0.35405153516554577,-0.3787818519013193,-0.1494426501263959,0.30405564939942487,4.607042392944954,0.048255390993982794,0.4719048730584296,studyLivson_2022,ALDEx2
f__Bifidobacteriaceae_g__Bifidobacterium_388775_s__Bifidobacterium swidsinskii,-0.3253751347229521,-0.3236697753008855,-0.3424170457486291,-0.10259673725337048,4.551248931023328,-0.01781984503734711,0.4898577757512567,studyLivson_2022,ALDEx2
f__Bifidobacteriaceae_g__Bifidobacterium_388775_s__Bifidobacterium vaginale,1.7540743583447886,1.6598553082334568,3.097045550851604,1.1187650001731049,9.041987317840999,0.11958283733781347,0.44333022414077805,studyLivson_2022,ALDEx2
f__Bradymonadaceae_g__Lujinxingia_s__litoralis,0.33800057995741195,0.4227318049135489,-0.3495153936862394,-1.1158132641255918,5.640872782650557,-0.16091665021761073,0.4034514929918381,studyLivson_2022,ALDEx2
f__Clostridiaceae_222000_g__Clostridium_P_s__massiliamazoniense,-0.40255146622598215,-0.4325304047368057,-0.08997959650832854,0.3177473291964166,5.0080532746126964,0.052249648755918504,0.47224813445452424,studyLivson_2022,ALDEx2
f__Dialisteraceae_g__Dialister_s__micraerophilus,0.57831766278085,0.5020689783530319,1.4592578020350562,1.0249033139193333,5.998636527850672,0.15609656263180013,0.42783865736346144,studyLivson_2022,ALDEx2
f__Dialisteraceae_g__Dialister_s__sp001553355,0.022838458601475153,0.06290052303003701,-0.3071846144990493,-0.45952709400031466,4.708025428512133,-0.08225998780234156,0.4519589554436406,studyLivson_2022,ALDEx2
f__Eggerthellaceae_g__Berryella_s__sp001552935,-0.13208228599069294,-0.1076372020160914,-0.3680111718641701,-0.3703084091778761,4.67829592549188,-0.06615992353811773,0.4660760085479542,studyLivson_2022,ALDEx2
f__Enterobacteriaceae_A_g__Escherichia_710834_s__Escherichia coli,-0.3090209288187795,-0.3051042505462078,-0.33104527506026393,-0.057420702564995985,4.4654999417747065,-0.011895189866559934,0.493003731374998,studyLivson_2022,ALDEx2
f__Enterococcaceae_g__Enterococcus_H_360604_s__faecalis,-0.44618635202323986,-0.4649997985175496,-0.28072412220060805,0.041178152212786756,4.352833548019531,0.008754969724976306,0.49522033110116,studyLivson_2022,ALDEx2
f__Fastidiosipilaceae_g__KA00274_s__sp001552885,0.15128190369847871,0.21404057993787085,-0.3303398494881442,-0.6874275143374815,4.9620331551583075,-0.1246587223181363,0.4335354480678434,studyLivson_2022,ALDEx2
f__Fastidiosipilaceae_g__Mageeibacillus_s__indolicus,-0.3854507795085471,-0.3918893330384652,-0.33401184809041506,-0.07447781777070617,4.308007893024397,-0.013547654566492671,0.4917230123946987,studyLivson_2022,ALDEx2
f__Fusobacteriaceae_993521_g__Fusobacterium_C_s__animalis,-0.39016937589910405,-0.4046772615326635,-0.27906137011463805,0.03674064628020002,4.328014554455601,0.006678997237812248,0.49626865673332987,studyLivson_2022,ALDEx2
f__Fusobacteriaceae_993521_g__Fusobacterium_C_s__gonidiaformans,-0.39454525930081186,-0.3944656071506607,-0.3950114114964327,-0.005789016232088606,4.324595080180632,-0.0011131839602603268,0.4990671641833318,studyLivson_2022,ALDEx2
f__Gemellaceae_g__Gemella_s__asaccharolytica,-0.07534090367469481,-0.046607710505980116,-0.336018182602249,-0.45702944407876434,4.63600723866872,-0.08909201279330145,0.459421641976173,studyLivson_2022,ALDEx2
f__Lachnospiraceae_g__UBA629_s__sp005465875,-0.13614217078486668,-0.10709454366556326,-0.3640731226945153,-0.30306399960782837,4.644610163473963,-0.04731465657027753,0.471205409317167,studyLivson_2022,ALDEx2
f__Lactobacillaceae_g__Lacticaseibacillus_s__paracasei,-0.44358419557509166,-0.4497678856454739,-0.38869694679313405,-0.048780569355208137,4.394836550139658,-0.008689462982995066,0.495919794842453,studyLivson_2022,ALDEx2
f__Lactobacillaceae_g__Lacticaseibacillus_s__rhamnosus,-0.3875677871304557,-0.39437209006259,-0.329178212023141,-0.08138884967703675,4.50024560005769,-0.015512444621190696,0.49160447765000115,studyLivson_2022,ALDEx2
f__Lactobacillaceae_g__Lactobacillus_s__acidophilus,-0.14165529803102128,-0.14900298790101285,-0.07221939783282938,0.13028549690045654,5.706022534615266,0.020497786816044028,0.48822569368824803,studyLivson_2022,ALDEx2
f__Lactobacillaceae_g__Lactobacillus_s__crispatus,7.149139181752832,6.422233670243638,10.173068945957823,3.821624741612066,9.410247380514324,0.37752718561285076,0.3404056897767779,studyLivson_2022,ALDEx2
f__Lactobacillaceae_g__Lactobacillus_s__delbrueckii,-0.4311549701075359,-0.4597655624004151,-0.1829875309971012,0.4015432869932676,4.535129223378653,0.07455994934106641,0.4610541046551999,studyLivson_2022,ALDEx2
f__Lactobacillaceae_g__Lactobacillus_s__gallinarum,-0.25930604865638784,-0.2474732153390855,-0.34087827969095574,-0.2558862707396754,4.753459450453544,-0.046075672036738194,0.4759794777210575,studyLivson_2022,ALDEx2
f__Lactobacillaceae_g__Lactobacillus_s__gasseri_329736,-0.005434461178435157,-0.2166368148180995,4.233906505452304,4.240655836076973,7.064318393895856,0.5360414980533078,0.2719216430963477,studyLivson_2022,ALDEx2
f__Lactobacillaceae_g__Lactobacillus_s__helveticus,-0.43272533807498537,-0.4489334056032641,-0.31761155601818203,0.08881821421848901,4.345807918022879,0.02058264415965896,0.4896246211708263,studyLivson_2022,ALDEx2
f__Lactobacillaceae_g__Lactobacillus_s__hominis,0.27629364384759736,0.35064047577068624,-0.3326166660451948,-0.9308141148674975,5.638470952774725,-0.132525076639952,0.41791044814354655,studyLivson_2022,ALDEx2
f__Lactobacillaceae_g__Lactobacillus_s__iners,10.2144200218417,10.036395504499245,11.919735102342635,2.4664707771564833,8.070976092497883,0.30037698893509657,0.35066449130000027,studyLivson_2022,ALDEx2
f__Lactobacillaceae_g__Lactobacillus_s__jensenii_330180,1.9209815350734782,1.4313482018004802,7.900191733461711,5.388321543932463,8.820514099193081,0.5802442038024056,0.2776871078068937,studyLivson_2022,ALDEx2
f__Lactobacillaceae_g__Lactobacillus_s__johnsonii,-0.003683706673917264,0.018089311247051043,-0.17124686186621574,-0.3163560351154926,5.88346306118078,-0.04192903137841174,0.47364738817946955,studyLivson_2022,ALDEx2
f__Lactobacillaceae_g__Limosilactobacillus_s__fermentum,-0.4355299795817018,-0.46118333683730306,-0.19077730716294639,0.26580130128673307,4.654248399071342,0.051900384471771324,0.4747027280234964,studyLivson_2022,ALDEx2
f__Lactobacillaceae_g__Limosilactobacillus_s__reuteri,0.1601657792874338,0.0746675441801612,0.9875933031847204,1.2242447890471597,6.840825556044531,0.17647528161653847,0.41501515544423845,studyLivson_2022,ALDEx2
f__Lactobacillaceae_g__Limosilactobacillus_s__vaginalis,-0.3743683206357131,-0.41418154647988015,0.011813337067136054,0.4750027671262922,4.9961164423537126,0.08502028067362104,0.45405783603088723,studyLivson_2022,ALDEx2
f__Leptotrichiaceae_g__Sneathia_s__sanguinegens,0.3207592773194934,0.40682182138987866,-0.3388711726833611,-1.0076394756141012,5.172560214928708,-0.15919065008345923,0.4127798511539742,studyLivson_2022,ALDEx2
f__Leptotrichiaceae_g__Sneathia_s__vaginalis,0.33171405712255897,0.42332939312316764,-0.31158064044969347,-0.919554244071473,5.205158327150907,-0.1548496923400646,0.4119841458999289,studyLivson_2022,ALDEx2
f__Leptotrichiaceae_g__Streptobacillus_993623_s__Streptobacillus moniliformis,0.1248357609600772,0.17605711151203085,-0.2864918167431094,-0.5746791916911134,5.06932808521239,-0.09144335074632279,0.44169776146190953,studyLivson_2022,ALDEx2
f__Megasphaeraceae_g__Megasphaera_A_38692_s__hutchinsoni,-0.31838162053713326,-0.3140441022006639,-0.3507036319097647,-0.14126380272278016,4.413416953762685,-0.02676063511757539,0.48600746275003387,studyLivson_2022,ALDEx2
f__Megasphaeraceae_g__Megasphaera_A_38692_s__lornae,0.4711962729172763,0.5130055379091978,0.13684982171568638,-0.5453314251583459,6.670907413988385,-0.07347475135462801,0.4534856612057923,studyLivson_2022,ALDEx2
f__Metamycoplasmataceae_g__Metamycoplasma_s__hominis,0.07130317152098442,0.12282562473061098,-0.37074500687636913,-0.5963885804920608,4.7614506097458325,-0.10723822816722312,0.4369316859979483,studyLivson_2022,ALDEx2
f__Mycobacteriaceae_g__Corynebacterium_s__tuberculostearicum,0.07733495034308469,0.1286522017469558,-0.32103131504340787,-0.6650984970348599,4.643183197715533,-0.12305619320423994,0.4393656719206997,studyLivson_2022,ALDEx2
f__Mycoplasmoidaceae_g__Malacoplasma_A_271179_s__girerdii,-0.427774976378152,-0.4421754321742055,-0.3140623850278512,0.054227441863893056,4.305372571604799,0.011978215427879595,0.49160447765000115,studyLivson_2022,ALDEx2
f__Mycoplasmoidaceae_g__Ureaplasma_s__parvum,0.05026032250037371,0.09796058003487751,-0.33358099671579744,-0.619790805183241,5.03452177415585,-0.10142761642973379,0.44239738832427994,studyLivson_2022,ALDEx2
f__Mycoplasmoidaceae_g__Ureaplasma_s__urealyticum,0.5539325383133296,0.6265509739837611,-0.02330039830937558,-0.9677776975749719,5.801245963643852,-0.14859014010524416,0.42177663827418416,studyLivson_2022,ALDEx2
f__Nanoperiomorbaceae_g__Nanoperiomorbus_s__sp004136275,-0.20978244351042452,-0.1950421744448576,-0.33823241028932216,-0.2599722058634475,4.645794125556985,-0.04803513844102777,0.4761016555060375,studyLivson_2022,ALDEx2
f__Neisseriaceae_563222_g__Neisseria_563205_s__Neisseria gonorrhoeae,-0.41942757441190714,-0.4329013001034001,-0.30589563896186966,0.06833466481802386,4.36423550284697,0.01118374491516843,0.49405455819900546,studyLivson_2022,ALDEx2
f__Peptoniphilaceae_g__Anaerococcus_s__prevotii,-0.2229407449953662,-0.21111400761045918,-0.33240761339560176,-0.14259834469518307,4.494885404922441,-0.031371947834111874,0.485307835887541,studyLivson_2022,ALDEx2
f__Peptoniphilaceae_g__Finegoldia_s__magna_H,0.19545616046987302,0.06461748707935033,1.649473058354137,1.9940535892270184,5.923192961120732,0.31889309108910924,0.35844216487657893,studyLivson_2022,ALDEx2
f__Peptoniphilaceae_g__Parvimonas_s__parva,-0.21055343465090637,-0.19537802530798132,-0.33367231297116895,-0.19275400960528,4.530932933404247,-0.036434903845713545,0.4808768657584387,studyLivson_2022,ALDEx2
f__Peptoniphilaceae_g__Peptoniphilus_A_s__gorbachii,0.13555617348171634,0.18698153731004652,-0.3130039549946524,-0.6826347599577662,4.631907470513573,-0.12661272357168948,0.4351679107466178,studyLivson_2022,ALDEx2
f__Peptostreptococcaceae_256921_g__Peptostreptococcus_s__anaerobius,0.10117457380069261,0.16243699996196792,-0.37861547375164584,-0.6736684874758128,4.693114012613106,-0.12246603499410166,0.42607276153657114,studyLivson_2022,ALDEx2
f__Porphyromonadaceae_g__Porphyromonas_A_859424_s__uenonis,-0.35982014625715664,-0.36224068784607155,-0.3435137206213925,-0.010228050248925591,4.337711927748277,-0.002142213709401727,0.49860074627499834,studyLivson_2022,ALDEx2
f__Sphingomonadaceae_g__Sphingomonas_L_486704_s__aerolata,-0.014891922966608462,0.030223329898390716,-0.3668010125645331,-0.6745345611575697,5.009344620645402,-0.1148621404238082,0.4446257871506778,studyLivson_2022,ALDEx2
f__Staphylococcaceae_g__Staphylococcus_s__aureus_317625,-0.4432999960672026,-0.4569757332460789,-0.32867735874762083,0.11159061603931697,4.221427711721485,0.022824260711571752,0.4858941478839561,studyLivson_2022,ALDEx2
f__Streptococcaceae_g__Streptococcus_s__agalactiae,-0.33037296078983935,-0.33113906344433097,-0.3220898650093442,-0.16006238874638257,4.5810896891648225,-0.028004118757009696,0.4848414179792127,studyLivson_2022,ALDEx2
f__Streptococcaceae_g__Streptococcus_s__anginosus,0.21509490863727443,0.3007324237380704,-0.43896997013557026,-0.9153133612122124,5.094369390233189,-0.15690406108584093,0.41827931956898473,studyLivson_2022,ALDEx2
f__Streptococcaceae_g__Streptococcus_s__infantarius,-0.42976766698078794,-0.4355322624654887,-0.38419943230601206,0.036777679962655796,4.340938737978334,0.006756077969508163,0.495686640262022,studyLivson_2022,ALDEx2
f__Streptococcaceae_g__Streptococcus_s__oralis_E_351036,-0.3105446345552325,-0.31134022294257413,-0.30106502751038633,-0.051020719659044644,4.474506187878626,-0.009423425552642185,0.49416977614583024,studyLivson_2022,ALDEx2
f__Veillonellaceae_g__Veillonella_A_s__montpellierensis,-0.014540127791054402,-0.021613177895993374,0.03822782221167209,0.05567045263083159,5.210739100039693,0.008223032098223736,0.4954534856815914,studyLivson_2022,ALDEx2
f__Aerococcaceae_g__Aerococcus_s__christensenii,0.5806731200186137,0.5607289906485615,0.7521259810515435,0.5428852939456652,6.555013855753354,0.08105431999346302,0.4634000001226576,studyMovassagh_2021,ALDEx2
f__Aerococcaceae_g__Granulicatella_s__elegans,-0.3552988202163734,-0.24014612390416978,-1.1053737848249998,-0.6343755824988158,5.1575582266882085,-0.10448223789520011,0.440111977806931,studyMovassagh_2021,ALDEx2
f__Atopobiaceae_g__Fannyhessea_s__massiliense,-0.21025003754887805,-0.045013094073107496,-1.202638170475936,-1.0517578991502345,5.114868149717552,-0.17683233215197897,0.40380000033299357,studyMovassagh_2021,ALDEx2
f__Atopobiaceae_g__Fannyhessea_s__vaginae,1.1529408086850985,1.1264661216275345,1.4226124245906941,0.36325819936200876,8.274168419707609,0.04274165536286953,0.4810000000634251,studyMovassagh_2021,ALDEx2
f__Atopobiaceae_g__Lancefieldella_s__rimae,-0.4277846483907659,-0.19816607343567227,-1.739252472726438,-1.4709004177587488,4.412407768567194,-0.29087878192365935,0.35252949463936867,studyMovassagh_2021,ALDEx2
f__Bacteroidaceae_g__Prevotella_s__amnii,0.17149740082186504,0.1684086240087277,0.19352863519539465,0.6709785471963938,7.513776731951574,0.08216560220160504,0.45650869840636593,studyMovassagh_2021,ALDEx2
f__Bacteroidaceae_g__Prevotella_s__bivia,0.8116087193631172,0.7328224254594877,1.9575764949962213,1.6966148092079325,7.774590887194458,0.20077137391698485,0.41931613704867177,studyMovassagh_2021,ALDEx2
f__Bacteroidaceae_g__Prevotella_s__buccalis,-0.08293798249256668,0.03492289741772936,-0.8610948321138396,-0.6363261873380681,6.33416404583693,-0.08800947815458751,0.4484000001738515,studyMovassagh_2021,ALDEx2
f__Bacteroidaceae_g__Prevotella_s__copri,-0.36876251301870333,-0.21715282185948404,-1.332976311028812,-0.82604351767956,5.082882910865538,-0.1412695163506136,0.4249150172525564,studyMovassagh_2021,ALDEx2
f__Bacteroidaceae_g__Prevotella_s__denticola,-0.3764091469418318,-0.12521389024578689,-1.7935938256546855,-1.618707919057421,4.464558295875932,-0.32072583849111025,0.34400000057607766,studyMovassagh_2021,ALDEx2
f__Bacteroidaceae_g__Prevotella_s__disiens,-0.36083630881285966,-0.1182344248793914,-1.7887052184684071,-1.6714539581692325,4.572048864638656,-0.32417253000082563,0.33920000059783145,studyMovassagh_2021,ALDEx2
f__Bacteroidaceae_g__Prevotella_s__melaninogenica,-0.27132668974833507,-0.10711401718198044,-1.3504764487724996,-1.0735430973789946,5.2536103838846255,-0.16873084344877562,0.40840000031593665,studyMovassagh_2021,ALDEx2
f__Bacteroidaceae_g__Prevotella_s__sp000758925,-0.27729559721436203,-0.09396856565793499,-1.329901379554646,-1.0683176126568483,4.956554091729252,-0.180261787197533,0.40480000032927016,studyMovassagh_2021,ALDEx2
f__Bacteroidaceae_g__Prevotella_s__sp001553265,-0.41731968026848243,-0.23977070380817267,-1.4834756678816952,-1.1128900411565938,4.728915394336774,-0.20763990882130434,0.38652269585954707,studyMovassagh_2021,ALDEx2
f__Bacteroidaceae_g__Prevotella_s__timonensis,0.6014388758287019,0.49897075924315004,1.7622373616374603,1.8454177167652492,7.001214724322679,0.2474699130273727,0.40131973639491875,studyMovassagh_2021,ALDEx2
f__Bifidobacteriaceae_g__Bifidobacterium_388775_s__Bifidobacterium breve,-0.39118162482728813,-0.149435904646114,-1.7796601417654063,-1.5652722966851513,4.559602553635362,-0.2990846900000248,0.3475304944613319,studyMovassagh_2021,ALDEx2
f__Bifidobacteriaceae_g__Bifidobacterium_388775_s__Bifidobacterium dentium,-0.448177451269661,-0.22045103253260745,-1.7557693628582403,-1.4727613883157886,4.319567687247838,-0.29324158920762666,0.35812837483924187,studyMovassagh_2021,ALDEx2
f__Bifidobacteriaceae_g__Bifidobacterium_388775_s__Bifidobacterium leopoldii,2.7463808132554863,2.4157861802075233,7.5802109774624995,1.1660681578925356,10.01357925854289,0.12313876988188843,0.45270945826737247,studyMovassagh_2021,ALDEx2
f__Bifidobacteriaceae_g__Bifidobacterium_388775_s__Bifidobacterium longum,-0.35405153516554577,-0.11092077151146995,-1.7503363741529085,-1.6188343572318864,4.539444318122958,-0.2926640111419215,0.3485302944969057,studyMovassagh_2021,ALDEx2
f__Bifidobacteriaceae_g__Bifidobacterium_388775_s__Bifidobacterium swidsinskii,-0.3253751347229521,-0.0735287973662988,-1.7524717365170641,-1.6375297648672111,4.721810692621734,-0.3040441942301796,0.35052989456810496,studyMovassagh_2021,ALDEx2
f__Bifidobacteriaceae_g__Bifidobacterium_388775_s__Bifidobacterium vaginale,1.7540743583447886,1.8727663524889566,0.8349304968162761,-1.359793902403136,8.921698477617705,-0.14234408640067597,0.4282000002443729,studyMovassagh_2021,ALDEx2
f__Bradymonadaceae_g__Lujinxingia_s__litoralis,0.33800057995741195,-0.22844788419649298,12.729533499885783,13.239144201482823,3.653661228207186,3.6552234460253548,1.4036290063119436e-5,studyMovassagh_2021,ALDEx2
f__Clostridiaceae_222000_g__Clostridium_P_s__massiliamazoniense,-0.40255146622598215,-0.16610278514153087,-1.7564027035224408,-1.578051857447086,4.590990302522712,-0.3006998457664908,0.35120000054419725,studyMovassagh_2021,ALDEx2
f__Dialisteraceae_g__Dialister_s__micraerophilus,0.57831766278085,0.43693118573466894,2.5856366996579503,2.3909139251861724,6.466080993741106,0.34372295949748854,0.3647270550754085,studyMovassagh_2021,ALDEx2
f__Dialisteraceae_g__Dialister_s__sp001553355,0.022838458601475153,0.04869779048049061,-0.18194732750627374,0.3129810383416123,6.364617220590999,0.05142747124903471,0.478600000071464,studyMovassagh_2021,ALDEx2
f__Eggerthellaceae_g__Berryella_s__sp001552935,-0.13208228599069294,0.1580647473928476,-1.7467132133314909,-1.9342422280814935,4.741714905713222,-0.37282901807586755,0.3201359734938261,studyMovassagh_2021,ALDEx2
f__Enterobacteriaceae_A_g__Escherichia_710834_s__Escherichia coli,-0.3090209288187795,-0.15393354558498284,-1.3298609252269307,-1.0921315569230536,5.198955335572619,-0.17603337969999716,0.4017196564094172,studyMovassagh_2021,ALDEx2
f__Enterococcaceae_g__Enterococcus_H_360604_s__faecalis,-0.44618635202323986,-0.24056262161625241,-1.673358561884739,-1.3193583658439323,4.640959497492299,-0.24689028145347652,0.3788000004292204,studyMovassagh_2021,ALDEx2
f__Fastidiosipilaceae_g__KA00274_s__sp001552885,0.15128190369847871,0.1981271246192522,-0.1573203846514346,0.019549395065336483,6.540025265962287,0.002393537100130976,0.4986000000046669,studyMovassagh_2021,ALDEx2
f__Fastidiosipilaceae_g__Mageeibacillus_s__indolicus,-0.3854507795085471,-0.2582624189509435,-1.1109391899921999,-0.6682507760067349,4.857342804967662,-0.1195501676657024,0.43431313759523793,studyMovassagh_2021,ALDEx2
f__Fusobacteriaceae_993521_g__Fusobacterium_C_s__animalis,-0.39016937589910405,-0.2314518758603894,-1.4341960179188051,-0.985004140852892,4.898476040530602,-0.1710857981648985,0.4140000002954062,studyMovassagh_2021,ALDEx2
f__Fusobacteriaceae_993521_g__Fusobacterium_C_s__gonidiaformans,-0.39454525930081186,-0.21764018111744488,-1.4622178468155358,-1.1041679549854617,4.604639511602339,-0.20778647947964973,0.3958000003631026,studyMovassagh_2021,ALDEx2
f__Gemellaceae_g__Gemella_s__asaccharolytica,-0.07534090367469481,-0.04879353801377384,-0.273483885326276,0.26707669232471876,5.624449197261127,0.04491002231881333,0.4795040992485711,studyMovassagh_2021,ALDEx2
f__Lachnospiraceae_g__UBA629_s__sp005465875,-0.13614217078486668,-0.011468953882990185,-1.0062030064887368,-0.7319590253830972,5.579862799456745,-0.10316899189380532,0.4414000001980537,studyMovassagh_2021,ALDEx2
f__Lactobacillaceae_g__Lacticaseibacillus_s__paracasei,-0.44358419557509166,-0.2098161022401408,-1.7896071018357347,-1.4561586693447026,4.4630694352995945,-0.29070030314758,0.3567286547892284,studyMovassagh_2021,ALDEx2
f__Lactobacillaceae_g__Lacticaseibacillus_s__rhamnosus,-0.3875677871304557,-0.14068941171558524,-1.7712553909938515,-1.593986002842148,4.557327633879039,-0.3015623751477284,0.34720000056180084,studyMovassagh_2021,ALDEx2
f__Lactobacillaceae_g__Lactobacillus_s__acidophilus,-0.14165529803102128,0.15644850542194977,-1.7822090210767296,-2.012444393791129,5.118657005993657,-0.3527969824571413,0.31493701331199375,studyMovassagh_2021,ALDEx2
f__Lactobacillaceae_g__Lactobacillus_s__crispatus,7.149139181752832,7.928307742942916,-0.21359572735357446,-7.270312703558665,11.091571291494141,-0.6488994201361862,0.24420000115495918,studyMovassagh_2021,ALDEx2
f__Lactobacillaceae_g__Lactobacillus_s__delbrueckii,-0.4311549701075359,-0.20134895713725598,-1.7432258100416131,-1.4400398332087283,4.567175269111046,-0.2822770588724843,0.3583283348463895,studyMovassagh_2021,ALDEx2
f__Lactobacillaceae_g__Lactobacillus_s__gallinarum,-0.25930604865638784,0.008619595358172916,-1.7676925476642023,-1.7288282081546464,4.758794071865357,-0.3091246649394082,0.33973205418444397,studyMovassagh_2021,ALDEx2
f__Lactobacillaceae_g__Lactobacillus_s__gasseri_329736,-0.005434461178435157,0.32464623858905384,-1.7740603181529035,-2.3117890597284774,5.3376677374881885,-0.37774252819489873,0.30100000078818506,studyMovassagh_2021,ALDEx2
f__Lactobacillaceae_g__Lactobacillus_s__helveticus,-0.43272533807498537,-0.20238359964908348,-1.764951240637906,-1.5210575881838544,4.474696906125274,-0.2893953982893882,0.3528000005372289,studyMovassagh_2021,ALDEx2
f__Lactobacillaceae_g__Lactobacillus_s__hominis,0.27629364384759736,-0.22908601219316793,11.733803229078639,12.320711312672385,5.0777894790460945,2.2186636056416065,0.05000000789473189,studyMovassagh_2021,ALDEx2
f__Lactobacillaceae_g__Lactobacillus_s__iners,10.2144200218417,9.718653912732407,10.904698570831274,0.3500964095815462,8.465792684282,0.0383771651341728,0.48160000006141684,studyMovassagh_2021,ALDEx2
f__Lactobacillaceae_g__Lactobacillus_s__jensenii_330180,1.9209815350734782,2.9882453197105017,-1.3796839249275195,-5.336345058129453,8.255528129444173,-0.6123309477109171,0.23640000121688856,studyMovassagh_2021,ALDEx2
f__Lactobacillaceae_g__Lactobacillus_s__johnsonii,-0.003683706673917264,0.3315075378968899,-1.7831297188705948,-2.3446129086824516,5.423838905235896,-0.36710698601928127,0.301539692846521,studyMovassagh_2021,ALDEx2
f__Lactobacillaceae_g__Limosilactobacillus_s__fermentum,-0.4355299795817018,-0.19939932558524998,-1.8121704211409089,-1.5799261235176614,4.564112443061459,-0.30128993879769816,0.3498000005503286,studyMovassagh_2021,ALDEx2
f__Lactobacillaceae_g__Limosilactobacillus_s__reuteri,0.1601657792874338,0.5191016565037936,-1.751967622014031,-2.530978207453127,5.514141698167873,-0.41878521627805343,0.2956000008180427,studyMovassagh_2021,ALDEx2
f__Lactobacillaceae_g__Limosilactobacillus_s__vaginalis,-0.3743683206357131,-0.12600502648004852,-1.7779133152651543,-1.5675799387649931,4.508422766221872,-0.2960172218881266,0.3465306944257738,studyMovassagh_2021,ALDEx2
f__Leptotrichiaceae_g__Sneathia_s__sanguinegens,0.3207592773194934,0.08982893670457681,4.996536373894503,5.132710244547832,7.653585155880976,0.6094202159205679,0.27860000091799236,studyMovassagh_2021,ALDEx2
f__Leptotrichiaceae_g__Sneathia_s__vaginalis,0.33171405712255897,0.23097139476611694,1.3851344145118443,2.334267701558864,7.794248419064167,0.29702809195609636,0.37872425557832035,studyMovassagh_2021,ALDEx2
f__Leptotrichiaceae_g__Streptobacillus_993623_s__Streptobacillus moniliformis,0.1248357609600772,-0.2029713925220813,7.435071788966722,8.587107659369817,7.106830064679593,0.9892385100662734,0.1765646889156888,studyMovassagh_2021,ALDEx2
f__Megasphaeraceae_g__Megasphaera_A_38692_s__hutchinsoni,-0.31838162053713326,-0.07956268895379459,-1.7378822095497277,-1.5746456321111246,4.431067101670899,-0.29678325960633734,0.35052989456810496,studyMovassagh_2021,ALDEx2
f__Megasphaeraceae_g__Megasphaera_A_38692_s__lornae,0.4711962729172763,0.44078075169729036,0.7573622218228797,1.0143903746639058,8.609895673393847,0.11871994620396017,0.4488000001724756,studyMovassagh_2021,ALDEx2
f__Metamycoplasmataceae_g__Metamycoplasma_s__hominis,0.07130317152098442,0.12373198222005577,-0.3114126105647328,0.028401433409830368,6.160921582786638,0.004987494719457011,0.49840000000533363,studyMovassagh_2021,ALDEx2
f__Mycobacteriaceae_g__Corynebacterium_s__tuberculostearicum,0.07733495034308469,0.031185935235715334,0.6136596776597028,1.3768557437180222,6.100346598899487,0.20494672985709741,0.4155168969104463,studyMovassagh_2021,ALDEx2
f__Mycoplasmoidaceae_g__Malacoplasma_A_271179_s__girerdii,-0.427774976378152,-0.22290745784619226,-1.6098998391203194,-1.25402504440689,4.611708038827904,-0.22326058446906755,0.3788000004292204,studyMovassagh_2021,ALDEx2
f__Mycoplasmoidaceae_g__Ureaplasma_s__parvum,0.05026032250037371,-0.06788682444097027,1.9591802237624343,3.208599838857996,7.552490482553368,0.4074150575860831,0.3595280948892849,studyMovassagh_2021,ALDEx2
f__Mycoplasmoidaceae_g__Ureaplasma_s__urealyticum,0.5539325383133296,0.2579566156054911,7.467090491788877,6.783723266439597,7.427614382810088,0.7866656154196059,0.23140000125852278,studyMovassagh_2021,ALDEx2
f__Nanoperiomorbaceae_g__Nanoperiomorbus_s__sp004136275,-0.20978244351042452,-0.03056957122796078,-1.2940071586915032,-1.1264265189070537,5.346898964230984,-0.18260061262476807,0.4001199763514311,studyMovassagh_2021,ALDEx2
f__Neisseriaceae_563222_g__Neisseria_563205_s__Neisseria gonorrhoeae,-0.41942757441190714,-0.2312364053331173,-1.5978064548421749,-1.2181284701228199,4.870207963706902,-0.20705761308772047,0.3874000003953853,studyMovassagh_2021,ALDEx2
f__Peptoniphilaceae_g__Anaerococcus_s__prevotii,-0.2229407449953662,-0.23590698052842285,-0.10894750635214212,0.5927523384217599,5.4197857938739045,0.08658539938907397,0.4556000001491764,studyMovassagh_2021,ALDEx2
f__Peptoniphilaceae_g__Finegoldia_s__magna_H,0.19545616046987302,0.5528819464264325,-1.7628880898681976,-2.4941158862451704,4.961539966184378,-0.46266781105304755,0.28614277231782775,studyMovassagh_2021,ALDEx2
f__Peptoniphilaceae_g__Parvimonas_s__parva,-0.21055343465090637,-0.21264806547921555,-0.1906443331924823,0.46128554968302105,5.172985379191647,0.08311684192520562,0.4621075786112906,studyMovassagh_2021,ALDEx2
f__Peptoniphilaceae_g__Peptoniphilus_A_s__gorbachii,0.13555617348171634,0.08465619923487644,0.5421710151408785,1.232030549573711,6.000716887102033,0.19469770306705447,0.4214000002686387,studyMovassagh_2021,ALDEx2
f__Peptostreptococcaceae_256921_g__Peptostreptococcus_s__anaerobius,0.10117457380069261,-0.002506678527756101,1.0290087573259257,1.6008003699308633,6.282020766619378,0.23760488357851714,0.3953209361776167,studyMovassagh_2021,ALDEx2
f__Porphyromonadaceae_g__Porphyromonas_A_859424_s__uenonis,-0.35982014625715664,-0.2414649668207023,-1.1122948009419167,-0.5698942376729894,5.064605206502616,-0.09574545550145902,0.44651069804071775,studyMovassagh_2021,ALDEx2
f__Sphingomonadaceae_g__Sphingomonas_L_486704_s__aerolata,-0.014891922966608462,0.3005315279787091,-1.7725081567548822,-2.154005071305159,5.083921231118612,-0.3977811559007479,0.3062000007602091,studyMovassagh_2021,ALDEx2
f__Staphylococcaceae_g__Staphylococcus_s__aureus_317625,-0.4432999960672026,-0.23410333578501685,-1.6711347485894619,-1.272861534748416,4.642307221331503,-0.23151293648015875,0.3795240956071314,studyMovassagh_2021,ALDEx2
f__Streptococcaceae_g__Streptococcus_s__agalactiae,-0.33037296078983935,-0.16578457734606822,-1.4126969177457793,-1.11791066426657,5.190780784366142,-0.1742465793077807,0.40760000031889076,studyMovassagh_2021,ALDEx2
f__Streptococcaceae_g__Streptococcus_s__anginosus,0.21509490863727443,0.3082282415084858,-0.5209545306242225,-0.4710764661192224,6.563842382926494,-0.06838593854864733,0.4659068187504016,studyMovassagh_2021,ALDEx2
f__Streptococcaceae_g__Streptococcus_s__infantarius,-0.42976766698078794,-0.23012085465166354,-1.6146903161394723,-1.2889162446782567,4.447457390956819,-0.2440717110406944,0.38080000042127626,studyMovassagh_2021,ALDEx2
f__Streptococcaceae_g__Streptococcus_s__oralis_E_351036,-0.3105446345552325,-0.23067519710554674,-0.9516542953769598,-0.24090063655906224,5.926255987875471,-0.036464647767910086,0.4796000000681135,studyMovassagh_2021,ALDEx2
f__Veillonellaceae_g__Veillonella_A_s__montpellierensis,-0.014540127791054402,-0.09968422169670887,0.8962813829021208,1.973448246423641,7.119356499876174,0.2660474714077983,0.3890000003891806,studyMovassagh_2021,ALDEx2
f__Aerococcaceae_g__Aerococcus_s__christensenii,0.5806731200186137,0.3704622937154127,4.114177292704341,3.6836186441547194,6.600723819893444,0.5108012392389835,0.28993959683974185,studyPMTCT_CQI,ALDEx2
f__Aerococcaceae_g__Granulicatella_s__elegans,-0.3552988202163734,-0.23856138872445598,-1.3057907247180678,-1.0269048097996532,4.522919374250588,-0.19747887837532246,0.39854166704938976,studyPMTCT_CQI,ALDEx2
f__Atopobiaceae_g__Fannyhessea_s__massiliense,-0.21025003754887805,-0.24797509237926896,0.16285613887168093,0.8510714898800842,5.553984291913682,0.14515112987351952,0.43270833358120975,studyPMTCT_CQI,ALDEx2
f__Atopobiaceae_g__Fannyhessea_s__vaginae,1.1529408086850985,0.8874027796891442,7.494122422948642,5.10064641552929,7.941280839772454,0.5940064490697121,0.2737500010290217,studyPMTCT_CQI,ALDEx2
f__Atopobiaceae_g__Lancefieldella_s__rimae,-0.4277846483907659,-0.3424404025701042,-1.0891478525583338,-0.5953064750117569,4.654618443280276,-0.1112681046679369,0.4418750002131123,studyPMTCT_CQI,ALDEx2
f__Bacteroidaceae_g__Prevotella_s__amnii,0.17149740082186504,0.066786601500886,1.426065921515164,2.3227058152659392,7.499930202751063,0.3038708765125888,0.36596542439213375,studyPMTCT_CQI,ALDEx2
f__Bacteroidaceae_g__Prevotella_s__bivia,0.8116087193631172,0.6676380075146975,3.038565955682186,2.291999642151613,7.665691740193996,0.28024093505799097,0.3705478030427839,studyPMTCT_CQI,ALDEx2
f__Bacteroidaceae_g__Prevotella_s__buccalis,-0.08293798249256668,-0.08357006185122628,-0.07728614498546804,0.36844851634702547,6.579336351522638,0.05063859342254212,0.4730264529201331,studyPMTCT_CQI,ALDEx2
f__Bacteroidaceae_g__Prevotella_s__copri,-0.36876251301870333,-0.2503447156129379,-1.2624238415378635,-0.8815214526722226,4.509561058344919,-0.1769788731837909,0.4087500003414135,studyPMTCT_CQI,ALDEx2
f__Bacteroidaceae_g__Prevotella_s__denticola,-0.3764091469418318,-0.29797001052450867,-1.0100566375795,-0.6699876956579471,4.715760634893333,-0.12234817383689486,0.4362500002343874,studyPMTCT_CQI,ALDEx2
f__Bacteroidaceae_g__Prevotella_s__disiens,-0.36083630881285966,-0.23997867124644046,-1.264773171897815,-0.9407592282733379,4.635364785005682,-0.18151727562906936,0.4055405127473988,studyPMTCT_CQI,ALDEx2
f__Bacteroidaceae_g__Prevotella_s__melaninogenica,-0.27132668974833507,-0.27086947725714694,-0.27809796516473906,0.10804365007929562,4.987023926905233,0.01851730090798285,0.48937500003844686,studyPMTCT_CQI,ALDEx2
f__Bacteroidaceae_g__Prevotella_s__sp000758925,-0.27729559721436203,-0.26410399650396954,-0.37571612900104157,0.2344521994157791,5.515999082537881,0.03623193028874133,0.4797916667398775,studyPMTCT_CQI,ALDEx2
f__Bacteroidaceae_g__Prevotella_s__sp001553265,-0.41731968026848243,-0.30598245515462974,-1.2810482963835854,-0.9529829956592097,4.401727938654423,-0.1876656764868318,0.40345761335984776,studyPMTCT_CQI,ALDEx2
f__Bacteroidaceae_g__Prevotella_s__timonensis,0.6014388758287019,0.5491979237456626,1.1662590642444943,0.8521761543186903,6.339298288589411,0.12889515219918712,0.44291666687585757,studyPMTCT_CQI,ALDEx2
f__Bifidobacteriaceae_g__Bifidobacterium_388775_s__Bifidobacterium breve,-0.39118162482728813,-0.2737181257410093,-1.2404180376707057,-1.0434803560976285,4.576608682612531,-0.1997175389758324,0.39825036489115095,studyPMTCT_CQI,ALDEx2
f__Bifidobacteriaceae_g__Bifidobacterium_388775_s__Bifidobacterium dentium,-0.448177451269661,-0.337579625638063,-1.2986806963957314,-0.9525977043297864,4.55819806219941,-0.17538781762625083,0.4049156429311292,studyPMTCT_CQI,ALDEx2
f__Bifidobacteriaceae_g__Bifidobacterium_388775_s__Bifidobacterium leopoldii,2.7463808132554863,2.0847813858533506,11.88533271298089,7.125935837595131,8.61697260498055,0.7764384436183804,0.20375000165115392,studyPMTCT_CQI,ALDEx2
f__Bifidobacteriaceae_g__Bifidobacterium_388775_s__Bifidobacterium longum,-0.35405153516554577,-0.24189839863505114,-1.2365834429196418,-0.9861413503198371,4.543017385260909,-0.1858118714435412,0.4036659032986008,studyPMTCT_CQI,ALDEx2
f__Bifidobacteriaceae_g__Bifidobacterium_388775_s__Bifidobacterium swidsinskii,-0.3253751347229521,-0.204310900189709,-1.2146709501455684,-1.0135606102706962,4.608363842287356,-0.1920738104152998,0.4001249743398506,studyPMTCT_CQI,ALDEx2
f__Bifidobacteriaceae_g__Bifidobacterium_388775_s__Bifidobacterium vaginale,1.7540743583447886,1.4327243725842642,7.588053998877611,4.344697184359435,8.80201324325007,0.45406275493223525,0.3182670284596098,studyPMTCT_CQI,ALDEx2
f__Bradymonadaceae_g__Lujinxingia_s__litoralis,0.33800057995741195,0.5574324210244548,-1.2793658340041612,-2.02615592108332,5.9351501511366624,-0.28824040639248844,0.32354166739570006,studyPMTCT_CQI,ALDEx2
f__Clostridiaceae_222000_g__Clostridium_P_s__massiliamazoniense,-0.40255146622598215,-0.2877806138008214,-1.2760298556007577,-0.9303770082778282,4.539298028248531,-0.17790589083758124,0.4087500003414135,studyPMTCT_CQI,ALDEx2
f__Dialisteraceae_g__Dialister_s__micraerophilus,0.57831766278085,0.40152041903491575,3.8954902337946624,3.203961712894783,6.541777130437188,0.46579628976019277,0.3139583341143567,studyPMTCT_CQI,ALDEx2
f__Dialisteraceae_g__Dialister_s__sp001553355,0.022838458601475153,-0.08182439139201136,1.2727896386070991,2.047812388834566,6.0404278698884415,0.29833428013693475,0.36770833384783613,studyPMTCT_CQI,ALDEx2
f__Eggerthellaceae_g__Berryella_s__sp001552935,-0.13208228599069294,-0.2723720669458194,1.5796802997703319,2.6352331009494794,5.904029299269561,0.40411841899980216,0.331666667353342,studyPMTCT_CQI,ALDEx2
f__Enterobacteriaceae_A_g__Escherichia_710834_s__Escherichia coli,-0.3090209288187795,-0.2611835884513747,-0.7203116172359083,-0.21358069280316272,5.1298986690716,-0.037559478248040366,0.48219121022901656,studyPMTCT_CQI,ALDEx2
f__Enterococcaceae_g__Enterococcus_H_360604_s__faecalis,-0.44618635202323986,-0.3294424510410421,-1.3087479464507794,-0.9601880180751623,4.477777864221048,-0.18767474466199505,0.4001249743398506,studyPMTCT_CQI,ALDEx2
f__Fastidiosipilaceae_g__KA00274_s__sp001552885,0.15128190369847871,0.02723135903667373,1.6648358538860828,2.3321982727784594,6.520140274483742,0.34022488049880095,0.3566666672315062,studyPMTCT_CQI,ALDEx2
f__Fastidiosipilaceae_g__Mageeibacillus_s__indolicus,-0.3854507795085471,-0.2673762247339262,-1.2451721008412449,-0.8804308925199305,4.436580828184175,-0.1714809671655351,0.41158092097152205,studyPMTCT_CQI,ALDEx2
f__Fusobacteriaceae_993521_g__Fusobacterium_C_s__animalis,-0.39016937589910405,-0.27326066473802424,-1.301194063904787,-1.0026929628922492,4.519618799974044,-0.193992252351698,0.3989583337143504,studyPMTCT_CQI,ALDEx2
f__Fusobacteriaceae_993521_g__Fusobacterium_C_s__gonidiaformans,-0.39454525930081186,-0.27778886958670235,-1.2290507333086866,-0.9250708186319034,4.412233711291389,-0.1840111283423261,0.4079166670114161,studyPMTCT_CQI,ALDEx2
f__Gemellaceae_g__Gemella_s__asaccharolytica,-0.07534090367469481,-0.10396331837879913,0.1854383854060675,0.6200947049832966,5.333172929955007,0.10915179424219001,0.44395833353860903,studyPMTCT_CQI,ALDEx2
f__Lachnospiraceae_g__UBA629_s__sp005465875,-0.13614217078486668,-0.08415249746540354,-0.5949261967564885,-0.2764105253249829,5.57637145776514,-0.03795396317679012,0.47687500008381994,studyPMTCT_CQI,ALDEx2
f__Lactobacillaceae_g__Lacticaseibacillus_s__paracasei,-0.44358419557509166,-0.3322168900634459,-1.234505535139916,-0.836061899518457,4.468187718989133,-0.16709071913445114,0.410956051155218,studyPMTCT_CQI,ALDEx2
f__Lactobacillaceae_g__Lacticaseibacillus_s__rhamnosus,-0.3875677871304557,-0.2641118137715335,-1.3046793943739976,-1.1243632963706798,4.653581709861573,-0.20965495909931764,0.39270833374012737,studyPMTCT_CQI,ALDEx2
f__Lactobacillaceae_g__Lactobacillus_s__acidophilus,-0.14165529803102128,0.019945813751610864,-1.3011089896452033,-1.4257104752490672,5.172118668011112,-0.2457590089375296,0.3664583338534407,studyPMTCT_CQI,ALDEx2
f__Lactobacillaceae_g__Lactobacillus_s__crispatus,7.149139181752832,8.019451334698841,-0.7693650913370949,-9.407164864781652,9.432445922662097,-0.9291790333663584,0.16684024378263076,studyPMTCT_CQI,ALDEx2
f__Lactobacillaceae_g__Lactobacillus_s__delbrueckii,-0.4311549701075359,-0.32577379149996144,-1.2289914911221702,-0.8635276687825195,4.603960925285856,-0.16014984980428404,0.40908144170632815,studyPMTCT_CQI,ALDEx2
f__Lactobacillaceae_g__Lactobacillus_s__gallinarum,-0.25930604865638784,-0.11621457670281465,-1.2827001661345596,-1.2057034825541777,4.804586911289836,-0.2250970152889634,0.38616954844486884,studyPMTCT_CQI,ALDEx2
f__Lactobacillaceae_g__Lactobacillus_s__gasseri_329736,-0.005434461178435157,0.09430497200680943,-0.7609630425151828,-0.8779850447800976,6.1486606705623235,-0.1178942192723027,0.42824411607408724,studyPMTCT_CQI,ALDEx2
f__Lactobacillaceae_g__Lactobacillus_s__helveticus,-0.43272533807498537,-0.3237551632109774,-1.2261289894823468,-0.795033589107736,4.4678268709652045,-0.15785352129937222,0.4188710688286337,studyPMTCT_CQI,ALDEx2
f__Lactobacillaceae_g__Lactobacillus_s__hominis,0.27629364384759736,0.48328320350691545,-1.2592756174928494,-2.0400162510395043,5.66160554956167,-0.3024150331041354,0.3226411171675924,studyPMTCT_CQI,ALDEx2
f__Lactobacillaceae_g__Lactobacillus_s__iners,10.2144200218417,9.684595688043569,13.746453564124021,3.002184395316024,8.258211617163038,0.33426246549472477,0.33770833398945077,studyPMTCT_CQI,ALDEx2
f__Lactobacillaceae_g__Lactobacillus_s__jensenii_330180,1.9209815350734782,2.710346382804995,-0.9146653730001058,-4.870543412490674,8.010090831843517,-0.5567051827622937,0.26395833443190186,studyPMTCT_CQI,ALDEx2
f__Lactobacillaceae_g__Lactobacillus_s__johnsonii,-0.003683706673917264,0.1826851813874102,-1.2476669943253125,-1.6433074964990837,5.4983217577433585,-0.24416149693977188,0.3605498859872245,studyPMTCT_CQI,ALDEx2
f__Lactobacillaceae_g__Limosilactobacillus_s__fermentum,-0.4355299795817018,-0.3204391187696336,-1.3026990857737601,-0.961041063141808,4.56684425649821,-0.1863539646265822,0.4036659032986008,studyPMTCT_CQI,ALDEx2
f__Lactobacillaceae_g__Limosilactobacillus_s__reuteri,0.1601657792874338,0.28534214582085315,-0.7602431322840877,-1.1661179697827997,6.120316758506763,-0.17840447864432113,0.4084565718900385,studyPMTCT_CQI,ALDEx2
f__Lactobacillaceae_g__Limosilactobacillus_s__vaginalis,-0.3743683206357131,-0.2564134917050547,-1.2290308064036104,-0.9088298196231408,4.581816078164409,-0.16510224737791723,0.4116666669964523,studyPMTCT_CQI,ALDEx2
f__Leptotrichiaceae_g__Sneathia_s__sanguinegens,0.3207592773194934,0.20307642677406612,1.8650633565048302,2.252861692098236,7.004396099659189,0.3013989444482486,0.36992293322676834,studyPMTCT_CQI,ALDEx2
f__Leptotrichiaceae_g__Sneathia_s__vaginalis,0.33171405712255897,0.22015889857372617,1.8399834437254636,2.12690131787674,7.119138753896728,0.27966187057466846,0.3705478030427839,studyPMTCT_CQI,ALDEx2
f__Leptotrichiaceae_g__Streptobacillus_993623_s__Streptobacillus moniliformis,0.1248357609600772,0.30163657146652945,-1.2717849536937784,-1.7560231932792316,5.29521115730635,-0.284205595746274,0.3433333339616696,studyPMTCT_CQI,ALDEx2
f__Megasphaeraceae_g__Megasphaera_A_38692_s__hutchinsoni,-0.31838162053713326,-0.33620408119748824,-0.1479253686043851,0.5401127009987023,5.318304423881522,0.08899872446925323,0.4524057489759779,studyPMTCT_CQI,ALDEx2
f__Megasphaeraceae_g__Megasphaera_A_38692_s__lornae,0.4711962729172763,0.4095474427828334,1.1331867782339886,1.000329820816618,8.37075659538423,0.12167195890889088,0.43449281423805436,studyPMTCT_CQI,ALDEx2
f__Metamycoplasmataceae_g__Metamycoplasma_s__hominis,0.07130317152098442,-0.11143611287830346,2.681889120715746,3.4052915866825604,6.114736224657933,0.49882761540447806,0.2959800050507528,studyPMTCT_CQI,ALDEx2
f__Mycobacteriaceae_g__Corynebacterium_s__tuberculostearicum,0.07733495034308469,0.008446681719435745,0.9817004143385883,1.2485422896815175,5.496198919034381,0.1990373097640946,0.4061653825636725,studyPMTCT_CQI,ALDEx2
f__Mycoplasmoidaceae_g__Malacoplasma_A_271179_s__girerdii,-0.427774976378152,-0.3205669246449512,-1.2603190383906533,-0.9439375922693714,4.4388723540502255,-0.17882039358231622,0.40803999201251434,studyPMTCT_CQI,ALDEx2
f__Mycoplasmoidaceae_g__Ureaplasma_s__parvum,0.05026032250037371,0.06158913442867231,-0.03359072698372323,0.298607063439837,6.2407563082071,0.04605997546645642,0.47906686114642494,studyPMTCT_CQI,ALDEx2
f__Mycoplasmoidaceae_g__Ureaplasma_s__urealyticum,0.5539325383133296,0.43747004330594397,2.316915093970551,1.9102505082556611,7.0409006487665,0.2566114552928316,0.3970833337220412,studyPMTCT_CQI,ALDEx2
f__Nanoperiomorbaceae_g__Nanoperiomorbus_s__sp004136275,-0.20978244351042452,-0.2052796378895021,-0.26724554680807255,0.19355987150762655,6.025604483836873,0.026777591026414173,0.4840658196785793,studyPMTCT_CQI,ALDEx2
f__Neisseriaceae_563222_g__Neisseria_563205_s__Neisseria gonorrhoeae,-0.41942757441190714,-0.30353272665327946,-1.278401542459247,-0.9237218188959977,4.513378193930568,-0.17921712637466447,0.4029166670315643,studyPMTCT_CQI,ALDEx2
f__Peptoniphilaceae_g__Anaerococcus_s__prevotii,-0.2229407449953662,-0.09395124756960982,-1.2752101141659473,-1.196740922834941,4.5694773998134846,-0.2213068192276192,0.38687500043123685,studyPMTCT_CQI,ALDEx2
f__Peptoniphilaceae_g__Finegoldia_s__magna_H,0.19545616046987302,-0.008713784918008116,2.7200633397311655,2.9990308209475227,5.831250761724257,0.45539811249094714,0.3002083341932616,studyPMTCT_CQI,ALDEx2
f__Peptoniphilaceae_g__Parvimonas_s__parva,-0.21055343465090637,-0.07266430112369449,-1.2696626978402463,-1.2002576951204977,4.578936910269216,-0.23326473174120932,0.37887940059017056,studyPMTCT_CQI,ALDEx2
f__Peptoniphilaceae_g__Peptoniphilus_A_s__gorbachii,0.13555617348171634,0.011073273668338324,1.4198686640797504,1.737980439221209,5.557684376424455,0.28086527026962116,0.36700687408543653,studyPMTCT_CQI,ALDEx2
f__Peptostreptococcaceae_256921_g__Peptostreptococcus_s__anaerobius,0.10117457380069261,0.026602173503484927,0.8952244421234994,1.2363770621666905,6.026750784752955,0.1854547739681901,0.4106250003339293,studyPMTCT_CQI,ALDEx2
f__Porphyromonadaceae_g__Porphyromonas_A_859424_s__uenonis,-0.35982014625715664,-0.23296934576439643,-1.2865358449667976,-1.0416552923812912,4.473351012054485,-0.20205636995209258,0.39950010452361345,studyPMTCT_CQI,ALDEx2
f__Sphingomonadaceae_g__Sphingomonas_L_486704_s__aerolata,-0.014891922966608462,0.1568840392301949,-1.242445385831557,-1.5785497633928527,5.051463390835553,-0.2743811242179291,0.36125000054371426,studyPMTCT_CQI,ALDEx2
f__Staphylococcaceae_g__Staphylococcus_s__aureus_317625,-0.4432999960672026,-0.32386311469505813,-1.3025519781416168,-0.9339280523702396,4.510988636784352,-0.18441092401473447,0.40812500034391463,studyPMTCT_CQI,ALDEx2
f__Streptococcaceae_g__Streptococcus_s__agalactiae,-0.33037296078983935,-0.2093178380631926,-1.243304822700626,-1.0424829915464358,4.650364447893634,-0.19087177821941825,0.4011664240335882,studyPMTCT_CQI,ALDEx2
f__Streptococcaceae_g__Streptococcus_s__anginosus,0.21509490863727443,0.2454618663745496,-0.046406177274876725,-0.04511946655984023,6.179308756901498,-0.006748915610824507,0.49697979588677904,studyPMTCT_CQI,ALDEx2
f__Streptococcaceae_g__Streptococcus_s__infantarius,-0.42976766698078794,-0.31695041723252526,-1.308706776811749,-0.9564984958601315,4.442889276614825,-0.18815929523737862,0.4056250003539549,studyPMTCT_CQI,ALDEx2
f__Streptococcaceae_g__Streptococcus_s__oralis_E_351036,-0.3105446345552325,-0.18161795964227156,-1.3806750133031827,-1.1908505385523398,4.518313508550181,-0.23361644653834632,0.3875000004285989,studyPMTCT_CQI,ALDEx2
f__Veillonellaceae_g__Veillonella_A_s__montpellierensis,-0.014540127791054402,0.049442789878050064,-0.54994744614359,-0.461060850029571,5.385391377787505,-0.07353908591823012,0.46312500013410235,studyPMTCT_CQI,ALDEx2
f__Aerococcaceae_g__Aerococcus_s__christensenii,0.5806731200186137,0.6237896146982829,0.2269614565978193,-0.5698063735369132,5.5199105535577075,-0.09091990230130588,0.44816468280827637,studyServergnini_2021,ALDEx2
f__Aerococcaceae_g__Granulicatella_s__elegans,-0.3552988202163734,-0.38195425979146513,-0.11383544444474225,0.21296878571922395,4.431248888364806,0.042277497872082,0.4750805853003197,studyServergnini_2021,ALDEx2
f__Atopobiaceae_g__Fannyhessea_s__massiliense,-0.21025003754887805,-0.2278497479598851,-0.03400128804116953,0.0634995860629255,4.391413790783014,0.011454620192357084,0.4944210265597053,studyServergnini_2021,ALDEx2
f__Atopobiaceae_g__Fannyhessea_s__vaginae,1.1529408086850985,1.2102768483765685,0.6856313300591506,-0.8437173193761387,7.061347095737872,-0.10581195017506949,0.44518849234787294,studyServergnini_2021,ALDEx2
f__Atopobiaceae_g__Lancefieldella_s__rimae,-0.4277846483907659,-0.46459858800621845,-0.13009682394595412,0.2267482751366039,4.3405797278782545,0.0419141892421184,0.4737103175954517,studyServergnini_2021,ALDEx2
f__Bacteroidaceae_g__Prevotella_s__amnii,0.17149740082186504,0.17607608623822735,0.12934014682651096,-0.21579033512612167,5.295477852446114,-0.034529924695666105,0.4807835359280078,studyServergnini_2021,ALDEx2
f__Bacteroidaceae_g__Prevotella_s__bivia,0.8116087193631172,0.816456410603835,0.7625865270366399,-0.14459587544467833,6.567095639667893,-0.019976149610540887,0.49020580218260723,studyServergnini_2021,ALDEx2
f__Bacteroidaceae_g__Prevotella_s__buccalis,-0.08293798249256668,-0.07787086024256773,-0.13023040094092853,-0.21390222899772127,4.770169657489988,-0.03786223291539722,0.47916666677364417,studyServergnini_2021,ALDEx2
f__Bacteroidaceae_g__Prevotella_s__copri,-0.36876251301870333,-0.3937608571561988,-0.10369185970804295,0.11101001485575512,4.443866781929579,0.0233035742901467,0.48611111118236083,studyServergnini_2021,ALDEx2
f__Bacteroidaceae_g__Prevotella_s__denticola,-0.3764091469418318,-0.4132158466707416,-0.03928395775455318,0.305664049552937,4.386074709440509,0.06321828095688913,0.4675099208021702,studyServergnini_2021,ALDEx2
f__Bacteroidaceae_g__Prevotella_s__disiens,-0.36083630881285966,-0.45006155441859974,0.5008412093187751,1.0277816566184752,5.07993730950793,0.18217268441778722,0.4073890409079072,studyServergnini_2021,ALDEx2
f__Bacteroidaceae_g__Prevotella_s__melaninogenica,-0.27132668974833507,-0.287200875081151,-0.12097446201508344,0.08536887659116132,4.487963258850328,0.014791205593799449,0.4926853459338392,studyServergnini_2021,ALDEx2
f__Bacteroidaceae_g__Prevotella_s__sp000758925,-0.27729559721436203,-0.29491478880314226,-0.10062111814015395,0.03525769393744849,4.443664043231457,0.00789134447089259,0.4966526159358216,studyServergnini_2021,ALDEx2
f__Bacteroidaceae_g__Prevotella_s__sp001553265,-0.41731968026848243,-0.45374668187960054,-0.07719036704333604,0.3273162248942354,4.352552255771162,0.06479932162487992,0.46155753988076703,studyServergnini_2021,ALDEx2
f__Bacteroidaceae_g__Prevotella_s__timonensis,0.6014388758287019,0.6109570787895171,0.4886722962839283,-0.1759671481279499,6.325515077032148,-0.027130252226362596,0.48586309531061905,studyServergnini_2021,ALDEx2
f__Bifidobacteriaceae_g__Bifidobacterium_388775_s__Bifidobacterium breve,-0.39118162482728813,-0.45043801398136374,0.2106642098535989,0.7157691611547756,4.913367189719968,0.12251683984263576,0.4295634924318592,studyServergnini_2021,ALDEx2
f__Bifidobacteriaceae_g__Bifidobacterium_388775_s__Bifidobacterium dentium,-0.448177451269661,-0.4859118143357364,-0.09365640345812931,0.3779195064739449,4.3883637262907795,0.07077475631290814,0.46144309466934313,studyServergnini_2021,ALDEx2
f__Bifidobacteriaceae_g__Bifidobacterium_388775_s__Bifidobacterium leopoldii,2.7463808132554863,2.979248823791978,1.5087304861583153,-1.090030611764531,10.372499166038759,-0.10135378581450978,0.44557401466354635,studyServergnini_2021,ALDEx2
f__Bifidobacteriaceae_g__Bifidobacterium_388775_s__Bifidobacterium longum,-0.35405153516554577,-0.38693938816074613,-0.018667456629399837,0.37134839993648594,4.7089325649360765,0.06549478923343835,0.464037698597999,studyServergnini_2021,ALDEx2
f__Bifidobacteriaceae_g__Bifidobacterium_388775_s__Bifidobacterium swidsinskii,-0.3253751347229521,-0.34693124576875434,-0.10140709912251555,0.17235229234417737,4.5536891645117965,0.030949519376111678,0.4811507937475526,studyServergnini_2021,ALDEx2
f__Bifidobacteriaceae_g__Bifidobacterium_388775_s__Bifidobacterium vaginale,1.7540743583447886,1.8796065486596305,0.8976973610958936,-1.1917296791727567,8.463118125282499,-0.13986572171284933,0.4285714289451985,studyServergnini_2021,ALDEx2
f__Bradymonadaceae_g__Lujinxingia_s__litoralis,0.33800057995741195,0.38825622243307656,-0.04878662832857028,-0.7965345445643877,5.7517650167006575,-0.11052849274575942,0.4284651627842803,studyServergnini_2021,ALDEx2
f__Clostridiaceae_222000_g__Clostridium_P_s__massiliamazoniense,-0.40255146622598215,-0.4670697239153556,0.23383773227192162,0.8294954400369248,5.1655115579722635,0.14904518303112768,0.42276221215843496,studyServergnini_2021,ALDEx2
f__Dialisteraceae_g__Dialister_s__micraerophilus,0.57831766278085,0.5691729819516231,0.6692123915995403,0.12607008596235492,6.1207535777260516,0.018362327361416075,0.4919414828084691,studyServergnini_2021,ALDEx2
f__Dialisteraceae_g__Dialister_s__sp001553355,0.022838458601475153,0.03159128753113549,-0.05096270786203849,-0.3136134478219974,4.725035248441648,-0.059863441805184256,0.4655257938283526,studyServergnini_2021,ALDEx2
f__Eggerthellaceae_g__Berryella_s__sp001552935,-0.13208228599069294,-0.12516012013997813,-0.18306962072926858,-0.13695761527272143,4.6758381723685964,-0.026515214175933964,0.48822216718162625,studyServergnini_2021,ALDEx2
f__Enterobacteriaceae_A_g__Escherichia_710834_s__Escherichia coli,-0.3090209288187795,-0.3512851926785272,0.08408042387158332,0.4470372900829451,4.824107035991324,0.07983656428049724,0.45648400716737614,studyServergnini_2021,ALDEx2
f__Enterococcaceae_g__Enterococcus_H_360604_s__faecalis,-0.44618635202323986,-0.4738319140439229,-0.1981870555229044,0.260749515402404,4.346851661946628,0.05264793084138153,0.4737103175954517,studyServergnini_2021,ALDEx2
f__Fastidiosipilaceae_g__KA00274_s__sp001552885,0.15128190369847871,0.17971000471439602,-0.10386052977744331,-0.525386853339155,5.051097059305026,-0.09149166560974317,0.4484126986799795,studyServergnini_2021,ALDEx2
f__Fastidiosipilaceae_g__Mageeibacillus_s__indolicus,-0.3854507795085471,-0.4042310209072886,-0.2067047402429445,0.1791275599481459,4.489293563937817,0.03650600608621184,0.48053558155288867,studyServergnini_2021,ALDEx2
f__Fusobacteriaceae_993521_g__Fusobacterium_C_s__animalis,-0.39016937589910405,-0.4215740945237645,-0.07405321765564388,0.29956750460030435,4.357731667668922,0.0583895632517917,0.4692460319042753,studyServergnini_2021,ALDEx2
f__Fusobacteriaceae_993521_g__Fusobacterium_C_s__gonidiaformans,-0.39454525930081186,-0.43239577077361346,-0.05478742170552753,0.30534037615763054,4.2667898320846405,0.057832474999427286,0.47023809539119715,studyServergnini_2021,ALDEx2
f__Gemellaceae_g__Gemella_s__asaccharolytica,-0.07534090367469481,-0.0600783707481245,-0.20961255563312076,-0.19510443979022618,4.609909984643863,-0.036707735062436325,0.48040674613233536,studyServergnini_2021,ALDEx2
f__Lachnospiraceae_g__UBA629_s__sp005465875,-0.13614217078486668,-0.1491822622924346,-0.030090176172762995,0.025800647077651284,4.664941121887166,0.003886656926984094,0.4971485246860702,studyServergnini_2021,ALDEx2
f__Lactobacillaceae_g__Lacticaseibacillus_s__paracasei,-0.44358419557509166,-0.4787484273253071,-0.08746527739679877,0.3321755160985749,4.331960969788293,0.06254783062551195,0.46800595254562743,studyServergnini_2021,ALDEx2
f__Lactobacillaceae_g__Lacticaseibacillus_s__rhamnosus,-0.3875677871304557,-0.41693824265170054,-0.10035912785283507,0.3087592372366137,4.443659474570772,0.056679953933183605,0.4688817259225124,studyServergnini_2021,ALDEx2
f__Lactobacillaceae_g__Lactobacillus_s__acidophilus,-0.14165529803102128,-0.14708400448250725,-0.08524560205255316,-0.07386492645986209,5.042497459461181,-0.011955298011178766,0.4926853459338392,studyServergnini_2021,ALDEx2
f__Lactobacillaceae_g__Lactobacillus_s__crispatus,7.149139181752832,7.196659828251413,6.847924344388544,0.7243608340531535,12.149502065207825,0.06396871366382481,0.45474832654171915,studyServergnini_2021,ALDEx2
f__Lactobacillaceae_g__Lactobacillus_s__delbrueckii,-0.4311549701075359,-0.4672413018008159,-0.09922758738062143,0.2489522472991661,4.497710466663655,0.04578648137840295,0.47222222236505196,studyServergnini_2021,ALDEx2
f__Lactobacillaceae_g__Lactobacillus_s__gallinarum,-0.25930604865638784,-0.2762030837404401,-0.11992264930270391,0.09283614966533449,4.727192916034446,0.018420839034250538,0.4908234127454675,studyServergnini_2021,ALDEx2
f__Lactobacillaceae_g__Lactobacillus_s__gasseri_329736,-0.005434461178435157,-0.16569102060846674,1.9872686820239869,3.281033484751503,7.990518049135476,0.3703150119178644,0.3157242074422734,studyServergnini_2021,ALDEx2
f__Lactobacillaceae_g__Lactobacillus_s__helveticus,-0.43272533807498537,-0.4649883646983586,-0.12058913531527615,0.3140299776854283,4.353661872082454,0.06306360774254112,0.4654103646710039,studyServergnini_2021,ALDEx2
f__Lactobacillaceae_g__Lactobacillus_s__hominis,0.27629364384759736,0.321246607211755,-0.10543167425792355,-0.698154442913153,5.531116110066118,-0.0995117429322678,0.442350607787565,studyServergnini_2021,ALDEx2
f__Lactobacillaceae_g__Lactobacillus_s__iners,10.2144200218417,10.478864077049671,7.6615389752093215,-1.3540108749125226,8.98516366507668,-0.13825143785132493,0.4268353178435648,studyServergnini_2021,ALDEx2
f__Lactobacillaceae_g__Lactobacillus_s__jensenii_330180,1.9209815350734782,1.7801992538242644,3.6903606752521805,1.2389617099525223,9.948725006646251,0.12845923336332993,0.43813538341139946,studyServergnini_2021,ALDEx2
f__Lactobacillaceae_g__Lactobacillus_s__johnsonii,-0.003683706673917264,0.014857036869615037,-0.1468973229867565,-0.3590151882923722,5.29915605748497,-0.05621866174625424,0.46800595254562743,studyServergnini_2021,ALDEx2
f__Lactobacillaceae_g__Limosilactobacillus_s__fermentum,-0.4355299795817018,-0.49180899471526907,0.09969934146066617,0.6785020290046786,4.865822076493662,0.11362997720355467,0.4339201590353759,studyServergnini_2021,ALDEx2
f__Lactobacillaceae_g__Limosilactobacillus_s__reuteri,0.1601657792874338,0.0606715976755261,1.2781492723967043,1.597215050823186,7.071421563172604,0.2142157346486449,0.39003223466098386,studyServergnini_2021,ALDEx2
f__Lactobacillaceae_g__Limosilactobacillus_s__vaginalis,-0.3743683206357131,-0.43544644189990045,0.30259538567154287,0.9301121684471809,5.097409122609823,0.15411901051384377,0.4148276721578222,studyServergnini_2021,ALDEx2
f__Leptotrichiaceae_g__Sneathia_s__sanguinegens,0.3207592773194934,0.368358490530988,-0.0807970218116667,-0.7931703831987127,5.159807064710252,-0.12907172636685535,0.4284651627842803,studyServergnini_2021,ALDEx2
f__Leptotrichiaceae_g__Sneathia_s__vaginalis,0.33171405712255897,0.3887915276392615,-0.10301646483737414,-0.707487085663911,5.272004898229322,-0.1183746378310272,0.4339201590353759,studyServergnini_2021,ALDEx2
f__Leptotrichiaceae_g__Streptobacillus_993623_s__Streptobacillus moniliformis,0.1248357609600772,0.14773519287475345,-0.09228427677076123,-0.44440885510544437,5.092036373717706,-0.07106104130979213,0.46119514029424247,studyServergnini_2021,ALDEx2
f__Megasphaeraceae_g__Megasphaera_A_38692_s__hutchinsoni,-0.31838162053713326,-0.3404781207078207,-0.10123907543584121,0.2303202139699767,4.426104923133217,0.04318562185690099,0.47483263092520434,studyServergnini_2021,ALDEx2
f__Megasphaeraceae_g__Megasphaera_A_38692_s__lornae,0.4711962729172763,0.5020784771937681,0.1986332939236144,-0.569770318472691,6.525707531126926,-0.07418428338188343,0.45623605279228113,studyServergnini_2021,ALDEx2
f__Metamycoplasmataceae_g__Metamycoplasma_s__hominis,0.07130317152098442,0.08697677607238852,-0.0649127211857703,-0.3098312481463532,4.795477988852763,-0.053914702273540574,0.4699900795194666,studyServergnini_2021,ALDEx2
f__Mycobacteriaceae_g__Corynebacterium_s__tuberculostearicum,0.07733495034308469,0.10104456490907943,-0.11165310583877464,-0.39473360719864026,4.769979789782314,-0.07232463253052722,0.4610615081373244,studyServergnini_2021,ALDEx2
f__Mycoplasmoidaceae_g__Malacoplasma_A_271179_s__girerdii,-0.427774976378152,-0.4658548155465869,-0.05639989902836717,0.41859709067418294,4.352057328857938,0.08162853182348097,0.45808531767669275,studyServergnini_2021,ALDEx2
f__Mycoplasmoidaceae_g__Ureaplasma_s__parvum,0.05026032250037371,0.0731303137416015,-0.12982932510722556,-0.3369413181627632,5.00977471579099,-0.05895269021830376,0.4676419540469679,studyServergnini_2021,ALDEx2
f__Mycoplasmoidaceae_g__Ureaplasma_s__urealyticum,0.5539325383133296,0.512634629044614,0.9625028886266431,0.7097745563050024,7.04035438632626,0.0988738669372898,0.4439484129893893,studyServergnini_2021,ALDEx2
f__Nanoperiomorbaceae_g__Nanoperiomorbus_s__sp004136275,-0.20978244351042452,-0.22330341714415702,-0.09931101607425497,0.035975437814173006,4.597568527961665,0.006151992652278598,0.4965277777955769,studyServergnini_2021,ALDEx2
f__Neisseriaceae_563222_g__Neisseria_563205_s__Neisseria gonorrhoeae,-0.41942757441190714,-0.454324054539863,-0.09037342972196782,0.2729459518801143,4.398593904901852,0.05356896433244572,0.46937763467273247,studyServergnini_2021,ALDEx2
f__Peptoniphilaceae_g__Anaerococcus_s__prevotii,-0.2229407449953662,-0.23653871833980666,-0.09311636749251662,0.1595438555576747,4.433048542664911,0.029475312130431204,0.4852467146801665,studyServergnini_2021,ALDEx2
f__Peptoniphilaceae_g__Finegoldia_s__magna_H,0.19545616046987302,0.041108023610629374,2.3352564810618652,2.4889742852003662,5.849039677698527,0.38553374260675727,0.3191964296376437,studyServergnini_2021,ALDEx2
f__Peptoniphilaceae_g__Parvimonas_s__parva,-0.21055343465090637,-0.22375727095558418,-0.09612873867776628,0.091484406671829,4.32921558363179,0.015193359061621458,0.4907017109328529,studyServergnini_2021,ALDEx2
f__Peptoniphilaceae_g__Peptoniphilus_A_s__gorbachii,0.13555617348171634,0.1587798325637051,-0.08542530845587137,-0.3929557261336907,4.6636121906465435,-0.0701021507463038,0.4627976192393798,studyServergnini_2021,ALDEx2
f__Peptostreptococcaceae_256921_g__Peptostreptococcus_s__anaerobius,0.10117457380069261,0.1292668430312034,-0.19163739661046186,-0.41741279679414145,4.797093212607363,-0.07480532107113724,0.45957341290700204,studyServergnini_2021,ALDEx2
f__Porphyromonadaceae_g__Porphyromonas_A_859424_s__uenonis,-0.35982014625715664,-0.3808911142825604,-0.15137695796254125,0.2009378613487165,4.333575148504328,0.038339627993775036,0.4809027778758128,studyServergnini_2021,ALDEx2
f__Sphingomonadaceae_g__Sphingomonas_L_486704_s__aerolata,-0.014891922966608462,-0.009400484414577193,-0.04987297754807862,-0.3172052247720627,4.958673275902451,-0.05483951651442119,0.470865360923396,studyServergnini_2021,ALDEx2
f__Staphylococcaceae_g__Staphylococcus_s__aureus_317625,-0.4432999960672026,-0.47833188831791595,-0.13103406464568845,0.310587744991329,4.392584421292644,0.05984477317599979,0.4654103646710039,studyServergnini_2021,ALDEx2
f__Streptococcaceae_g__Streptococcus_s__agalactiae,-0.33037296078983935,-0.3553929501909918,-0.11913449529018028,0.19771270262409857,4.452130334615542,0.037678568932212046,0.47879990092706265,studyServergnini_2021,ALDEx2
f__Streptococcaceae_g__Streptococcus_s__anginosus,0.21509490863727443,0.25493794434352335,-0.0981657446240991,-0.5341718625915481,5.069586223426141,-0.09340717459265496,0.450644841525325,studyServergnini_2021,ALDEx2
f__Streptococcaceae_g__Streptococcus_s__infantarius,-0.42976766698078794,-0.4726344231792172,-0.060898503149145355,0.3708065669940268,4.342497955425561,0.07377378265302781,0.4606992315440404,studyServergnini_2021,ALDEx2
f__Streptococcaceae_g__Streptococcus_s__oralis_E_351036,-0.3105446345552325,-0.33742979952106644,-0.08392903002724772,0.24931812237795015,4.528884598459655,0.048090862452978105,0.47346230172371745,studyServergnini_2021,ALDEx2
f__Veillonellaceae_g__Veillonella_A_s__montpellierensis,-0.014540127791054402,-0.009410566372080709,-0.0631741993907946,-0.22937564678657907,4.845029795423089,-0.040512765014858454,0.48003967280265214,studyServergnini_2021,ALDEx2
