KO,name,lfc,se,W,p,q,diff,method
KO_1,(Intercept),0.09278287228732336,0.15697533577641246,0.5910665636000199,0.5544758221830246,0.9582215889092834,FALSE,ANCOM-BC
KO_1,health_statusHIV,-0.036854457290204305,0.32954961045869335,-0.11183280489668108,0.9109559761222795,0.9973313697314549,FALSE,ANCOM-BC
KO_1,studyKervinen_2022,-0.15238323385409036,0.1685144469362639,-0.9042740051345582,0.36585012709609704,0.6859689883051819,FALSE,ANCOM-BC
KO_1,studyLivson_2022,-0.009229482181801718,0.19750697226275937,-0.046729905663902324,0.9627284951017402,0.9627284951017402,FALSE,ANCOM-BC
KO_1,studyMovassagh_2021,-0.1539061722322127,0.18956435264044544,-0.8118940617708484,0.4168524221337097,0.7938845284757928,FALSE,ANCOM-BC
KO_1,studyPMTCT_CQI,-0.050344652870899835,0.38225553898536535,-0.13170418146073556,0.8952182780051767,0.9985114338815797,FALSE,ANCOM-BC
KO_1,studyServergnini_2021,-0.017995672748685076,0.19971298026666878,-0.09010767715075992,0.9282016485560781,0.9872441777311945,FALSE,ANCOM-BC
KO_2,(Intercept),0.676759957691613,0.36058022314465193,1.876863771921626,0.06053676730912398,0.14645992090917093,FALSE,ANCOM-BC
KO_2,health_statusHIV,-0.3886503133082705,0.7597585284881709,-0.5115445220228568,0.6089698212467833,0.9973313697314549,FALSE,ANCOM-BC
KO_2,studyKervinen_2022,-1.6913959405475134,0.3841489133774913,-4.402969477842648,1.06779193242057e-5,6.160338071657135e-5,TRUE,ANCOM-BC
KO_2,studyLivson_2022,-1.7148763706499315,0.4549120147978344,-3.769688016290431,1.6345173783368884e-4,0.0020431467229211106,TRUE,ANCOM-BC
KO_2,studyMovassagh_2021,2.427343155863824,0.4355729829437467,5.572758758954777,2.5073666936636767e-8,1.3432321573198268e-7,TRUE,ANCOM-BC
KO_2,studyPMTCT_CQI,1.1122135427422009,0.8809390515065403,1.2625317731574572,0.2067575006867026,0.6461171896459456,FALSE,ANCOM-BC
KO_2,studyServergnini_2021,-1.3765790594245535,0.4601697067929353,-2.991459540043081,0.002776473278390277,0.021944142253273055,TRUE,ANCOM-BC
KO_4,(Intercept),-0.1579157001648087,0.38307852666337483,-0.41222801377111645,0.6801723059743886,0.9582215889092834,FALSE,ANCOM-BC
KO_4,health_statusHIV,0.5316589873233398,0.8072832442488471,0.6585780035829092,0.510166791742382,0.9973313697314549,FALSE,ANCOM-BC
KO_4,studyKervinen_2022,-0.5373651327359075,0.407990462958558,-1.3171021911619802,0.1878043726625646,0.4401664984278858,FALSE,ANCOM-BC
KO_4,studyLivson_2022,0.5379909464781957,0.4833493273400445,1.1130478849300434,0.2656878643298241,0.6227059320230253,FALSE,ANCOM-BC
KO_4,studyMovassagh_2021,1.3203828921638936,0.4627562496553395,2.8533010481161813,0.0043267610989400716,0.01118989939381053,TRUE,ANCOM-BC
KO_4,studyPMTCT_CQI,1.4087562497916082,0.9360296620644041,1.505033768571618,0.1323153951773171,0.5627476529785022,FALSE,ANCOM-BC
KO_4,studyServergnini_2021,-0.7639955919603814,0.48894331369392574,-1.5625443084362045,0.11815981628534608,0.3692494258917065,FALSE,ANCOM-BC
KO_5,(Intercept),-0.05427846542674224,0.15621658661839577,-0.3474564807854437,0.7282484075710554,0.9582215889092834,FALSE,ANCOM-BC
KO_5,health_statusHIV,-0.03202981669934682,0.3279456424289534,-0.09766806615302352,0.9221958738061802,0.9973313697314549,FALSE,ANCOM-BC
KO_5,studyKervinen_2022,0.06108195162580038,0.16771165982772848,0.3642081396638914,0.71570258923403,0.9741797041351263,FALSE,ANCOM-BC
KO_5,studyLivson_2022,0.10130637567650715,0.1965473950887589,0.5154297548983449,0.6062527444705057,0.8962725930108217,FALSE,ANCOM-BC
KO_5,studyMovassagh_2021,-0.04275227922101329,0.1886475459995148,-0.22662515430295205,0.8207152308381724,0.94356257926654,FALSE,ANCOM-BC
KO_5,studyPMTCT_CQI,0.04560791939842733,0.380396364785341,0.1198957814020227,0.9045657063236482,0.9985114338815797,FALSE,ANCOM-BC
KO_5,studyServergnini_2021,0.03150545500660079,0.19874197815352818,0.15852441089351957,0.8740435867485925,0.9872441777311945,FALSE,ANCOM-BC
KO_6,(Intercept),-0.020176486341783893,0.15801177580892625,-0.12768976387039693,0.8983944910261823,0.9908537891356359,FALSE,ANCOM-BC
KO_6,health_statusHIV,-0.03748739353333056,0.33174059259435607,-0.11300212988758114,0.9100288666255268,0.9973313697314549,FALSE,ANCOM-BC
KO_6,studyKervinen_2022,0.05039932391731564,0.16961105670851265,0.2971464531580042,0.7663547005862994,0.9741797041351263,FALSE,ANCOM-BC
KO_6,studyLivson_2022,0.05800092754794662,0.19881773405404105,0.29172914490706986,0.7704937236342494,0.9067386013312584,FALSE,ANCOM-BC
KO_6,studyMovassagh_2021,-0.12325769037237785,0.19081669615324715,-0.6459481421551715,0.518312940212234,0.8176193605874462,FALSE,ANCOM-BC
KO_6,studyPMTCT_CQI,-0.07796274324640076,0.3847951283830208,-0.20260844666618935,0.8394410874493063,0.9985114338815797,FALSE,ANCOM-BC
KO_6,studyServergnini_2021,0.05116062397916338,0.20103934736591555,0.25448065092474137,0.7991242504936703,0.9872441777311945,FALSE,ANCOM-BC
KO_7,(Intercept),0.02535170053456838,0.06896921478869612,0.36757995015949435,0.7131864671765689,0.9582215889092834,FALSE,ANCOM-BC
KO_7,health_statusHIV,0.0022646425607997663,0.14365642376401686,0.01576429721318884,0.9874224315921959,0.9973313697314549,FALSE,ANCOM-BC
KO_7,studyKervinen_2022,0.025784043618806082,0.07524689775087003,0.34265922435995655,0.7318548417361854,0.9741797041351263,FALSE,ANCOM-BC
KO_7,studyLivson_2022,-0.01365736471407063,0.08627294120753042,-0.1583041510224823,0.874217137345971,0.9106428514020531,FALSE,ANCOM-BC
KO_7,studyMovassagh_2021,-0.2104461771631855,0.08323253822040418,-2.5284123452526805,0.011457969352466782,0.028644923381166955,TRUE,ANCOM-BC
KO_7,studyPMTCT_CQI,-0.1775761963533597,0.1667672832061088,-1.0648143505095784,0.286959949801531,0.8277690859659548,FALSE,ANCOM-BC
KO_7,studyServergnini_2021,-0.027476219108142304,0.08716405762680476,-0.31522418593432705,0.752591443246794,0.9872441777311945,FALSE,ANCOM-BC
KO_8,(Intercept),-1.371854908696665,0.5531408592931781,-2.4801185550632923,0.013133870559705371,0.039401611679116114,TRUE,ANCOM-BC
KO_8,health_statusHIV,0.16214473216603223,1.1664871646263315,0.13900258578325045,0.8894481057269782,0.9973313697314549,FALSE,ANCOM-BC
KO_8,studyKervinen_2022,0.3461551965407844,0.5882386508805428,0.5884604760714376,0.5562232554795585,0.9039265020895574,FALSE,ANCOM-BC
KO_8,studyLivson_2022,1.690652367614403,0.6982904832268788,2.421130472524426,0.015472322867589467,0.08926340115917,FALSE,ANCOM-BC
KO_8,studyMovassagh_2021,3.31186146225546,0.6682302532968399,4.956168096125201,7.189702000378692e-7,2.5677507144209613e-6,TRUE,ANCOM-BC
KO_8,studyPMTCT_CQI,3.0502402402994075,1.3524221539244365,2.2553906200429137,0.024108820991386483,0.1808161574353986,FALSE,ANCOM-BC
KO_8,studyServergnini_2021,1.7670800322196178,0.7064243885494244,2.5014425618120995,0.012368850435981925,0.07730531522488703,FALSE,ANCOM-BC
KO_9,(Intercept),0.5181888311650584,0.3817704006108919,1.3573310825980114,0.17467603533157325,0.3969909893899392,FALSE,ANCOM-BC
KO_9,health_statusHIV,0.1719235695860686,0.804520035601624,0.21369706406068972,0.8307833010002911,0.9973313697314549,FALSE,ANCOM-BC
KO_9,studyKervinen_2022,-1.824708426118113,0.40660419780335655,-4.487677293977632,7.200388479149817e-6,6.000323732624848e-5,TRUE,ANCOM-BC
KO_9,studyLivson_2022,-1.126135868106289,0.4816959036155948,-2.3378564352603943,0.01939469685178342,0.10065306097764827,FALSE,ANCOM-BC
KO_9,studyMovassagh_2021,2.4494570053818197,0.4611757260406734,5.311331163092894,1.0882736542277411e-7,4.801207298063564e-7,TRUE,ANCOM-BC
KO_9,studyPMTCT_CQI,1.3183580201650102,0.9328265486437513,1.4132938455512316,0.1575693428339806,0.5627476529785022,FALSE,ANCOM-BC
KO_9,studyServergnini_2021,-0.6858238936949402,0.4872703391826746,-1.4074813066711807,0.1592847165076048,0.47785414952281446,FALSE,ANCOM-BC
KO_10,(Intercept),0.1306932012754553,0.30410595231098625,0.4297620624729016,0.6673687322731668,0.9582215889092834,FALSE,ANCOM-BC
KO_10,health_statusHIV,-0.8883781481068306,0.6404569615340746,-1.3871004633612147,0.16541113076121466,0.9973313697314549,FALSE,ANCOM-BC
KO_10,studyKervinen_2022,0.08780727925362174,0.32431038404751383,0.27075074858151116,0.7865827422968725,0.9768834775512872,FALSE,ANCOM-BC
KO_10,studyLivson_2022,-0.3861577008283257,0.3835267578369244,-1.0068598681516765,0.314002119847995,0.7136411814727159,FALSE,ANCOM-BC
KO_10,studyMovassagh_2021,-0.1259465091762619,0.367338376670886,-0.3428623775105935,0.7317019964369531,0.94356257926654,FALSE,ANCOM-BC
KO_10,studyPMTCT_CQI,-0.2571052430788951,0.7426456148408965,-0.34620179253866196,0.7291910676749497,0.9985114338815797,FALSE,ANCOM-BC
KO_10,studyServergnini_2021,0.10763698834786901,0.3879398111870525,0.2774579593120692,0.7814284826358939,0.9872441777311945,FALSE,ANCOM-BC
KO_11,(Intercept),-1.5087376397002017,0.44913974039697036,-3.359171999268446,7.81763936729262e-4,0.004886024604557887,TRUE,ANCOM-BC
KO_11,health_statusHIV,-0.10424524419557192,0.9468223102809304,-0.11010011389005128,0.912329977836469,0.9973313697314549,FALSE,ANCOM-BC
KO_11,studyKervinen_2022,0.6516827033031577,0.4780028146415747,1.363344907899371,0.172773835098028,0.4180012139468419,FALSE,ANCOM-BC
KO_11,studyLivson_2022,2.2766571111694036,0.5668461823178188,4.016357844839343,5.910448842296046e-5,8.865673263444069e-4,TRUE,ANCOM-BC
KO_11,studyMovassagh_2021,2.9059633746290237,0.5425734858619243,5.35588901844817,8.513675702377019e-8,4.147752861130997e-7,TRUE,ANCOM-BC
KO_11,studyPMTCT_CQI,2.70125084632399,1.0977840107026156,2.4606396340160814,0.013868959184070679,0.14859599125790013,FALSE,ANCOM-BC
KO_11,studyServergnini_2021,2.42481694379632,0.5734271684550012,4.22863979453496,2.3510841212112928e-5,3.5266261818169394e-4,TRUE,ANCOM-BC
KO_13,(Intercept),-0.30578898229851487,0.13262291395668677,-2.3057024851556367,0.021127262161263226,0.060944025465182385,FALSE,ANCOM-BC
KO_13,health_statusHIV,-0.17451791835367741,0.27806519768497573,-0.6276151054019763,0.5302561108814328,0.9973313697314549,FALSE,ANCOM-BC
KO_13,studyKervinen_2022,0.1806375344510874,0.14275293559143448,1.2653857779014814,0.2057330709141334,0.4538229505458825,FALSE,ANCOM-BC
KO_13,studyLivson_2022,-0.31830073696827865,0.16670698414577817,-1.9093425425412183,0.056217917636957694,0.21081719113859135,FALSE,ANCOM-BC
KO_13,studyMovassagh_2021,1.4424316194784839,0.16013879465696362,9.007384016898243,2.1103005909149172e-19,2.2610363474088398e-18,TRUE,ANCOM-BC
KO_13,studyPMTCT_CQI,0.46804668372734853,0.3225799937695828,1.4509476494741078,0.14679443813027596,0.5627476529785022,FALSE,ANCOM-BC
KO_13,studyServergnini_2021,-0.07983573193918098,0.1685460061277816,-0.47367323482381574,0.6357329425081345,0.9872441777311945,FALSE,ANCOM-BC
KO_14,(Intercept),-0.5114226711547799,0.14002569127605535,-3.6523488403747955,2.598525595894071e-4,0.0019488941969205535,TRUE,ANCOM-BC
KO_14,health_statusHIV,0.3152197831709265,0.29371659468706074,1.0732106693078622,0.28317660470261063,0.9973313697314549,FALSE,ANCOM-BC
KO_14,studyKervinen_2022,0.7387920651981712,0.15058315771967679,4.906206486740667,9.285477113071141e-7,1.0861412330164509e-5,TRUE,ANCOM-BC
KO_14,studyLivson_2022,0.8036054548105355,0.1760701219048186,4.564121647197785,5.015898987093348e-6,1.253974746773337e-4,TRUE,ANCOM-BC
KO_14,studyMovassagh_2021,-0.19993322681085554,0.1690837732570146,-1.1824507045211752,0.23702691438258333,0.5228534876086397,FALSE,ANCOM-BC
KO_14,studyPMTCT_CQI,-0.26538029736660673,0.3407214089163439,-0.7788776707945717,0.43605177853395993,0.9985114338815797,FALSE,ANCOM-BC
KO_14,studyServergnini_2021,0.7826405330344254,0.1780207643512704,4.396344077537606,1.1008937634710394e-5,2.7522344086775984e-4,TRUE,ANCOM-BC
KO_15,(Intercept),-1.7542755241658476,0.4522698069181004,-3.878825199762941,1.0496214127258116e-4,9.985612209785024e-4,TRUE,ANCOM-BC
KO_15,health_statusHIV,0.13908627845848748,0.9534336543743732,0.1458793465285778,0.8840166362367813,0.9973313697314549,FALSE,ANCOM-BC
KO_15,studyKervinen_2022,0.9194193935269874,0.4813203029600222,1.9102028064736616,0.056107105962357504,0.1912742248716733,FALSE,ANCOM-BC
KO_15,studyLivson_2022,0.185397027054618,0.5708022839004374,0.3248007800314899,0.7453318541477022,0.9067386013312584,FALSE,ANCOM-BC
KO_15,studyMovassagh_2021,4.8615307598714965,0.5463553210255485,8.898111856485723,5.680475476829245e-19,5.325445759527417e-18,TRUE,ANCOM-BC
KO_15,studyPMTCT_CQI,4.282551237018526,1.10544793578093,3.8740415522085816,1.0704514881522023e-4,0.0016056772322283034,TRUE,ANCOM-BC
KO_15,studyServergnini_2021,0.6465569687583153,0.577430021689314,1.1197148476394858,0.26283529583024834,0.6797464547334009,FALSE,ANCOM-BC
KO_16,(Intercept),-0.042035189176228276,0.15561381750057793,-0.2701250432087894,0.7870640563211306,0.9582434894956183,FALSE,ANCOM-BC
KO_16,health_statusHIV,-0.019868396175703885,0.32667140421190055,-0.06082073888174166,0.9515019736562228,0.9973313697314549,FALSE,ANCOM-BC
KO_16,studyKervinen_2022,0.05105056983829757,0.1670739122944679,0.3055567990071418,0.759942117526636,0.9741797041351263,FALSE,ANCOM-BC
KO_16,studyLivson_2022,0.09898226950868903,0.1957850804342197,0.505565946542823,0.6131613924631352,0.8962725930108217,FALSE,ANCOM-BC
KO_16,studyMovassagh_2021,-0.09599152452535836,0.18791921180188847,-0.5108127242815187,0.6094821984119808,0.8962973506058542,FALSE,ANCOM-BC
KO_16,studyPMTCT_CQI,0.029010014384903877,0.37891938422056537,0.0765598583576749,0.9389736935740892,0.9985114338815797,FALSE,ANCOM-BC
KO_16,studyServergnini_2021,0.04153106682419205,0.19797058680796978,0.20978402647498806,0.8338362406842339,0.9872441777311945,FALSE,ANCOM-BC
KO_17,(Intercept),-0.0547391093952114,0.15524769584328307,-0.35259208903472905,0.7243942692058094,0.9582215889092834,FALSE,ANCOM-BC
KO_17,health_statusHIV,-0.018156265152472716,0.32589742983893644,-0.05571159355704592,0.9555715635253907,0.9973313697314549,FALSE,ANCOM-BC
KO_17,studyKervinen_2022,0.05910563942428526,0.166686547541627,0.3545915390054178,0.7228956156969388,0.9741797041351263,FALSE,ANCOM-BC
KO_17,studyLivson_2022,0.1068558585345948,0.19532204969284173,0.5470752467662175,0.5843270373588585,0.8962725930108217,FALSE,ANCOM-BC
KO_17,studyMovassagh_2021,-0.05829770861470174,0.18747682184810024,-0.31095955243969525,0.7558313707323613,0.94356257926654,FALSE,ANCOM-BC
KO_17,studyPMTCT_CQI,0.055132129907889973,0.3780222641413104,0.14584360535780705,0.8840448518117522,0.9985114338815797,FALSE,ANCOM-BC
KO_17,studyServergnini_2021,0.034438213005943935,0.19750204270028293,0.17436889530406158,0.8615755577747916,0.9872441777311945,FALSE,ANCOM-BC
KO_18,(Intercept),-0.041828162130689794,0.15497348463457994,-0.2699052823734241,0.787233123204204,0.9582434894956183,FALSE,ANCOM-BC
KO_18,health_statusHIV,-0.014746531624775546,0.32531775109572597,-0.04532962488246245,0.9638445744598706,0.9973313697314549,FALSE,ANCOM-BC
KO_18,studyKervinen_2022,0.0405683017056602,0.16639642743568134,0.24380512449007608,0.8073817513077942,0.9768834775512872,FALSE,ANCOM-BC
KO_18,studyLivson_2022,0.08330038648410314,0.19497525666573823,0.42723568061208755,0.6692076753161785,0.9067386013312584,FALSE,ANCOM-BC
KO_18,studyMovassagh_2021,-0.05323215537857854,0.1871454885188991,-0.2844426323063772,0.7760711917428427,0.94356257926654,FALSE,ANCOM-BC
KO_18,studyPMTCT_CQI,0.045783640363705996,0.37735035389074634,0.1213292630883862,0.9034302426352833,0.9985114338815797,FALSE,ANCOM-BC
KO_18,studyServergnini_2021,0.016887754136013237,0.19715112027785375,0.08565893063256542,0.9317375506878558,0.9872441777311945,FALSE,ANCOM-BC
KO_19,(Intercept),0.04233090440779762,0.16063493057692207,0.26352241231571316,0.7921479513163778,0.9582434894956183,FALSE,ANCOM-BC
KO_19,health_statusHIV,-0.039591547811354426,0.33728573651587496,-0.11738281084854289,0.9065567048550374,0.9973313697314549,FALSE,ANCOM-BC
KO_19,studyKervinen_2022,-0.051841763375259996,0.17238657171309632,-0.3007297080049858,0.7636206131068488,0.9741797041351263,FALSE,ANCOM-BC
KO_19,studyLivson_2022,0.062402682889835956,0.20213514485710526,0.3087176301476425,0.7575363315773487,0.9067386013312584,FALSE,ANCOM-BC
KO_19,studyMovassagh_2021,-0.17770775049499274,0.19398628349639996,-0.9160841029169502,0.3596227850441962,0.7289651048193166,FALSE,ANCOM-BC
KO_19,studyPMTCT_CQI,-0.10897082601616748,0.39122256918956516,-0.27853921168685475,0.7805984688997585,0.9985114338815797,FALSE,ANCOM-BC
KO_19,studyServergnini_2021,0.03382602391302807,0.20439624898985484,0.16549239078603156,0.8685564385304758,0.9872441777311945,FALSE,ANCOM-BC
KO_20,(Intercept),-0.6911000815674468,0.2775441811764718,-2.49005429923974,0.012772358024103724,0.039401611679116114,TRUE,ANCOM-BC
KO_20,health_statusHIV,1.1268697186811574,0.5843407656692845,1.9284461822383352,0.05379965220017329,0.9973313697314549,FALSE,ANCOM-BC
KO_20,studyKervinen_2022,0.49187767870189353,0.2961711609396381,1.6607885694925641,0.09675591765258947,0.2687664379238596,FALSE,ANCOM-BC
KO_20,studyLivson_2022,-0.31830073696830363,0.34994979618029637,-0.9095611440342519,0.36305399813731476,0.7779728531513888,FALSE,ANCOM-BC
KO_20,studyMovassagh_2021,1.7607906565922147,0.3352450963738126,5.252248804345993,1.502533052146221e-7,5.931051521629819e-7,TRUE,ANCOM-BC
KO_20,studyPMTCT_CQI,0.45344748551336234,0.6775967098742779,0.669199656529465,0.5033681253276453,0.9985114338815797,FALSE,ANCOM-BC
KO_20,studyServergnini_2021,0.1618056582809686,0.3539652698011347,0.4571229781155493,0.6475826551830319,0.9872441777311945,FALSE,ANCOM-BC
KO_21,(Intercept),0.10511577755324729,0.1955474316545928,0.5375461935952175,0.590890385619145,0.9582215889092834,FALSE,ANCOM-BC
KO_21,health_statusHIV,-0.1678862224494747,0.41107862473010864,-0.408404164920274,0.682976976190506,0.9973313697314549,FALSE,ANCOM-BC
KO_21,studyKervinen_2022,-0.29020542272888433,0.20933656435147346,-1.3863102398185587,0.1656521914388272,0.414130478597068,FALSE,ANCOM-BC
KO_21,studyLivson_2022,0.08443202242333835,0.24628358013390012,0.3428244074470337,0.7317305629711472,0.9067386013312584,FALSE,ANCOM-BC
KO_21,studyMovassagh_2021,0.08723591646955946,0.2361709984162379,0.369376075193666,0.7118474283086411,0.94356257926654,FALSE,ANCOM-BC
KO_21,studyPMTCT_CQI,0.015693887900022626,0.4767578890586388,0.03291794065749032,0.9737400259727073,0.9985114338815797,FALSE,ANCOM-BC
KO_21,studyServergnini_2021,0.18372499057191233,0.24906963083965983,0.7376450912644041,0.4607301469107621,0.9093358162712409,FALSE,ANCOM-BC
KO_22,(Intercept),-1.4158940248825465,0.320970255192924,-4.411293576196031,1.0275488599668146e-5,1.541323289950222e-4,TRUE,ANCOM-BC
KO_22,health_statusHIV,1.5494468724641708,0.6760839385347182,2.2917966012064994,0.021917382901913755,0.8219018588217658,FALSE,ANCOM-BC
KO_22,studyKervinen_2022,0.1806375344511166,0.34217801108942325,0.5279051505267812,0.5975651697086586,0.9336955776697791,FALSE,ANCOM-BC
KO_22,studyLivson_2022,-0.3183007369683153,0.4048443164712904,-0.7862299753710082,0.43173276795573756,0.852104147281061,FALSE,ANCOM-BC
KO_22,studyMovassagh_2021,6.3157444105784,0.38771460165826044,16.289673856919183,1.1685069868176562e-59,4.3819012005662106e-58,TRUE,ANCOM-BC
KO_22,studyPMTCT_CQI,1.5848841353069936,0.7839439792901602,2.0216803460140897,0.04320938558291861,0.24928491682453044,FALSE,ANCOM-BC
KO_22,studyServergnini_2021,0.4614117514117352,0.409509680237816,1.1267419884769951,0.25985158413599013,0.6797464547334009,FALSE,ANCOM-BC
KO_23,(Intercept),-0.9694826149871445,0.3297093833144271,-2.9404156024962083,0.0032777228094342105,0.01638861404717105,TRUE,ANCOM-BC
KO_23,health_statusHIV,-0.25271619191512956,0.694545488802808,-0.36385837355410355,0.7159637701182651,0.9973313697314549,FALSE,ANCOM-BC
KO_23,studyKervinen_2022,1.2977185669964388,0.3514375375701377,3.6926008984952223,2.2197222837750104e-4,9.792892428419164e-4,TRUE,ANCOM-BC
KO_23,studyLivson_2022,-0.5759478491654015,0.41589093544269834,-1.3848530950844826,0.1660973918702486,0.4449037282238802,FALSE,ANCOM-BC
KO_23,studyMovassagh_2021,2.130329728066869,0.39827359580961275,5.348910272940197,8.84853943707946e-8,4.147752861130997e-7,TRUE,ANCOM-BC
KO_23,studyPMTCT_CQI,1.218679452528328,0.8053444400198033,1.513240039874567,0.1302186970456438,0.5627476529785022,FALSE,ANCOM-BC
KO_23,studyServergnini_2021,-0.3674846969799219,0.4206870163701827,-0.873534677040174,0.38237171363898076,0.8193679577978159,FALSE,ANCOM-BC
KO_24,(Intercept),-0.438911231339464,0.1586648277225656,-2.7662793174737192,0.0056699946712503,0.026578100021485782,TRUE,ANCOM-BC
KO_24,health_statusHIV,0.18653504470419185,0.33312110306657716,0.5599616565478027,0.5755055917246275,0.9973313697314549,FALSE,ANCOM-BC
KO_24,studyKervinen_2022,0.9536854497154085,0.17030202968105254,5.599965258790533,2.1439476768804015e-08,4.0199018941507527e-7,TRUE,ANCOM-BC
KO_24,studyLivson_2022,-0.3183007369682829,0.19964362999853122,-1.5943445677211172,0.110858880655149,0.3462347922839431,FALSE,ANCOM-BC
KO_24,studyMovassagh_2021,-0.10340686984379557,0.19160578658020871,-0.5396855266712318,0.5894139229724622,0.8841208844586933,FALSE,ANCOM-BC
KO_24,studyPMTCT_CQI,-0.08223896624034593,0.3863952929485791,-0.21283635629404568,0.8314546051471681,0.9985114338815797,FALSE,ANCOM-BC
KO_24,studyServergnini_2021,-0.07983573193919268,0.20187507549486283,-0.3954709700714107,0.6924953417591062,0.9872441777311945,FALSE,ANCOM-BC
KO_25,(Intercept),-0.01515091154117365,0.15707100684161435,-0.0964589954940021,0.9231560388742666,0.9908537891356359,FALSE,ANCOM-BC
KO_25,health_statusHIV,-0.010546031898600032,0.3297518549718939,-0.031981721223369355,0.9744866277912724,0.9973313697314549,FALSE,ANCOM-BC
KO_25,studyKervinen_2022,-0.008831119586473401,0.16861567140856654,-0.0523742515313125,0.9582304902526743,0.9885684835514783,FALSE,ANCOM-BC
KO_25,studyLivson_2022,0.02641408368550346,0.19762796555651466,0.13365559682366898,0.8936749186325109,0.9181591629786072,FALSE,ANCOM-BC
KO_25,studyMovassagh_2021,-6.608136771120185e-4,0.18967995322357845,-0.003483835091065781,0.9972203073913609,0.9972203073913609,FALSE,ANCOM-BC
KO_25,studyPMTCT_CQI,0.05014978049902241,0.38248996254908196,0.13111397790624918,0.8956851438494253,0.9985114338815797,FALSE,ANCOM-BC
KO_25,studyServergnini_2021,-0.04310623919386121,0.19983541409333108,-0.21570870903657188,0.829214812204911,0.9872441777311945,FALSE,ANCOM-BC
KO_26,(Intercept),0.1389797497655267,0.16027099350696913,0.8671547279045437,0.38585723770443614,0.742033149431608,FALSE,ANCOM-BC
KO_26,health_statusHIV,-0.10402819007130137,0.3365164082991779,-0.3091325935548906,0.7572206665474037,0.9973313697314549,FALSE,ANCOM-BC
KO_26,studyKervinen_2022,-0.22032026718784212,0.1720014897401923,-1.2809206915628182,0.2002215241870463,0.4538229505458825,FALSE,ANCOM-BC
KO_26,studyLivson_2022,0.02210303846142045,0.20167488932841873,0.1095973749385657,0.9127286926131591,0.9250628641349586,FALSE,ANCOM-BC
KO_26,studyMovassagh_2021,-0.23064314512931625,0.19354653455141915,-1.1916676558631005,0.2333915851760338,0.5228534876086397,FALSE,ANCOM-BC
KO_26,studyPMTCT_CQI,-0.08693027613169267,0.39033083115537526,-0.22270922303108864,0.8237618226947224,0.9985114338815797,FALSE,ANCOM-BC
KO_26,studyServergnini_2021,0.061351860692648454,0.2039305149303337,0.3008468875470027,0.7635312525708864,0.9872441777311945,FALSE,ANCOM-BC
KO_28,(Intercept),-2.8792905167502534,0.3741462379227953,-7.6956286737924975,1.4080015690908285e-14,1.0560011768181214e-12,TRUE,ANCOM-BC
KO_28,health_statusHIV,0.46620277552390527,0.7884151162771328,0.5913163838426864,0.5543084539126607,0.9973313697314549,FALSE,ANCOM-BC
KO_28,studyKervinen_2022,0.1806375344511225,0.39852470743388924,0.45326558449600823,0.650357511494704,0.9741797041351263,FALSE,ANCOM-BC
KO_28,studyLivson_2022,3.592605546701487,0.4720592013231272,7.610497871097164,2.730420654784266e-14,2.0478154910881995e-12,TRUE,ANCOM-BC
KO_28,studyMovassagh_2021,7.8413239126006,0.45196394205962076,17.3494457917756,1.9915626903164178e-67,1.4936720177373133e-65,TRUE,ANCOM-BC
KO_28,studyPMTCT_CQI,7.0644264086771384,0.9141577249348369,7.727798186227333,1.0942263199052395e-14,8.206697399289297e-13,TRUE,ANCOM-BC
KO_28,studyServergnini_2021,4.315275491654403,0.4775196829599434,9.036853653666856,1.6124603529221702e-19,1.2093452646916277e-17,TRUE,ANCOM-BC
KO_29,(Intercept),0.040382785346285734,0.09462070125158838,0.42678594442997575,0.6695352449557328,0.9582215889092834,FALSE,ANCOM-BC
KO_29,health_statusHIV,0.13309843444292518,0.1977220546339744,0.6731592724408954,0.5008459685992568,0.9973313697314549,FALSE,ANCOM-BC
KO_29,studyKervinen_2022,-0.042162396869439206,0.10255216533337155,-0.4111312202173377,0.6809763184637861,0.9741797041351263,FALSE,ANCOM-BC
KO_29,studyLivson_2022,0.17909790140786253,0.11864278846296611,1.5095557321949429,0.13115682420156188,0.3783369928891208,FALSE,ANCOM-BC
KO_29,studyMovassagh_2021,-0.3538162924387929,0.11421985483429259,-3.0976776581628567,0.0019504345035796554,0.005224378134588362,TRUE,ANCOM-BC
KO_29,studyPMTCT_CQI,-0.33498057705755807,0.22945448432259544,-1.4598998927674085,0.1443175887213458,0.5627476529785022,FALSE,ANCOM-BC
KO_29,studyServergnini_2021,0.18799787798132625,0.1199090341092491,1.5678374809527815,0.11691906526586322,0.3692494258917065,FALSE,ANCOM-BC
KO_30,(Intercept),0.01341829314578696,0.21777782302319265,0.06161459858269386,0.9508697510442294,0.9908537891356359,FALSE,ANCOM-BC
KO_30,health_statusHIV,-0.2826497299029768,0.4580580760355978,-0.6170609027336761,0.5371945556023099,0.9973313697314549,FALSE,ANCOM-BC
KO_30,studyKervinen_2022,0.0065929032976237215,0.23287247283800427,0.028311217797777316,0.9774139336782589,0.9885684835514783,FALSE,ANCOM-BC
KO_30,studyLivson_2022,-0.2072254101450418,0.2743914281108541,-0.7552182353937192,0.45011804892098006,0.8656116325403463,FALSE,ANCOM-BC
KO_30,studyMovassagh_2021,0.26522857180967774,0.2630315632534898,1.008352642279933,0.3132851993414481,0.6526774986280169,FALSE,ANCOM-BC
KO_30,studyPMTCT_CQI,-0.1650747441681537,0.5312139723807809,-0.31075000423713633,0.7559906799527352,0.9985114338815797,FALSE,ANCOM-BC
KO_30,studyServergnini_2021,0.039381730552340864,0.27751119284956693,0.14191042223543351,0.8871507618840714,0.9872441777311945,FALSE,ANCOM-BC
KO_31,(Intercept),-1.3171961569332908,0.4860041722598608,-2.710256891023152,0.006723111424571043,0.02885428587861091,TRUE,ANCOM-BC
KO_31,health_statusHIV,0.17572100084476952,1.0246866494853046,0.1714875478596636,0.8638404207810984,0.9973313697314549,FALSE,ANCOM-BC
KO_31,studyKervinen_2022,2.2837475762932478,0.5170755923614364,4.416660948670162,1.0023727090636287e-5,6.160338071657135e-5,TRUE,ANCOM-BC
KO_31,studyLivson_2022,-0.3183007369682908,0.6134388523960776,-0.5188793238723235,0.6038448970460487,0.8962725930108217,FALSE,ANCOM-BC
KO_31,studyMovassagh_2021,0.8385917832604836,0.5871140934929857,1.4283284842837831,0.15319733288365572,0.3590562489460681,FALSE,ANCOM-BC
KO_31,studyPMTCT_CQI,0.2984716843047067,1.188045109622531,0.2512292520605871,0.8016368697695996,0.9985114338815797,FALSE,ANCOM-BC
KO_31,studyServergnini_2021,0.4898977827004284,0.6205703938741691,0.7894314449035145,0.42985988336403874,0.8713376014135921,FALSE,ANCOM-BC
KO_32,(Intercept),0.061762546382026176,0.15612121400587606,0.3956063676247199,0.692395438878748,0.9582215889092834,FALSE,ANCOM-BC
KO_32,health_statusHIV,0.031715861213982045,0.32774402758146837,0.09677021866126403,0.9229088749724502,0.9973313697314549,FALSE,ANCOM-BC
KO_32,studyKervinen_2022,-0.1431252455904704,0.16761075240750295,-0.853914462733857,0.3931523854549444,0.6976220091577047,FALSE,ANCOM-BC
KO_32,studyLivson_2022,-0.03537587694636365,0.19642677868873598,-0.18009701723216348,0.8570764042272908,0.9067386013312584,FALSE,ANCOM-BC
KO_32,studyMovassagh_2021,0.002735441383203801,0.18853230598069104,0.014509138733411331,0.988423788376727,0.9972203073913609,FALSE,ANCOM-BC
KO_32,studyPMTCT_CQI,0.0682319655739006,0.3801626712231126,0.17948097153877618,0.8575600572377956,0.9985114338815797,FALSE,ANCOM-BC
KO_32,studyServergnini_2021,-0.1854199163592198,0.19861992562781255,-0.9335413643577342,0.3505405237397859,0.7732511553083513,FALSE,ANCOM-BC
KO_33,(Intercept),-2.121702574667039,0.4512763589700897,-4.701559327214089,2.581822249553204e-6,4.840916717912258e-5,TRUE,ANCOM-BC
KO_33,health_statusHIV,-0.21793937335163066,0.9513352897186323,-0.22908786808075687,0.8188006226187573,0.9973313697314549,FALSE,ANCOM-BC
KO_33,studyKervinen_2022,1.9736121533337976,0.480267367647531,4.109402983177976,3.9668332173976e-5,1.9834166086988002e-4,TRUE,ANCOM-BC
KO_33,studyLivson_2022,0.418107761550827,0.5695466624515045,0.7341062446949689,0.46288398790021984,0.8679074773129122,FALSE,ANCOM-BC
KO_33,studyMovassagh_2021,5.316607312007423,0.5451550091145749,9.752468973260473,1.8003545528346867e-22,2.2504431910433585e-21,TRUE,ANCOM-BC
KO_33,studyPMTCT_CQI,2.251820145783284,1.1030154938146823,2.0415127062227945,0.04119989221666122,0.24928491682453044,FALSE,ANCOM-BC
KO_33,studyServergnini_2021,1.0821039584895826,0.5761595619070715,1.8781324307243115,0.060363050781867565,0.30181525390933783,FALSE,ANCOM-BC
KO_34,(Intercept),-0.04703989935249671,0.15584414072909186,-0.30183938345341743,0.7627745065759646,0.9582434894956183,FALSE,ANCOM-BC
KO_34,health_statusHIV,-0.036024576966016145,0.32715830217737074,-0.11011359554765392,0.9123192860379598,0.9973313697314549,FALSE,ANCOM-BC
KO_34,studyKervinen_2022,0.054303653158092276,0.16731760040289972,0.32455433873859907,0.7455183902295474,0.9741797041351263,FALSE,ANCOM-BC
KO_34,studyLivson_2022,0.09788236155579542,0.19607636766663336,0.4992052980204826,0.6176347626056271,0.8962725930108217,FALSE,ANCOM-BC
KO_34,studyMovassagh_2021,-0.06687496713535299,0.18819751455148181,-0.35534458196608754,0.722331460298002,0.94356257926654,FALSE,ANCOM-BC
KO_34,studyPMTCT_CQI,0.03351514273113489,0.37948375179467214,0.08831772789383874,0.9296241491906829,0.9985114338815797,FALSE,ANCOM-BC
KO_34,studyServergnini_2021,0.050426515003274296,0.19826534236719384,0.2543385263465904,0.7992340384143595,0.9872441777311945,FALSE,ANCOM-BC
KO_35,(Intercept),-0.0039317507812119375,0.15710513455055067,-0.0250262398645338,0.9800340337751996,0.9908537891356359,FALSE,ANCOM-BC
KO_35,health_statusHIV,-0.04008259251275371,0.329823999445416,-0.1215272162733784,0.9032734589898558,0.9973313697314549,FALSE,ANCOM-BC
KO_35,studyKervinen_2022,0.021700434045291386,0.16865178015927781,0.128670056282816,0.8976187300359393,0.9885684835514783,FALSE,ANCOM-BC
KO_35,studyLivson_2022,0.03527198986669371,0.1976711261763448,0.17843774429264467,0.858379209260258,0.9067386013312584,FALSE,ANCOM-BC
KO_35,studyMovassagh_2021,-0.12109962488815428,0.189721190173224,-0.6383031056129516,0.5232763907759655,0.8176193605874462,FALSE,ANCOM-BC
KO_35,studyPMTCT_CQI,-0.03806205544373089,0.3825735859074683,-0.09948950174761104,0.92074962293697,0.9985114338815797,FALSE,ANCOM-BC
KO_35,studyServergnini_2021,0.003479432349078305,0.19987908857660044,0.017407685685663254,0.9861113777947685,0.9872441777311945,FALSE,ANCOM-BC
KO_36,(Intercept),-0.03941874098577134,0.16218076599082207,-0.24305435200621803,0.8079632927641246,0.9618610628144341,FALSE,ANCOM-BC
KO_36,health_statusHIV,-0.06579193377242523,0.34055346255541985,-0.19319120492489078,0.8468092264431395,0.9973313697314549,FALSE,ANCOM-BC
KO_36,studyKervinen_2022,0.03365887266441266,0.1740222437850818,0.19341707090032417,0.8466323472111157,0.9768834775512872,FALSE,ANCOM-BC
KO_36,studyLivson_2022,0.05078820327118984,0.20409008635901965,0.24885188779746567,0.8034753526404753,0.9067386013312584,FALSE,ANCOM-BC
KO_36,studyMovassagh_2021,0.01641365074985546,0.19585413142123265,0.08380548641352811,0.93321108584111,0.977813914996127,FALSE,ANCOM-BC
KO_36,studyPMTCT_CQI,-7.369477004898129e-4,0.3950102343212498,-0.0018656420428096445,0.9985114338815797,0.9985114338815797,FALSE,ANCOM-BC
KO_36,studyServergnini_2021,0.07840452999677569,0.2063744591898533,0.3799139210567126,0.704009313264108,0.9872441777311945,FALSE,ANCOM-BC
KO_37,(Intercept),-1.6077831460946845,0.47693947004470866,-3.3710423378127414,7.488434836490717e-4,0.004886024604557887,TRUE,ANCOM-BC
KO_37,health_statusHIV,0.07902202091070193,1.005540538741507,0.07858660876030182,0.9373614392555402,0.9973313697314549,FALSE,ANCOM-BC
KO_37,studyKervinen_2022,1.0414343701599278,0.5074676841122636,2.052218107211608,0.040148470502939085,0.14338739465335387,FALSE,ANCOM-BC
KO_37,studyLivson_2022,1.9551661196640686,0.6019821244012589,3.247880693481901,0.00116268011448815,0.010900126073326407,TRUE,ANCOM-BC
KO_37,studyMovassagh_2021,3.0451970962038484,0.5761618827544678,5.285315095204872,1.2548856924003457e-7,5.228690385001441e-7,TRUE,ANCOM-BC
KO_37,studyPMTCT_CQI,2.5312181385524073,1.1658507308727701,2.1711339809835746,0.029921046031169025,0.2040071320306979,FALSE,ANCOM-BC
KO_37,studyServergnini_2021,1.559342983558164,0.6089783004522121,2.5605887474155233,0.010449497064284738,0.07124657089285048,FALSE,ANCOM-BC
KO_38,(Intercept),-0.6717222737682462,0.2274166255685432,-2.9537078570616186,0.003139810839214181,0.01638861404717105,TRUE,ANCOM-BC
KO_38,health_statusHIV,-0.031868248776587255,0.47842618659427555,-0.0666105862713004,0.9468917178398858,0.9973313697314549,FALSE,ANCOM-BC
KO_38,studyKervinen_2022,0.3398755640029635,0.2430789532990546,1.3982105788682666,0.16204984092805366,0.414130478597068,FALSE,ANCOM-BC
KO_38,studyLivson_2022,0.3289962540680923,0.2865779279000903,1.1480167243821733,0.25096165973760054,0.6071653058167755,FALSE,ANCOM-BC
KO_38,studyMovassagh_2021,1.770194124836902,0.27467787248537573,6.444618595664817,1.1589148300208885e-10,7.243217687630553e-10,TRUE,ANCOM-BC
KO_38,studyPMTCT_CQI,1.373987844242456,0.5548237890576543,2.476440036170977,0.013269991381663054,0.14859599125790013,FALSE,ANCOM-BC
KO_38,studyServergnini_2021,0.4990910878752417,0.2898422792355695,1.7219402538219937,0.08508034203347718,0.3329410771706656,FALSE,ANCOM-BC
KO_39,(Intercept),-0.1894092735310355,0.10428428050335799,-1.8162782791116487,0.06932769545314407,0.16248678621830642,FALSE,ANCOM-BC
KO_39,health_statusHIV,0.9573551154484853,0.21814824809795064,4.388552847871709,1.1410740838249797e-5,8.558055628687348e-4,TRUE,ANCOM-BC
KO_39,studyKervinen_2022,0.21176746004720157,0.11277935098286389,1.8777148316749783,0.060420186636320504,0.19702234772713206,FALSE,ANCOM-BC
KO_39,studyLivson_2022,-0.31830073696829625,0.13086313723212314,-2.432317791707064,0.015002537777195577,0.08926340115917,FALSE,ANCOM-BC
KO_39,studyMovassagh_2021,0.8702567587331025,0.12589637123001474,6.912484849488863,4.762368776954971e-12,3.2470696206511165e-11,TRUE,ANCOM-BC
KO_39,studyPMTCT_CQI,-1.2387294368651205,0.25313093105575074,-4.893631259122169,9.899223772691856e-7,2.474805943172964e-5,TRUE,ANCOM-BC
KO_39,studyServergnini_2021,-0.07983573193919127,0.13227474137067288,-0.6035599171233151,0.5461362685359326,0.9872441777311945,FALSE,ANCOM-BC
KO_40,(Intercept),0.3127017487880761,0.16525664685256156,1.8922188894892797,0.058461822593839904,0.14615455648459977,FALSE,ANCOM-BC
KO_40,health_statusHIV,-0.18529986440752338,0.34705542903971853,-0.5339200856769103,0.5933968248994403,0.9973313697314549,FALSE,ANCOM-BC
KO_40,studyKervinen_2022,-0.7883334906742573,0.17727699026160698,-4.446902497108714,8.711735533803049e-6,6.160338071657135e-5,TRUE,ANCOM-BC
KO_40,studyLivson_2022,-0.48332555205037664,0.20797995304673433,-2.3239045156519027,0.020130612195529654,0.10065306097764827,FALSE,ANCOM-BC
KO_40,studyMovassagh_2021,0.7423872918846094,0.19957074295136612,3.719920469833214,1.9928552102983237e-4,5.748620798937472e-4,TRUE,ANCOM-BC
KO_40,studyPMTCT_CQI,0.46787650742387027,0.4025467638343582,1.1622910664272392,0.24511725418340813,0.7353517625502244,FALSE,ANCOM-BC
KO_40,studyServergnini_2021,-0.37791484823597044,0.21031061816354493,-1.7969366051793474,0.0723456845508691,0.3329410771706656,FALSE,ANCOM-BC
KO_41,(Intercept),-0.16528196356240069,0.08636759790040958,-1.9137033746496828,0.055658067627098864,0.14394327834594534,FALSE,ANCOM-BC
KO_41,health_statusHIV,0.08356730264532312,0.18028732580821205,0.46352289197645113,0.6429896100529293,0.9973313697314549,FALSE,ANCOM-BC
KO_41,studyKervinen_2022,0.25253731420392184,0.09380728588391636,2.6920863536807684,0.007100655731185238,0.02802890420204699,TRUE,ANCOM-BC
KO_41,studyLivson_2022,0.18774941345912285,0.10821057131596896,1.7350376324222965,0.08273413981356965,0.29547907076274876,FALSE,ANCOM-BC
KO_41,studyMovassagh_2021,-0.03189979240367975,0.1042481042354207,-0.3059987770294729,0.7596055769353297,0.94356257926654,FALSE,ANCOM-BC
KO_41,studyPMTCT_CQI,-0.07926405838137984,0.20924430301458588,-0.37881107031073885,0.7048281660720908,0.9985114338815797,FALSE,ANCOM-BC
KO_41,studyServergnini_2021,0.10694933513995258,0.10935337297793458,0.9780158784999975,0.3280664708544225,0.745605615578233,FALSE,ANCOM-BC
KO_42,(Intercept),-0.11045970043204167,0.15850032260159325,-0.6969052088915517,0.48586211774077676,0.888772166598982,FALSE,ANCOM-BC
KO_42,health_statusHIV,-0.061536696396744306,0.3327733502525481,-0.18492074665847766,0.8532911981434576,0.9973313697314549,FALSE,ANCOM-BC
KO_42,studyKervinen_2022,0.16502305934748943,0.17012797153938122,0.9699936927143687,0.3320496360366594,0.6553611237565645,FALSE,ANCOM-BC
KO_42,studyLivson_2022,-0.06450728287060116,0.19943558538267925,-0.32344921166813767,0.7463550651678909,0.9067386013312584,FALSE,ANCOM-BC
KO_42,studyMovassagh_2021,0.14388790897447237,0.1914070131072524,0.7517379151298217,0.45220868453994834,0.8075155081070506,FALSE,ANCOM-BC
KO_42,studyPMTCT_CQI,0.14055743742419569,0.38599220884056334,0.36414578896915994,0.7157491459389851,0.9985114338815797,FALSE,ANCOM-BC
KO_42,studyServergnini_2021,-0.09186611408585475,0.20166455417410392,-0.4555392218631718,0.648721357082203,0.9872441777311945,FALSE,ANCOM-BC
KO_43,(Intercept),1.1558510251260612,0.2982645249233336,3.875254777359671,1.065131969043736e-4,9.985612209785024e-4,TRUE,ANCOM-BC
KO_43,health_statusHIV,0.009390780530956235,0.6281162637692248,0.014950704308472559,0.9880715082439521,0.9973313697314549,FALSE,ANCOM-BC
KO_43,studyKervinen_2022,-2.2627258526832508,0.3181217319536946,-7.112767300703022,1.1373896063060605e-12,8.530422047295454e-11,TRUE,ANCOM-BC
KO_43,studyLivson_2022,-0.49062685772129033,0.37614269152039065,-1.304363659807261,0.19210961946828198,0.49683522276279823,FALSE,ANCOM-BC
KO_43,studyMovassagh_2021,0.07685372163207402,0.3602804819467767,0.21331636178789007,0.8310802123821752,0.94356257926654,FALSE,ANCOM-BC
KO_43,studyPMTCT_CQI,0.009518708787726862,0.728340460253253,0.013069037499876208,0.9895727135847768,0.9985114338815797,FALSE,ANCOM-BC
KO_43,studyServergnini_2021,-0.4131958807619264,0.38046833016565146,-1.086019119073658,0.27747053361965696,0.6936763340491424,FALSE,ANCOM-BC
KO_44,(Intercept),-0.08631805037189716,0.2080853949932469,-0.4148203211220013,0.6782734422928884,0.9582215889092834,FALSE,ANCOM-BC
KO_44,health_statusHIV,0.1291277181224702,0.4375757360103672,0.2950979853220446,0.7679190287134672,0.9973313697314549,FALSE,ANCOM-BC
KO_44,studyKervinen_2022,-0.012159266840773524,0.22261016045373555,-0.054621347093905676,0.9564401316229856,0.9885684835514783,FALSE,ANCOM-BC
KO_44,studyLivson_2022,0.4126892332189122,0.26213672449909353,1.5743281831551965,0.11541159742798103,0.3462347922839431,FALSE,ANCOM-BC
KO_44,studyMovassagh_2021,0.01706412025490221,0.25132041578732994,0.06789786735567895,0.9458669364408027,0.977813914996127,FALSE,ANCOM-BC
KO_44,studyPMTCT_CQI,-0.24698743898440736,0.5074718544970406,-0.48670174866978305,0.6264697058356097,0.9985114338815797,FALSE,ANCOM-BC
KO_44,studyServergnini_2021,0.45117808935855935,0.26511103533636127,1.7018457522378287,0.08878428724551084,0.3329410771706656,FALSE,ANCOM-BC
KO_45,(Intercept),0.2966812311864324,0.07922231574307202,3.7449199559958224,1.8045129833817256e-4,0.0015037608194847715,TRUE,ANCOM-BC
KO_45,health_statusHIV,0.021667609808824897,0.16521027718815395,0.13115170664684608,0.8956552983847775,0.9973313697314549,FALSE,ANCOM-BC
KO_45,studyKervinen_2022,-0.5799463464790442,0.08621845847310526,-6.726475475781686,1.7382192819106332e-11,6.518322307164874e-10,TRUE,ANCOM-BC
KO_45,studyLivson_2022,-0.2273870977602472,0.09918638256834635,-2.2925233471798574,0.021875461894726677,0.10139209887015313,FALSE,ANCOM-BC
KO_45,studyMovassagh_2021,0.07640849128168835,0.09561570457337742,0.7991207262720208,0.4242204126598531,0.7938845284757928,FALSE,ANCOM-BC
KO_45,studyPMTCT_CQI,-0.05836926043457408,0.19176503681386325,-0.3043790536813559,0.7608391239524381,0.9985114338815797,FALSE,ANCOM-BC
KO_45,studyServergnini_2021,-0.17370488381251128,0.10022351557182803,-1.7331749222867836,0.08306458289182335,0.3329410771706656,FALSE,ANCOM-BC
KO_46,(Intercept),-0.19836898993333588,0.4042016130857424,-0.4907674376135068,0.6235909431397256,0.9582215889092834,FALSE,ANCOM-BC
KO_46,health_statusHIV,-0.06764040477539099,0.8519018539641531,-0.07939929284182214,0.936715031097871,0.9973313697314549,FALSE,ANCOM-BC
KO_46,studyKervinen_2022,-0.3952829768528309,0.43037590007993315,-0.9184598319269632,0.35837817903554753,0.6859689883051819,FALSE,ANCOM-BC
KO_46,studyLivson_2022,-0.2518845907990193,0.510047892265228,-0.4938449793025276,0.6214156644875031,0.8962725930108217,FALSE,ANCOM-BC
KO_46,studyMovassagh_2021,1.9155575945995238,0.48827787386743415,3.9230890792311253,8.74208098299218e-5,2.731900307185056e-4,TRUE,ANCOM-BC
KO_46,studyPMTCT_CQI,1.578519649544685,0.9877516521371323,1.598093656567769,0.1100221351718869,0.5501106758594345,FALSE,ANCOM-BC
KO_46,studyServergnini_2021,-0.5337029186241212,0.5159575383989959,-1.0343931019598798,0.3009524278823301,0.7281107126185407,FALSE,ANCOM-BC
KO_47,(Intercept),-0.046636580992312875,0.1547372844663692,-0.3013920087401361,0.7631155872922435,0.9582434894956183,FALSE,ANCOM-BC
KO_47,health_statusHIV,-0.014418949946070302,0.32481842624578017,-0.04439080046265578,0.9645928945891423,0.9973313697314549,FALSE,ANCOM-BC
KO_47,studyKervinen_2022,0.03338093316028678,0.16614652459808857,0.2009126175888172,0.8407669014735061,0.9768834775512872,FALSE,ANCOM-BC
KO_47,studyLivson_2022,0.07541353397731765,0.19467653552984066,0.3873786523479509,0.6984759054598624,0.9067386013312584,FALSE,ANCOM-BC
KO_47,studyMovassagh_2021,-0.011309384697434609,0.1868600844297391,-0.06052327725286365,0.9517388772628969,0.977813914996127,FALSE,ANCOM-BC
KO_47,studyPMTCT_CQI,0.07820259035644837,0.3767715825892562,0.20755968329411464,0.8355727868026328,0.9985114338815797,FALSE,ANCOM-BC
KO_47,studyServergnini_2021,0.009106285333834938,0.19684884209745937,0.0462602941262232,0.9631027861049841,0.9872441777311945,FALSE,ANCOM-BC
KO_48,(Intercept),-2.296599748816648,0.44635022537610536,-5.145286410198355,2.6711296270391504e-7,6.677824067597876e-6,TRUE,ANCOM-BC
KO_48,health_statusHIV,-0.04498879487653642,0.940930267762479,-0.04781310200969434,0.9618651946058436,0.9973313697314549,FALSE,ANCOM-BC
KO_48,studyKervinen_2022,1.1936349512281543,0.47504628340798216,2.5126708552796515,0.011982106884479989,0.04493290081679996,TRUE,ANCOM-BC
KO_48,studyLivson_2022,1.1956590322810583,0.563320499048187,2.1225200117895593,0.033794094017588205,0.1408087250732842,FALSE,ANCOM-BC
KO_48,studyMovassagh_2021,6.112918968481669,0.5392031140400377,11.336950416847486,8.609248687069573e-30,1.614234128825545e-28,TRUE,ANCOM-BC
KO_48,studyPMTCT_CQI,4.6942567873973,1.0909539075604926,4.302891950673,1.685830756997707e-5,3.1609326693707003e-4,TRUE,ANCOM-BC
KO_48,studyServergnini_2021,1.718019349045079,0.5698598192082482,3.0148104694099342,0.002571398855059106,0.021944142253273055,TRUE,ANCOM-BC
KO_49,(Intercept),0.9041469772410577,0.42981886082399534,2.1035535190515824,0.03541741213723919,0.09486806822474782,FALSE,ANCOM-BC
KO_49,health_statusHIV,-0.4707179806192666,0.9060122805764055,-0.5195492276548345,0.6033777934830006,0.9973313697314549,FALSE,ANCOM-BC
KO_49,studyKervinen_2022,-2.628653359015344,0.45752542406105406,-5.745371122074663,9.17195936304576e-9,2.2929898407614402e-7,TRUE,ANCOM-BC
KO_49,studyLivson_2022,-0.12268769034759255,0.5424262981657451,-0.2261831529232084,0.8210589731292972,0.9067386013312584,FALSE,ANCOM-BC
KO_49,studyMovassagh_2021,1.840593212423878,0.5192294336337971,3.5448553051828995,3.9282866670825703e-4,0.0010911907408562695,TRUE,ANCOM-BC
KO_49,studyPMTCT_CQI,1.388650708836659,1.05047672731049,1.3219242965924507,0.18619336089448377,0.613030281482191,FALSE,ANCOM-BC
KO_49,studyServergnini_2021,0.009023717775072704,0.5487186768948292,0.01644507131803397,0.9868793228901676,0.9872441777311945,FALSE,ANCOM-BC
KO_50,(Intercept),0.08297281849452187,0.1547644910765973,0.5361230985049167,0.5918734772077759,0.9582215889092834,FALSE,ANCOM-BC
KO_50,health_statusHIV,-0.02081066525513938,0.3248759407979132,-0.06405726814988898,0.948924627004625,0.9973313697314549,FALSE,ANCOM-BC
KO_50,studyKervinen_2022,-0.1415685045011823,0.16617530949964518,-0.8519226167078966,0.3942570430791091,0.6976220091577047,FALSE,ANCOM-BC
KO_50,studyLivson_2022,-0.03788769482071815,0.1947109436089687,-0.19458431107399238,0.8457183862356406,0.9067386013312584,FALSE,ANCOM-BC
KO_50,studyMovassagh_2021,-0.11533753590314176,0.18689295857358226,-0.6171315216123128,0.537147978814972,0.8221652736963857,FALSE,ANCOM-BC
KO_50,studyPMTCT_CQI,0.009860766949647671,0.3768382481469194,0.02616710750073123,0.9791240513060988,0.9985114338815797,FALSE,ANCOM-BC
KO_50,studyServergnini_2021,-0.09210128258774002,0.19688365989618667,-0.46779546172751674,0.6399308663451991,0.9872441777311945,FALSE,ANCOM-BC
KO_51,(Intercept),-1.3259190931258926,0.42415377564975415,-3.126033927423466,0.00177181109382251,0.01022198707974525,TRUE,ANCOM-BC
KO_51,health_statusHIV,0.2536972122355645,0.8940462262077329,0.2837629697422576,0.7765920343375686,0.9973313697314549,FALSE,ANCOM-BC
KO_51,studyKervinen_2022,1.9547629462655562,0.4515213699839558,4.3292811286761825,1.4959686511994208e-5,8.01411777428261e-5,TRUE,ANCOM-BC
KO_51,studyLivson_2022,2.215718773931785,0.5352660759963732,4.139471700700117,3.481065369942206e-5,6.526997568641636e-4,TRUE,ANCOM-BC
KO_51,studyMovassagh_2021,-0.35592890309546427,0.512384705876203,-0.6946516923974309,0.48727360874354936,0.8176193605874462,FALSE,ANCOM-BC
KO_51,studyPMTCT_CQI,-0.6791598909230357,1.0366056047408392,-0.6551767497850177,0.5123539619311889,0.9985114338815797,FALSE,ANCOM-BC
KO_51,studyServergnini_2021,2.466225878270092,0.5414738234484789,4.554653930569466,5.247188994696607e-6,1.9676958730112276e-4,TRUE,ANCOM-BC
KO_52,(Intercept),-0.011656498611285256,0.15514851304203192,-0.07513122995982144,0.9401103001223783,0.9908537891356359,FALSE,ANCOM-BC
KO_52,health_statusHIV,-0.03451828737748208,0.3256877588875612,-0.1059858297879688,0.9155935950489374,0.9973313697314549,FALSE,ANCOM-BC
KO_52,studyKervinen_2022,-0.0030965738619560114,0.16658161032117955,-0.01858892981035318,0.9851690340432637,0.9885684835514783,FALSE,ANCOM-BC
KO_52,studyLivson_2022,0.043953024866995996,0.19519661394621332,0.22517309075406047,0.8218446223912494,0.9067386013312584,FALSE,ANCOM-BC
KO_52,studyMovassagh_2021,-0.047678657764028305,0.18735697785579372,-0.2544802884295346,0.7991245305077102,0.94356257926654,FALSE,ANCOM-BC
KO_52,studyPMTCT_CQI,0.024377602107615512,0.3777792328547657,0.06452869821191916,0.9485492568550906,0.9985114338815797,FALSE,ANCOM-BC
KO_52,studyServergnini_2021,0.007518570387075651,0.19737511335146515,0.03809279832400835,0.969613693249369,0.9872441777311945,FALSE,ANCOM-BC
KO_53,(Intercept),-1.352917111397305,0.5173143212334761,-2.615270940443773,0.00891567002861668,0.0351934343234869,TRUE,ANCOM-BC
KO_53,health_statusHIV,0.13379285571256053,1.0908179427055722,0.12265369909548067,0.9023813296997097,0.9973313697314549,FALSE,ANCOM-BC
KO_53,studyKervinen_2022,0.8441690184507733,0.5502628502673169,1.5341195903751765,0.12500023464797366,0.33482205709278656,FALSE,ANCOM-BC
KO_53,studyLivson_2022,1.95166424033878,0.653010886613968,2.9887162378848977,0.002801521829512114,0.021011413721340855,TRUE,ANCOM-BC
KO_53,studyMovassagh_2021,2.4333567123437496,0.6249437978716725,3.8937208763905855,9.871823336343468e-5,2.9615470009030406e-4,TRUE,ANCOM-BC
KO_53,studyPMTCT_CQI,2.066007374846867,1.2647053130745765,1.6335879619452818,0.10234539719526982,0.5482789135460883,FALSE,ANCOM-BC
KO_53,studyServergnini_2021,1.3070703753084518,0.6606099363913707,1.9785811615980495,0.047863182380607085,0.25640990561039506,FALSE,ANCOM-BC
KO_54,(Intercept),-0.6871566906318508,0.5924836587647705,-1.159790114826893,0.24613426973755814,0.5012647449585389,FALSE,ANCOM-BC
KO_54,health_statusHIV,-0.2839345434730585,1.2495817523521058,-0.22722366338865338,0.820249828164751,0.9973313697314549,FALSE,ANCOM-BC
KO_54,studyKervinen_2022,1.157222847577747,0.6299430757231885,1.837027649282802,0.06620581374839542,0.2026168577253985,FALSE,ANCOM-BC
KO_54,studyLivson_2022,1.5635912607915492,0.7480135385468897,2.0903248139452417,0.036588631716656723,0.1444288094078555,FALSE,ANCOM-BC
KO_54,studyMovassagh_2021,0.16465499410188256,0.7157650728699663,0.23004055428644196,0.8180602568638854,0.94356257926654,FALSE,ANCOM-BC
KO_54,studyPMTCT_CQI,-1.3184321327384971,1.4487467420207476,-0.9100501105524597,0.36279608327920776,0.9717752230693064,FALSE,ANCOM-BC
KO_54,studyServergnini_2021,1.1886020567633395,0.7567347024314725,1.5706984930705958,0.1162526994004209,0.3692494258917065,FALSE,ANCOM-BC
KO_55,(Intercept),-1.1641856383534859,0.46324228711548343,-2.5131247097553113,0.011966702415378077,0.039021855702319815,TRUE,ANCOM-BC
KO_55,health_statusHIV,-0.11397220856841969,0.9766096689657031,-0.11670190475292355,0.9070962808174476,0.9973313697314549,FALSE,ANCOM-BC
KO_55,studyKervinen_2022,2.410009478321243,0.49294991973328584,4.888953992781247,1.0137318174820209e-6,1.0861412330164509e-5,TRUE,ANCOM-BC
KO_55,studyLivson_2022,-0.31830073696828465,0.5846703852644067,-0.5444105687418028,0.5861589746077907,0.8962725930108217,FALSE,ANCOM-BC
KO_55,studyMovassagh_2021,0.1971003834288224,0.5596125770520622,0.35220863774561956,0.7246817995012144,0.94356257926654,FALSE,ANCOM-BC
KO_55,studyPMTCT_CQI,0.038291460519144276,1.132313778900927,0.03381700482026425,0.973023075815243,0.9985114338815797,FALSE,ANCOM-BC
KO_55,studyServergnini_2021,-0.07983573193919179,0.5914620032116052,-0.13498032249863606,0.8926274323066563,0.9872441777311945,FALSE,ANCOM-BC
KO_56,(Intercept),-2.64561703175754,0.391913427950176,-6.750513871379466,1.4732243411215192e-11,5.524591279205697e-10,TRUE,ANCOM-BC
KO_56,health_statusHIV,-0.1405997505317786,0.8259454624716348,-0.17022885519709138,0.864830159722366,0.9973313697314549,FALSE,ANCOM-BC
KO_56,studyKervinen_2022,1.6831519767723297,0.41735322000060765,4.0329195897179835,5.508813365229453e-5,2.582256264951306e-4,TRUE,ANCOM-BC
KO_56,studyLivson_2022,1.5747215259452212,0.49451627290853867,3.184367456066441,0.0014507072993081632,0.012089227494234694,TRUE,ANCOM-BC
KO_56,studyMovassagh_2021,6.19921705310787,0.47343088090680596,13.094238891290606,3.552171985065061e-39,8.880429962662653e-38,TRUE,ANCOM-BC
KO_56,studyPMTCT_CQI,5.397292322881704,0.9576629314942775,5.6358997987528925,1.74146621035569e-8,6.530498288833837e-7,TRUE,ANCOM-BC
KO_56,studyServergnini_2021,1.650625038452296,0.5002422950977014,3.2996510983340896,9.680509913386952e-4,0.010371974907200305,TRUE,ANCOM-BC
KO_57,(Intercept),0.01221759544403769,0.15674261090404065,0.07794686699149997,0.9378703183220473,0.9908537891356359,FALSE,ANCOM-BC
KO_57,health_statusHIV,-0.031531569057452,0.32905763951107286,-0.0958238474703182,0.9236604769680129,0.9973313697314549,FALSE,ANCOM-BC
KO_57,studyKervinen_2022,-0.03897875721764803,0.1682682137085018,-0.23164658587968723,0.8168125211796666,0.9768834775512872,FALSE,ANCOM-BC
KO_57,studyLivson_2022,0.10317057511020687,0.19721264948489836,0.5231438012707557,0.6008741863613462,0.8962725930108217,FALSE,ANCOM-BC
KO_57,studyMovassagh_2021,-0.14809169583335277,0.18928314814474187,-0.7823818299984601,0.43399020890010004,0.7938845284757928,FALSE,ANCOM-BC
KO_57,studyPMTCT_CQI,-0.00811323996823169,0.3816852907904955,-0.02125636005366786,0.9830411555977403,0.9985114338815797,FALSE,ANCOM-BC
KO_57,studyServergnini_2021,0.06556770550929322,0.19941515327651835,0.3288000156055041,0.7423068512830693,0.9872441777311945,FALSE,ANCOM-BC
KO_59,(Intercept),-0.6617428484701878,0.26248546744836654,-2.5210647084694666,0.01170003342088339,0.039021855702319815,TRUE,ANCOM-BC
KO_59,health_statusHIV,0.5855179498228175,0.5525249997645986,1.059713044789422,0.2892751663750386,0.9973313697314549,FALSE,ANCOM-BC
KO_59,studyKervinen_2022,0.1806375344510897,0.2802199398612635,0.6446276968745447,0.5191684817516968,0.8849462757131196,FALSE,ANCOM-BC
KO_59,studyLivson_2022,0.21772750802216337,0.3309131895976989,0.6579595944388353,0.5105640950612249,0.8962725930108217,FALSE,ANCOM-BC
KO_59,studyMovassagh_2021,3.2139718396325723,0.31705031134411743,10.1371035593913,3.781455761619752e-24,5.672183642429628e-23,TRUE,ANCOM-BC
KO_59,studyPMTCT_CQI,-0.9155959779616932,0.6407166378241208,-1.4290185768720867,0.15299889414838316,0.5627476529785022,FALSE,ANCOM-BC
KO_59,studyServergnini_2021,0.9958821125109808,0.33470314494749165,2.9754190468309316,0.0029258856337697407,0.021944142253273055,TRUE,ANCOM-BC
KO_60,(Intercept),-0.0034409233306189418,0.15689036185462538,-0.021932024950055896,0.9825021786984665,0.9908537891356359,FALSE,ANCOM-BC
KO_60,health_statusHIV,-0.018140463689113626,0.32936997912842497,-0.055076251142003624,0.9560777162631992,0.9973313697314549,FALSE,ANCOM-BC
KO_60,studyKervinen_2022,0.00424851063290478,0.16842454066330598,0.02522500946817418,0.9798754886299965,0.9885684835514783,FALSE,ANCOM-BC
KO_60,studyLivson_2022,0.07646337996831531,0.19739950738145784,0.3873534487629511,0.6984945614758113,0.9067386013312584,FALSE,ANCOM-BC
KO_60,studyMovassagh_2021,-0.12229554521936851,0.18946167754815119,-0.6454896145859756,0.5186099462970835,0.8176193605874462,FALSE,ANCOM-BC
KO_60,studyPMTCT_CQI,-0.04375590048949224,0.38204732659395774,-0.1145300528067725,0.9088176244389545,0.9985114338815797,FALSE,ANCOM-BC
KO_60,studyServergnini_2021,0.022713535132015163,0.1996042359127215,0.11379285127970347,0.9094020056354866,0.9872441777311945,FALSE,ANCOM-BC
KO_61,(Intercept),0.0018408964557173257,0.16059007531384945,0.011463326436079982,0.9908537891356359,0.9908537891356359,FALSE,ANCOM-BC
KO_61,health_statusHIV,0.008190564644403348,0.3371909168814911,0.02429058504942468,0.9806208229590503,0.9973313697314549,FALSE,ANCOM-BC
KO_61,studyKervinen_2022,-0.009073064155061253,0.17233911022823378,-0.05264657652604522,0.9580135057013158,0.9885684835514783,FALSE,ANCOM-BC
KO_61,studyLivson_2022,0.04123495722043062,0.20207841838712928,0.20405423572464454,0.8383111164360093,0.9067386013312584,FALSE,ANCOM-BC
KO_61,studyMovassagh_2021,-0.059747641803175676,0.1939320844209539,-0.30808538969490956,0.7580173582262043,0.94356257926654,FALSE,ANCOM-BC
KO_61,studyPMTCT_CQI,-0.08875871053936689,0.39111266254300103,-0.2269389846962786,0.8204711873886452,0.9985114338815797,FALSE,ANCOM-BC
KO_61,studyServergnini_2021,-0.005657103253312225,0.20433884729820653,-0.027684913212104024,0.9779134566050618,0.9872441777311945,FALSE,ANCOM-BC
KO_62,(Intercept),-0.0018577066556538496,0.15511641497912346,-0.011976209325775556,0.990444595903848,0.9908537891356359,FALSE,ANCOM-BC
KO_62,health_statusHIV,-0.015626652381951565,0.32561990403255375,-0.04799047044860407,0.9617238373379764,0.9973313697314549,FALSE,ANCOM-BC
KO_62,studyKervinen_2022,-0.01823756969508704,0.16654765001565963,-0.1095036146914847,0.9128030549027207,0.9885684835514783,FALSE,ANCOM-BC
KO_62,studyLivson_2022,0.06546943646174985,0.1951560197518928,0.33547228799287326,0.7372688457559256,0.9067386013312584,FALSE,ANCOM-BC
KO_62,studyMovassagh_2021,-0.08627418898057977,0.18731819330736857,-0.46057559843647067,0.6451031218343121,0.9304371949533347,FALSE,ANCOM-BC
KO_62,studyPMTCT_CQI,0.021682315697762605,0.3777005817503152,0.05740609558313054,0.9542217074385921,0.9985114338815797,FALSE,ANCOM-BC
KO_62,studyServergnini_2021,-0.004107981089182418,0.1973340357874583,-0.020817397631328952,0.9833913194433609,0.9872441777311945,FALSE,ANCOM-BC
KO_63,(Intercept),0.05680365818799228,0.15432217031478068,0.36808488418822954,0.7128099415616715,0.9582215889092834,FALSE,ANCOM-BC
KO_63,health_statusHIV,0.015324322596272697,0.3239408769041177,0.0473059242869448,0.9622694064725947,0.9973313697314549,FALSE,ANCOM-BC
KO_63,studyKervinen_2022,-0.09961393872064218,0.16570733056360343,-0.6011438261773662,0.5477441951413067,0.9039265020895574,FALSE,ANCOM-BC
KO_63,studyLivson_2022,-0.08446408506414876,0.1941515418815651,-0.4350420514078272,0.663531904457304,0.9067386013312584,FALSE,ANCOM-BC
KO_63,studyMovassagh_2021,-0.05753750860184138,0.1863584958799482,-0.3087463672110068,0.7575144698254813,0.94356257926654,FALSE,ANCOM-BC
KO_63,studyPMTCT_CQI,-0.04934373232000865,0.37575440859870146,-0.13131910415642473,0.8955228797259508,0.9985114338815797,FALSE,ANCOM-BC
KO_63,studyServergnini_2021,-0.04845316769658132,0.19631759691463818,-0.24681011003638903,0.805055185825206,0.9872441777311945,FALSE,ANCOM-BC
KO_64,(Intercept),-0.48163742567377754,0.3979281059983259,-1.2103629233864768,0.22613966238974392,0.4951327636048784,FALSE,ANCOM-BC
KO_64,health_statusHIV,0.7658826913002095,0.8386503372439083,0.9132324370334863,0.3611203075212319,0.9973313697314549,FALSE,ANCOM-BC
KO_64,studyKervinen_2022,0.1988814306082865,0.4237273655338436,0.4693617802044027,0.6388110624771997,0.9741797041351263,FALSE,ANCOM-BC
KO_64,studyLivson_2022,-0.70884444570835,0.5021185280656808,-1.4117074078884178,0.1580361312383647,0.43898925343990197,FALSE,ANCOM-BC
KO_64,studyMovassagh_2021,2.4934344746184482,0.480698016504803,5.18711205165444,2.135802341061243e-7,8.009258778979661e-7,TRUE,ANCOM-BC
KO_64,studyPMTCT_CQI,0.33383086342242363,0.9723904524182324,0.34330948292655644,0.7313656475218542,0.9985114338815797,FALSE,ANCOM-BC
KO_64,studyServergnini_2021,-0.6315798894335765,0.5079344312538066,-1.2434279910392338,0.21371016092000739,0.6164716180384828,FALSE,ANCOM-BC
KO_65,(Intercept),-0.014564286075033068,0.15814602941443937,-0.09209390921137657,0.9266234276337129,0.9908537891356359,FALSE,ANCOM-BC
KO_65,health_statusHIV,-0.0011105015068753757,0.33202439676454143,-0.003344638278683176,0.9973313697314549,0.9973313697314549,FALSE,ANCOM-BC
KO_65,studyKervinen_2022,-0.0024321836860571834,0.16975310553419082,-0.014327771373627713,0.9885684835514783,0.9885684835514783,FALSE,ANCOM-BC
KO_65,studyLivson_2022,0.1742658501925032,0.19898752095780223,0.8757627079009564,0.38115904719907046,0.7940813483313969,FALSE,ANCOM-BC
KO_65,studyMovassagh_2021,-0.16438586972469557,0.19097891641379586,-0.8607540183572888,0.3893735348408147,0.7685003977121343,FALSE,ANCOM-BC
KO_65,studyPMTCT_CQI,-0.08765322766190248,0.38512408879125304,-0.22759736462346486,0.8199592689154828,0.9985114338815797,FALSE,ANCOM-BC
KO_65,studyServergnini_2021,0.1641713947738077,0.20121115559493022,0.8159159679213344,0.41454819875595283,0.8636420807415685,FALSE,ANCOM-BC
KO_66,(Intercept),0.08349656736078963,0.15623602044052354,0.5344258457515908,0.5930469412541393,0.9582215889092834,FALSE,ANCOM-BC
KO_66,health_statusHIV,0.03271056121772341,0.3279867249299695,0.09973135719047058,0.9205576052033757,0.9973313697314549,FALSE,ANCOM-BC
KO_66,studyKervinen_2022,-0.14117600063620633,0.16773222148027864,-0.8416748993740913,0.399969951917084,0.6976220091577047,FALSE,ANCOM-BC
KO_66,studyLivson_2022,0.05493953338672995,0.19657197276235708,0.2794881315717797,0.7798702449145944,0.9067386013312584,FALSE,ANCOM-BC
KO_66,studyMovassagh_2021,-0.19654885095374655,0.18867102814905837,-1.0417542792975314,0.29752561646367703,0.637554892422165,FALSE,ANCOM-BC
KO_66,studyPMTCT_CQI,-0.11504550841946075,0.3804439838795766,-0.3023980225584972,0.7623486619990562,0.9985114338815797,FALSE,ANCOM-BC
KO_66,studyServergnini_2021,0.0031778313927360276,0.1987668484614303,0.015987733454216686,0.9872441777311945,0.9872441777311945,FALSE,ANCOM-BC
KO_67,(Intercept),0.010304897465861359,0.15761133539780475,0.06538170265388721,0.9478700920720011,0.9908537891356359,FALSE,ANCOM-BC
KO_67,health_statusHIV,-0.06555955230133584,0.3308940836437064,-0.19812851163554726,0.8429445179278456,0.9973313697314549,FALSE,ANCOM-BC
KO_67,studyKervinen_2022,-0.06694425288532066,0.16918736704137025,-0.39568115549047606,0.6923402590589297,0.9741797041351263,FALSE,ANCOM-BC
KO_67,studyLivson_2022,0.0889579795228424,0.19831130717091983,0.4485774451891017,0.6537365073427526,0.9067386013312584,FALSE,ANCOM-BC
KO_67,studyMovassagh_2021,-0.046242281844082224,0.1903328390670242,-0.24295482624413736,0.8080403924771022,0.94356257926654,FALSE,ANCOM-BC
KO_67,studyPMTCT_CQI,0.03388511776304802,0.3838139311228545,0.08828527318931989,0.929649943540792,0.9985114338815797,FALSE,ANCOM-BC
KO_67,studyServergnini_2021,0.08287363496603369,0.20052689132952656,0.4132794081460483,0.6794019148539675,0.9872441777311945,FALSE,ANCOM-BC
KO_68,(Intercept),-0.8529040919642428,0.3744467738213848,-2.277771239046881,0.02274021075488269,0.06316725209689636,FALSE,ANCOM-BC
KO_68,health_statusHIV,-0.04936824670736634,0.789049956872629,-0.06256669337266756,0.950111552271281,0.9973313697314549,FALSE,ANCOM-BC
KO_68,studyKervinen_2022,1.4232334369003015,0.398843188831001,3.568403514854451,3.591630687951376e-4,0.0014965127866464068,TRUE,ANCOM-BC
KO_68,studyLivson_2022,1.611482015164315,0.4724390705212413,3.410983798157018,6.472893764873138e-4,0.006935243319506933,TRUE,ANCOM-BC
KO_68,studyMovassagh_2021,-0.6571002029200002,0.4523270603371456,-1.4527103517313893,0.1463041916177988,0.3539617539140294,FALSE,ANCOM-BC
KO_68,studyPMTCT_CQI,-0.8045532245606728,0.9148936318659086,-0.8793953707162673,0.37918694126637026,0.9806558825854403,FALSE,ANCOM-BC
KO_68,studyServergnini_2021,1.8619891195026306,0.47790404428830524,3.8961568577547925,9.773110703899846e-5,0.0012216388379874808,TRUE,ANCOM-BC
KO_69,(Intercept),-0.021741858920374488,0.15734389038987528,-0.13818050937028012,0.8900977585889737,0.9908537891356359,FALSE,ANCOM-BC
KO_69,health_statusHIV,-0.023858663913706807,0.3303287182740681,-0.072227035052737,0.9424212304946871,0.9973313697314549,FALSE,ANCOM-BC
KO_69,studyKervinen_2022,0.020344158941766968,0.1689043957829568,0.12044777666952694,0.9041284465441871,0.9885684835514783,FALSE,ANCOM-BC
KO_69,studyLivson_2022,0.1185501194765935,0.19797307561238878,0.59881940566859,0.5492933202072721,0.8962725930108217,FALSE,ANCOM-BC
KO_69,studyMovassagh_2021,-0.12587912532537238,0.19000968190072504,-0.6624879535935482,0.5076585526018884,0.8176193605874462,FALSE,ANCOM-BC
KO_69,studyPMTCT_CQI,-0.014449759780348773,0.3831586104526916,-0.037712214696876495,0.9699171370057713,0.9985114338815797,FALSE,ANCOM-BC
KO_69,studyServergnini_2021,0.0669183710887282,0.2001846329423782,0.3342832569370607,0.7381658234992716,0.9872441777311945,FALSE,ANCOM-BC
KO_70,(Intercept),-0.9161098556185849,0.3529404395291188,-2.5956500106387006,0.009441217999814894,0.03540456749930585,TRUE,ANCOM-BC
KO_70,health_statusHIV,0.6011884732031932,0.7436201662285966,0.8084617665121008,0.418824807313289,0.9973313697314549,FALSE,ANCOM-BC
KO_70,studyKervinen_2022,1.8459853427380652,0.3760533425124857,4.908839076937004,9.161711536578419e-7,1.0861412330164509e-5,TRUE,ANCOM-BC
KO_70,studyLivson_2022,-0.3183007369682849,0.4452553700713297,-0.7148723145490492,0.4746879456774828,0.8683316079466149,FALSE,ANCOM-BC
KO_70,studyMovassagh_2021,0.057689577373372845,0.4263423035772277,0.13531281528792263,0.8923645531309135,0.9618081764619757,FALSE,ANCOM-BC
KO_70,studyPMTCT_CQI,-0.36667331069952086,0.8622315136418074,-0.4252608550003035,0.6706465262293946,0.9985114338815797,FALSE,ANCOM-BC
KO_70,studyServergnini_2021,-0.07983573193919373,0.4503988439638982,-0.1772556324447249,0.8593075990606973,0.9872441777311945,FALSE,ANCOM-BC
KO_71,(Intercept),0.3227972504334749,0.07822668195438393,4.126434131792866,3.684314649742657e-5,4.605393312178321e-4,TRUE,ANCOM-BC
KO_71,health_statusHIV,0.023131607833897748,0.16311166344237665,0.14181455418771802,0.8872264876829967,0.9973313697314549,FALSE,ANCOM-BC
KO_71,studyKervinen_2022,-0.4004750987331468,0.08515873955305331,-4.702689363828049,2.567569017637615e-6,2.407095954035264e-5,TRUE,ANCOM-BC
KO_71,studyLivson_2022,-0.16518707163848748,0.09792993200376993,-1.686788382862641,0.09164405005455618,0.3124228979132597,FALSE,ANCOM-BC
KO_71,studyMovassagh_2021,-0.41471633253862145,0.09441296111236157,-4.392578388099325,1.1201422248733225e-5,3.818666675704509e-5,TRUE,ANCOM-BC
KO_71,studyPMTCT_CQI,-0.4342442441942285,0.18933178237596443,-2.293562331399441,0.02181565117465099,0.1808161574353986,FALSE,ANCOM-BC
KO_71,studyServergnini_2021,-0.230734859113447,0.09895249653222224,-2.331774004694384,0.019712583260159594,0.11372644188553611,FALSE,ANCOM-BC
KO_72,(Intercept),0.778234390301344,0.28818925641276644,2.700428183855327,0.006925028610866618,0.02885428587861091,TRUE,ANCOM-BC
KO_72,health_statusHIV,-0.021129111286449592,0.6068307002602433,-0.03481879093689267,0.9722242367151103,0.9973313697314549,FALSE,ANCOM-BC
KO_72,studyKervinen_2022,-1.361299511007838,0.3074479748896099,-4.427739397199207,9.522585560339544e-6,6.160338071657135e-5,TRUE,ANCOM-BC
KO_72,studyLivson_2022,-1.9311268901886223,0.3634065166426939,-5.31395779038088,1.0726947597612857e-7,4.022605349104821e-6,TRUE,ANCOM-BC
KO_72,studyMovassagh_2021,1.3886364338427803,0.34810703739061755,3.9891076154388827,6.632232984593235e-5,2.1626846688890984e-4,TRUE,ANCOM-BC
KO_72,studyPMTCT_CQI,0.07739988435507004,0.7036665947387316,0.10999510980595617,0.9124132531920481,0.9985114338815797,FALSE,ANCOM-BC
KO_72,studyServergnini_2021,-1.5679284961280997,0.36758135649075513,-4.265527803414409,1.9943017534813765e-5,3.5266261818169394e-4,TRUE,ANCOM-BC
KO_73,(Intercept),-0.10668765433497461,0.29085381234771757,-0.3668085127501401,0.7137618573447813,0.9582215889092834,FALSE,ANCOM-BC
KO_73,health_statusHIV,0.18976462529186064,0.612460035695538,0.3098400127876999,0.7566826220815658,0.9973313697314549,FALSE,ANCOM-BC
KO_73,studyKervinen_2022,-0.378278275818151,0.310270758617069,-1.2191876459908868,0.2227729798023789,0.46899711103650327,FALSE,ANCOM-BC
KO_73,studyLivson_2022,-0.8339469893289966,0.36677481084507996,-2.27373026901033,0.022982209077234708,0.10139209887015313,FALSE,ANCOM-BC
KO_73,studyMovassagh_2021,1.9839138363849387,0.35132648982490805,5.646923570646977,1.633444028443967e-8,9.423715548715193e-8,TRUE,ANCOM-BC
KO_73,studyPMTCT_CQI,0.7361187201029692,0.7101920194517505,1.0365066065811799,0.2999658588825928,0.8332384968960911,FALSE,ANCOM-BC
KO_73,studyServergnini_2021,-0.4175704292550133,0.37098953505783383,-1.125558512559978,0.2603524370881968,0.6797464547334009,FALSE,ANCOM-BC
KO_74,(Intercept),-0.35510913398955596,0.47816464446906354,-0.7426503362327345,0.45769340496435473,0.8581751343081652,FALSE,ANCOM-BC
KO_74,health_statusHIV,0.44874316598370156,1.0081283108105448,0.4451250512178433,0.6562293859900985,0.9973313697314549,FALSE,ANCOM-BC
KO_74,studyKervinen_2022,-0.5089007940182539,0.5087662708001591,-1.000264410645547,0.31718256550886353,0.6429376327882369,FALSE,ANCOM-BC
KO_74,studyLivson_2022,-1.5795746005156635,0.6035306050416678,-2.6172236955681965,0.008864822521338746,0.06044197173640054,FALSE,ANCOM-BC
KO_74,studyMovassagh_2021,4.198253267058446,0.5776421709078335,7.267913387383733,3.6508273493180893e-13,2.738120511988567e-12,TRUE,ANCOM-BC
KO_74,studyPMTCT_CQI,1.5388276702018062,1.1688505034990162,1.3165307843862355,0.1879959529878719,0.613030281482191,FALSE,ANCOM-BC
KO_74,studyServergnini_2021,-1.0530927894291011,0.610545077363537,-1.7248403573681714,0.08455624649871211,0.3329410771706656,FALSE,ANCOM-BC
KO_76,(Intercept),-0.7443152111041967,0.2954115477889482,-2.519587391471779,0.011749247036094326,0.039021855702319815,TRUE,ANCOM-BC
KO_76,health_statusHIV,0.2503761852204341,0.6220889584294393,0.4024764976580646,0.6873333815105107,0.9973313697314549,FALSE,ANCOM-BC
KO_76,studyKervinen_2022,0.18063753445110048,0.31509922994676637,0.5732719006695695,0.5664606079761226,0.9039265020895574,FALSE,ANCOM-BC
KO_76,studyLivson_2022,-0.3183007369682865,0.37253625751480796,-0.8544154576836976,0.3928748341563841,0.7963679070737516,FALSE,ANCOM-BC
KO_76,studyMovassagh_2021,3.1128033124819083,0.35683337436657026,8.723408560108972,2.6995009424842986e-18,2.2495841187369158e-17,TRUE,ANCOM-BC
KO_76,studyPMTCT_CQI,1.7085715224185118,0.7213537037911187,2.3685627639242846,0.017857350214901802,0.1674126582647044,FALSE,ANCOM-BC
KO_76,studyServergnini_2021,-0.07983573193917864,0.3768191984745159,-0.21186747454052,0.8322104261028891,0.9872441777311945,FALSE,ANCOM-BC
KO_77,(Intercept),-0.08787413764990348,0.21186774363824729,-0.41475939725843225,0.6783180456121862,0.9582215889092834,FALSE,ANCOM-BC
KO_77,health_statusHIV,0.06391216274570913,0.44556882678291515,0.14343948432650938,0.8859431013854313,0.9973313697314549,FALSE,ANCOM-BC
KO_77,studyKervinen_2022,-0.047797461182670246,0.22661478029659204,-0.21091943394033355,0.8329501391552154,0.9768834775512872,FALSE,ANCOM-BC
KO_77,studyLivson_2022,0.44123059204647774,0.2669190197001049,1.653050399114381,0.09832060681764808,0.32061067440537416,FALSE,ANCOM-BC
KO_77,studyMovassagh_2021,0.050708572487543686,0.2558905499135398,0.19816508466091098,0.8429159041447758,0.94356257926654,FALSE,ANCOM-BC
KO_77,studyPMTCT_CQI,-0.05889006828493411,0.5167370373175321,-0.11396525511436581,0.9092653363507361,0.9985114338815797,FALSE,ANCOM-BC
KO_77,studyServergnini_2021,0.43163804217186325,0.2699500999764578,1.598954926149337,0.10983061822529053,0.3692494258917065,FALSE,ANCOM-BC
KO_78,(Intercept),-0.1689075353159173,0.1584204206108571,-1.0661979981155376,0.2863341469184954,0.5651331847075567,FALSE,ANCOM-BC
KO_78,health_statusHIV,0.012506967926042402,0.3326044426432709,0.03760312949113711,0.9700041127151925,0.9973313697314549,FALSE,ANCOM-BC
KO_78,studyKervinen_2022,0.20626766480009442,0.17004342969140748,1.2130293135960983,0.22511861329752156,0.46899711103650327,FALSE,ANCOM-BC
KO_78,studyLivson_2022,0.23016009921632893,0.19933453570259957,1.1546423624239408,0.24823691143041896,0.6071653058167755,FALSE,ANCOM-BC
KO_78,studyMovassagh_2021,0.02459927065400486,0.19131046658469494,0.12858298394831696,0.8976876313645107,0.9618081764619757,FALSE,ANCOM-BC
KO_78,studyPMTCT_CQI,0.0394178651651349,0.38579642619251076,0.10217270687070999,0.9186195911223876,0.9985114338815797,FALSE,ANCOM-BC
KO_78,studyServergnini_2021,0.20414403157138075,0.20156230152019977,1.0128085958123585,0.31115159411038296,0.7292615486962101,FALSE,ANCOM-BC
KO_79,(Intercept),0.10155407221507395,0.08777700295609972,1.1569553390409628,0.24729060751287915,0.5012647449585389,FALSE,ANCOM-BC
KO_79,health_statusHIV,-0.2516157521896639,0.18326361217027867,-1.3729716947621666,0.169761146336611,0.9973313697314549,FALSE,ANCOM-BC
KO_79,studyKervinen_2022,-0.1584361860499459,0.0953017913199856,-1.6624680801432161,0.09641895831604336,0.2687664379238596,FALSE,ANCOM-BC
KO_79,studyLivson_2022,-0.10749553059862707,0.10999162692639124,-0.9773064877980703,0.32841744213107227,0.7244502399950125,FALSE,ANCOM-BC
KO_79,studyMovassagh_2021,0.015185312306158709,0.10595095506528208,0.14332397755926052,0.886034319965538,0.9618081764619757,FALSE,ANCOM-BC
KO_79,studyPMTCT_CQI,0.0034445948680408445,0.21269451801992026,0.016195033610213853,0.9870787975501167,0.9985114338815797,FALSE,ANCOM-BC
KO_79,studyServergnini_2021,-0.00962358410155414,0.11115543400866676,-0.08657772053504637,0.9310071758270487,0.9872441777311945,FALSE,ANCOM-BC
KO_80,(Intercept),0.19444740365501667,0.1623604653728086,1.197627779697051,0.23106195634894325,0.4951327636048784,FALSE,ANCOM-BC
KO_80,health_statusHIV,-0.15117561798493942,0.3409333249338684,-0.4434169584749842,0.65746417187179,0.9973313697314549,FALSE,ANCOM-BC
KO_80,studyKervinen_2022,-0.31847255094223365,0.17421238885235454,-1.828070627124802,0.06753895257513283,0.2026168577253985,FALSE,ANCOM-BC
KO_80,studyLivson_2022,-0.10447169714595651,0.20431734222866801,-0.5113207523472668,0.6091264759849088,0.8962725930108217,FALSE,ANCOM-BC
KO_80,studyMovassagh_2021,-0.13520195671696528,0.19607126381478976,-0.6895551856322911,0.4904739577084414,0.8176193605874462,FALSE,ANCOM-BC
KO_80,studyPMTCT_CQI,-0.0582085861541123,0.39545053818635056,-0.1471956174875208,0.8829776196590464,0.9985114338815797,FALSE,ANCOM-BC
KO_80,studyServergnini_2021,-0.004511158032210226,0.20660441982295547,-0.021834760534532375,0.9825797658940836,0.9872441777311945,FALSE,ANCOM-BC
