Species,name,lfc,se,W,p,q,diff,method
f__Aerococcaceae_g__Aerococcus_s__christensenii,(Intercept),-0.7037401432318202,0.30638276476303744,-2.2969312382049525,0.021622692635100554,0.06819464600300944,FALSE,ANCOM-BC
f__Aerococcaceae_g__Aerococcus_s__christensenii,health_statusHIV,-0.6910613499890687,0.6513237072853915,-1.0610105885279335,0.288685089167087,0.9863407213208806,FALSE,ANCOM-BC
f__Aerococcaceae_g__Aerococcus_s__christensenii,studyKervinen_2022,0.25662294816114517,0.3243693059748905,0.791144363643983,0.428859753458721,0.9251132034327068,FALSE,ANCOM-BC
f__Aerococcaceae_g__Aerococcus_s__christensenii,studyLivson_2022,0.6970838346418194,0.38672100799799314,1.8025496940301649,0.07145896360464639,0.18441830591912822,FALSE,ANCOM-BC
f__Aerococcaceae_g__Aerococcus_s__christensenii,studyMovassagh_2021,1.6688919231739472,0.3783015811058244,4.41153832425326,1.0263878237693388e-5,2.4754059279142874e-5,TRUE,ANCOM-BC
f__Aerococcaceae_g__Aerococcus_s__christensenii,studyPMTCT_CQI,3.3508837453535065,0.7654717393144373,4.3775407676769165,1.2002591551365395e-5,4.921062536059812e-4,TRUE,ANCOM-BC
f__Aerococcaceae_g__Aerococcus_s__christensenii,studyServergnini_2021,0.2812214427464287,0.3918976791930245,0.7175889464962012,0.4730107750927193,0.9696720889400745,FALSE,ANCOM-BC
f__Atopobiaceae_g__Fannyhessea_s__massiliense,(Intercept),-0.10124742984700064,0.20526557151806377,-0.49325090953253536,0.621835310118696,0.7725832640868647,FALSE,ANCOM-BC
f__Atopobiaceae_g__Fannyhessea_s__massiliense,health_statusHIV,0.8651033967723104,0.4380070002054604,1.9750903441417775,0.048257896416448835,0.39571475061488043,FALSE,ANCOM-BC
f__Atopobiaceae_g__Fannyhessea_s__massiliense,studyKervinen_2022,-0.03152233073519885,0.2171297408440561,-0.1451773976824224,0.8845708108959744,0.9251132034327068,FALSE,ANCOM-BC
f__Atopobiaceae_g__Fannyhessea_s__massiliense,studyLivson_2022,-0.04116247496518711,0.25891170045074635,-0.15898267592204696,0.8736825228393011,0.9214883061357362,FALSE,ANCOM-BC
f__Atopobiaceae_g__Fannyhessea_s__massiliense,studyMovassagh_2021,0.3305418926225615,0.25654801446184017,1.28842116870769,0.19759939380487052,0.25317422331249034,FALSE,ANCOM-BC
f__Atopobiaceae_g__Fannyhessea_s__massiliense,studyPMTCT_CQI,0.12837353108466446,0.5187213927059798,0.24748069559072297,0.8045362296197303,0.8487789858876919,FALSE,ANCOM-BC
f__Atopobiaceae_g__Fannyhessea_s__massiliense,studyServergnini_2021,-0.01363036011545182,0.2626127576013999,-0.05190288636373224,0.9586060743921518,0.9731620431135241,FALSE,ANCOM-BC
f__Atopobiaceae_g__Fannyhessea_s__vaginae,(Intercept),-1.3900654203516905,0.41524744287296966,-3.3475592546320194,8.152655685514478e-4,0.004775126901515623,TRUE,ANCOM-BC
f__Atopobiaceae_g__Fannyhessea_s__vaginae,health_statusHIV,-0.015885862134106442,0.8810097708018562,-0.018031425598887322,0.9856137834802391,0.9921774887136853,FALSE,ANCOM-BC
f__Atopobiaceae_g__Fannyhessea_s__vaginae,studyKervinen_2022,0.9651640560727889,0.439822444786678,2.1944402053899528,0.028203778188355667,0.1445443632153228,FALSE,ANCOM-BC
f__Atopobiaceae_g__Fannyhessea_s__vaginae,studyLivson_2022,1.262937899975812,0.5243200619894987,2.408715575718533,0.016008768627480404,0.054696626143891376,FALSE,ANCOM-BC
f__Atopobiaceae_g__Fannyhessea_s__vaginae,studyMovassagh_2021,2.2757775112173495,0.509427296396829,4.467325420749706,7.920360008274031e-6,2.0295922521202205e-5,TRUE,ANCOM-BC
f__Atopobiaceae_g__Fannyhessea_s__vaginae,studyPMTCT_CQI,3.9318763876569793,1.031211132250468,3.812872325259166,1.3736107913326888e-4,0.001842127566560597,TRUE,ANCOM-BC
f__Atopobiaceae_g__Fannyhessea_s__vaginae,studyServergnini_2021,0.7546382396039918,0.5310891457780522,1.4209257440169247,0.15533834791225473,0.3980545165251527,FALSE,ANCOM-BC
f__Bacteroidaceae_g__Prevotella_s__amnii,(Intercept),-0.5622019854454403,0.3308463326461053,-1.699284320152365,0.08926562548945685,0.20332725805931837,FALSE,ANCOM-BC
f__Bacteroidaceae_g__Prevotella_s__amnii,health_statusHIV,0.1872846923924874,0.7029311299849786,0.2664339142249819,0.7899050490687348,0.9921774887136853,FALSE,ANCOM-BC
f__Bacteroidaceae_g__Prevotella_s__amnii,studyKervinen_2022,0.11014703921108783,0.3503141573411869,0.31442360208071923,0.7531993325873084,0.9251132034327068,FALSE,ANCOM-BC
f__Bacteroidaceae_g__Prevotella_s__amnii,studyLivson_2022,-0.04116247496518391,0.4176423521993206,-0.09855914934972648,0.9214883061357362,0.9214883061357362,FALSE,ANCOM-BC
f__Bacteroidaceae_g__Prevotella_s__amnii,studyMovassagh_2021,1.9501931699170982,0.4077554857876797,4.782751521171621,1.7291181889870386e-6,4.726256383231239e-6,TRUE,ANCOM-BC
f__Bacteroidaceae_g__Prevotella_s__amnii,studyPMTCT_CQI,2.0955530662796473,0.8251645219330777,2.5395578827970993,0.011099267731406234,0.035005382845204276,TRUE,ANCOM-BC
f__Bacteroidaceae_g__Prevotella_s__amnii,studyServergnini_2021,0.1994845387694825,0.4231759197304677,0.4713986062735792,0.6373561110779766,0.9731620431135241,FALSE,ANCOM-BC
f__Bacteroidaceae_g__Prevotella_s__bivia,(Intercept),-0.9596389421326201,0.35624162023680744,-2.693786709971483,0.007064535652422168,0.032182884638812095,TRUE,ANCOM-BC
f__Bacteroidaceae_g__Prevotella_s__bivia,health_statusHIV,-0.8614024280061818,0.756508125740333,-1.1386558831251117,0.25484671023435734,0.9585710709507204,FALSE,ANCOM-BC
f__Bacteroidaceae_g__Prevotella_s__bivia,studyKervinen_2022,0.48707846612972167,0.3772466776451305,1.2911405056505443,0.19665496065473803,0.5375235591229506,FALSE,ANCOM-BC
f__Bacteroidaceae_g__Prevotella_s__bivia,studyLivson_2022,0.8734327887870914,0.449740921777731,1.942079865302441,0.052127432593536624,0.1526589097382144,FALSE,ANCOM-BC
f__Bacteroidaceae_g__Prevotella_s__bivia,studyMovassagh_2021,2.5011927501813247,0.4383385754383265,5.7060749163593485,1.1561112934429639e-8,4.309142093741956e-8,TRUE,ANCOM-BC
f__Bacteroidaceae_g__Prevotella_s__bivia,studyPMTCT_CQI,3.2648684054967414,0.8871448563815311,3.6801976385383353,2.3305325328962527e-4,0.001842127566560597,TRUE,ANCOM-BC
f__Bacteroidaceae_g__Prevotella_s__bivia,studyServergnini_2021,0.6636295008021976,0.45564556165863895,1.4564599255317148,0.14526552009101465,0.3970590882487734,FALSE,ANCOM-BC
f__Bacteroidaceae_g__Prevotella_s__buccalis,(Intercept),1.2479883263174636,0.29488922530197603,4.232058072109903,2.3156259728883027e-5,1.5823444148070067e-4,TRUE,ANCOM-BC
f__Bacteroidaceae_g__Prevotella_s__buccalis,health_statusHIV,1.1155367040317945,0.6270785642807515,1.7789424923355437,0.07524919065505221,0.5142028028095235,FALSE,ANCOM-BC
f__Bacteroidaceae_g__Prevotella_s__buccalis,studyKervinen_2022,-1.5510188971439294,0.31217968741250235,-4.96835303411164,6.752394731952777e-7,9.228272800335461e-6,TRUE,ANCOM-BC
f__Bacteroidaceae_g__Prevotella_s__buccalis,studyLivson_2022,-1.6377973431849957,0.3721933266021755,-4.400394166485365,1.0805441884640098e-5,9.372820225869557e-5,TRUE,ANCOM-BC
f__Bacteroidaceae_g__Prevotella_s__buccalis,studyMovassagh_2021,-0.6659785702853834,0.36446563053210523,-1.8272739992330178,0.06765858253978811,0.09907149586183259,FALSE,ANCOM-BC
f__Bacteroidaceae_g__Prevotella_s__buccalis,studyPMTCT_CQI,-1.5206459496620839,0.7374308349809485,-2.062086201889523,0.039199529775219906,0.0803590360392008,FALSE,ANCOM-BC
f__Bacteroidaceae_g__Prevotella_s__buccalis,studyServergnini_2021,-1.610265228335261,0.3772024927189776,-4.268967621947653,1.9637976933403137e-5,2.683856847565095e-4,TRUE,ANCOM-BC
f__Bacteroidaceae_g__Prevotella_s__denticola,(Intercept),-0.007780479752315376,0.1906733394549976,-0.04080528391936887,0.9674511269106227,0.9674511269106227,FALSE,ANCOM-BC
f__Bacteroidaceae_g__Prevotella_s__denticola,health_statusHIV,0.006478599188245361,0.4071969608109389,0.015910234632751513,0.987306004980305,0.9921774887136853,FALSE,ANCOM-BC
f__Bacteroidaceae_g__Prevotella_s__denticola,studyKervinen_2022,0.13217593535832697,0.20165698588538522,0.65544932538787,0.5121785026369654,0.9251132034327068,FALSE,ANCOM-BC
f__Bacteroidaceae_g__Prevotella_s__denticola,studyLivson_2022,-0.041162474965187726,0.24047038589076486,-0.17117481977130453,0.8640863061732513,0.9214883061357362,FALSE,ANCOM-BC
f__Bacteroidaceae_g__Prevotella_s__denticola,studyMovassagh_2021,-0.09207960600975511,0.23892876206688846,-0.3853851885106126,0.6999520545928244,0.7489431959872538,FALSE,ANCOM-BC
f__Bacteroidaceae_g__Prevotella_s__denticola,studyPMTCT_CQI,0.11776681931125077,0.48301975635856165,0.24381366965004334,0.8073751329175605,0.8487789858876919,FALSE,ANCOM-BC
f__Bacteroidaceae_g__Prevotella_s__denticola,studyServergnini_2021,-0.013630360115451717,0.24395475007073458,-0.05587249320416839,0.9554433838323816,0.9731620431135241,FALSE,ANCOM-BC
f__Bacteroidaceae_g__Prevotella_s__melaninogenica,(Intercept),-0.05553035102651052,0.19394645549752354,-0.28631794731211047,0.7746346132980588,0.8749583991978926,FALSE,ANCOM-BC
f__Bacteroidaceae_g__Prevotella_s__melaninogenica,health_statusHIV,2.2126694834449827,0.41410977715454467,5.343195465339666,9.132219457177009e-8,3.7442099774425736e-6,TRUE,ANCOM-BC
f__Bacteroidaceae_g__Prevotella_s__melaninogenica,studyKervinen_2022,-0.03152233073519861,0.20512738326243563,-0.1536719780355683,0.8778683805832594,0.9251132034327068,FALSE,ANCOM-BC
f__Bacteroidaceae_g__Prevotella_s__melaninogenica,studyLivson_2022,-0.04116247496518718,0.24460665752925864,-0.16828027242170843,0.8663627928681537,0.9214883061357362,FALSE,ANCOM-BC
f__Bacteroidaceae_g__Prevotella_s__melaninogenica,studyMovassagh_2021,0.23577464491103078,0.2428844674988133,0.9707275534701812,0.33168396720902266,0.38854407587342654,FALSE,ANCOM-BC
f__Bacteroidaceae_g__Prevotella_s__melaninogenica,studyPMTCT_CQI,-1.6810509312615263,0.4910346954353072,-3.42348707105362,6.182319263314386e-4,0.003621072711369855,TRUE,ANCOM-BC
f__Bacteroidaceae_g__Prevotella_s__melaninogenica,studyServergnini_2021,-0.013630360115451852,0.24813990785836804,-0.054930140955930865,0.9561941191117257,0.9731620431135241,FALSE,ANCOM-BC
f__Bacteroidaceae_g__Prevotella_s__sp000758925,(Intercept),-0.05282931101433628,0.19798532308724903,-0.26683448141787375,0.7895966041541957,0.8749583991978926,FALSE,ANCOM-BC
f__Bacteroidaceae_g__Prevotella_s__sp000758925,health_statusHIV,0.09832165505242599,0.4226381283262413,0.23263791991935448,0.8160425792109655,0.9921774887136853,FALSE,ANCOM-BC
f__Bacteroidaceae_g__Prevotella_s__sp000758925,studyKervinen_2022,-0.03152233073519878,0.20940988518067774,-0.1505293348878993,0.8803470085134637,0.9251132034327068,FALSE,ANCOM-BC
f__Bacteroidaceae_g__Prevotella_s__sp000758925,studyLivson_2022,-0.04116247496518706,0.249710807028173,-0.1648405828128336,0.86906946048719,0.9214883061357362,FALSE,ANCOM-BC
f__Bacteroidaceae_g__Prevotella_s__sp000758925,studyMovassagh_2021,0.29398968743721793,0.247762427524127,1.1865789755736444,0.23539373293900775,0.29245888031816114,FALSE,ANCOM-BC
f__Bacteroidaceae_g__Prevotella_s__sp000758925,studyPMTCT_CQI,0.61600527834172,0.5009186770725058,1.2297510684604718,0.2187903367246292,0.2990134601903266,FALSE,ANCOM-BC
f__Bacteroidaceae_g__Prevotella_s__sp000758925,studyServergnini_2021,-0.013630360115451774,0.2533041322825766,-0.053810255650493126,0.9570863385320209,0.9731620431135241,FALSE,ANCOM-BC
f__Bacteroidaceae_g__Prevotella_s__timonensis,(Intercept),-0.7140054688075057,0.305687622298536,-2.335735622655354,0.019505024685647163,0.06664216767596114,FALSE,ANCOM-BC
f__Bacteroidaceae_g__Prevotella_s__timonensis,health_statusHIV,-0.4103935658958066,0.6498573132012088,-0.6315133454053176,0.5277049260825767,0.9921774887136853,FALSE,ANCOM-BC
f__Bacteroidaceae_g__Prevotella_s__timonensis,studyKervinen_2022,0.3137784381105233,0.3236320661712604,0.9695529921453373,0.3322693538688249,0.8514402192888638,FALSE,ANCOM-BC
f__Bacteroidaceae_g__Prevotella_s__timonensis,studyLivson_2022,0.6942537685831711,0.3858423593608106,1.7993197266709575,0.07196811938307443,0.18441830591912822,FALSE,ANCOM-BC
f__Bacteroidaceae_g__Prevotella_s__timonensis,studyMovassagh_2021,2.1784758601370564,0.3774647309994795,5.771336183830273,7.864539219287332e-9,3.582734533230896e-8,TRUE,ANCOM-BC
f__Bacteroidaceae_g__Prevotella_s__timonensis,studyPMTCT_CQI,1.8352069907653643,0.7637757247288696,2.402808745220122,0.016269694014522804,0.044470496973029,TRUE,ANCOM-BC
f__Bacteroidaceae_g__Prevotella_s__timonensis,studyServergnini_2021,0.7413972507662149,0.39100889675529976,1.8961135076939037,0.057945036822151165,0.19797887580901646,FALSE,ANCOM-BC
f__Bifidobacteriaceae_g__Bifidobacterium_388775_s__Bifidobacterium leopoldii,(Intercept),0.1522114943995312,0.5346902373937397,0.2846722901496412,0.7758952218821563,0.8749583991978926,FALSE,ANCOM-BC
f__Bifidobacteriaceae_g__Bifidobacterium_388775_s__Bifidobacterium leopoldii,health_statusHIV,0.7545468882747158,1.133087484477153,0.6659211213712158,0.5054615193588154,0.9921774887136853,FALSE,ANCOM-BC
f__Bifidobacteriaceae_g__Bifidobacterium_388775_s__Bifidobacterium leopoldii,studyKervinen_2022,-1.179405315647452,0.566485468651607,-2.0819692311874562,0.03734528027253679,0.17012849901933427,FALSE,ANCOM-BC
f__Bifidobacteriaceae_g__Bifidobacterium_388775_s__Bifidobacterium leopoldii,studyLivson_2022,-0.09636731761328876,0.6752812542665445,-0.1427069343394671,0.8865216399654157,0.9214883061357362,FALSE,ANCOM-BC
f__Bifidobacteriaceae_g__Bifidobacterium_388775_s__Bifidobacterium leopoldii,studyMovassagh_2021,0.9794610268453684,0.6534306708608232,1.49895171825197,0.1338861579523221,0.18297774920150686,FALSE,ANCOM-BC
f__Bifidobacteriaceae_g__Bifidobacterium_388775_s__Bifidobacterium leopoldii,studyPMTCT_CQI,2.7940949954781074,1.3230312363303378,2.111888909915707,0.03469597882650337,0.07487027009929674,FALSE,ANCOM-BC
f__Bifidobacteriaceae_g__Bifidobacterium_388775_s__Bifidobacterium leopoldii,studyServergnini_2021,-0.7827834192798262,0.6838080006964864,-1.1447415334165867,0.2523162410495113,0.5747203268349979,FALSE,ANCOM-BC
f__Bifidobacteriaceae_g__Bifidobacterium_388775_s__Bifidobacterium vaginale,(Intercept),-0.5615782178015845,0.5022982498083058,-1.1180174687367552,0.26355953266296844,0.37261864962695534,FALSE,ANCOM-BC
f__Bifidobacteriaceae_g__Bifidobacterium_388775_s__Bifidobacterium vaginale,health_statusHIV,-0.15301880998072365,1.0647199623755919,-0.14371742372455354,0.8857236118942389,0.9921774887136853,FALSE,ANCOM-BC
f__Bifidobacteriaceae_g__Bifidobacterium_388775_s__Bifidobacterium vaginale,studyKervinen_2022,0.3079192750861576,0.5321360858812717,0.5786476114962431,0.5628269718503103,0.9251132034327068,FALSE,ANCOM-BC
f__Bifidobacteriaceae_g__Bifidobacterium_388775_s__Bifidobacterium vaginale,studyLivson_2022,0.9499813024217059,0.6343423598202954,1.4975845262656409,0.13424122950699638,0.30577168943260286,FALSE,ANCOM-BC
f__Bifidobacteriaceae_g__Bifidobacterium_388775_s__Bifidobacterium vaginale,studyMovassagh_2021,0.5685116435744751,0.6143669417780732,0.9253617096146389,0.3547777892330595,0.3931321448258227,FALSE,ANCOM-BC
f__Bifidobacteriaceae_g__Bifidobacterium_388775_s__Bifidobacterium vaginale,studyPMTCT_CQI,2.923217882181932,1.2438707381583443,2.3500977975492883,0.018768479076242316,0.04809422763287093,TRUE,ANCOM-BC
f__Bifidobacteriaceae_g__Bifidobacterium_388775_s__Bifidobacterium vaginale,studyServergnini_2021,-0.2708238769119277,0.6423915952744408,-0.4215868932659791,0.67332657466851,0.9731620431135241,FALSE,ANCOM-BC
f__Bradymonadaceae_g__Lujinxingia_s__litoralis,(Intercept),-1.1557316483379165,0.1671150006280712,-6.915786398553752,4.652750175735185e-12,1.9076275720514258e-10,TRUE,ANCOM-BC
f__Bradymonadaceae_g__Lujinxingia_s__litoralis,health_statusHIV,-0.768273748395301,0.3573777499753316,-2.1497526033680945,0.03157478908149363,0.3236415880853097,FALSE,ANCOM-BC
f__Bradymonadaceae_g__Lujinxingia_s__litoralis,studyKervinen_2022,-0.03152233073519227,0.1766860734047339,-0.1784086890820434,0.8584020258766366,0.9251132034327068,FALSE,ANCOM-BC
f__Bradymonadaceae_g__Lujinxingia_s__litoralis,studyLivson_2022,-0.04116247496516926,0.21070648447847212,-0.19535457139371917,0.8451153781429529,0.9214883061357362,FALSE,ANCOM-BC
f__Bradymonadaceae_g__Lujinxingia_s__litoralis,studyMovassagh_2021,8.54429428127893,0.21033996163695012,40.62135513757727,0,0,TRUE,ANCOM-BC
f__Bradymonadaceae_g__Lujinxingia_s__litoralis,studyPMTCT_CQI,0.6921148206519271,0.4251084488039533,1.6280900146755464,0.10350580051442312,0.16974951284365392,FALSE,ANCOM-BC
f__Bradymonadaceae_g__Lujinxingia_s__litoralis,studyServergnini_2021,-0.013630360115451684,0.21382978972038347,-0.0637439719380333,0.9491740913761355,0.9731620431135241,FALSE,ANCOM-BC
f__Dialisteraceae_g__Dialister_s__micraerophilus,(Intercept),-0.693819455374467,0.2805456762910324,-2.473106926997202,0.013394406034331483,0.054917064740759074,FALSE,ANCOM-BC
f__Dialisteraceae_g__Dialister_s__micraerophilus,health_statusHIV,-0.15287209426672085,0.5968222863013712,-0.2561434078041895,0.7978401051189289,0.9921774887136853,FALSE,ANCOM-BC
f__Dialisteraceae_g__Dialister_s__micraerophilus,studyKervinen_2022,-0.03152233073519668,0.2969673568023393,-0.10614746036271543,0.9154653558953527,0.9251132034327068,FALSE,ANCOM-BC
f__Dialisteraceae_g__Dialister_s__micraerophilus,studyLivson_2022,1.0219409377841926,0.35406317717060914,2.8863236949708537,0.0038977105540226637,0.01598061327149292,TRUE,ANCOM-BC
f__Dialisteraceae_g__Dialister_s__micraerophilus,studyMovassagh_2021,2.1908739785095768,0.34720032653642807,6.310114971276421,2.78828255739512e-10,1.4289948106649992e-9,TRUE,ANCOM-BC
f__Dialisteraceae_g__Dialister_s__micraerophilus,studyPMTCT_CQI,2.5589198153793493,0.7024395865440002,3.6429037662430503,2.6957964388691665e-4,0.001842127566560597,TRUE,ANCOM-BC
f__Dialisteraceae_g__Dialister_s__micraerophilus,studyServergnini_2021,0.7169193126020887,0.3588634253630769,1.9977497341133383,0.04574379935980571,0.17049961579563944,FALSE,ANCOM-BC
f__Dialisteraceae_g__Dialister_s__sp001553355,(Intercept),-0.30867418690498566,0.2520455293927291,-1.224676302129603,0.22069720634703632,0.3351327948232774,FALSE,ANCOM-BC
f__Dialisteraceae_g__Dialister_s__sp001553355,health_statusHIV,0.42220101207742516,0.5367050336741577,0.7866537214811186,0.4314846019914961,0.9921774887136853,FALSE,ANCOM-BC
f__Dialisteraceae_g__Dialister_s__sp001553355,studyKervinen_2022,-0.031522330735198105,0.2667408523442383,-0.11817586416990769,0.9059283135341928,0.9251132034327068,FALSE,ANCOM-BC
f__Dialisteraceae_g__Dialister_s__sp001553355,studyLivson_2022,-0.04116247496518458,0.3180390711459234,-0.1294258432364064,0.8970206997091694,0.9214883061357362,FALSE,ANCOM-BC
f__Dialisteraceae_g__Dialister_s__sp001553355,studyMovassagh_2021,1.3372036039432034,0.31289622836299413,4.273632862048755,1.9231360114136545e-5,4.276394141182216e-5,TRUE,ANCOM-BC
f__Dialisteraceae_g__Dialister_s__sp001553355,studyPMTCT_CQI,1.1647986429175283,0.6329160150687501,1.8403684141109984,0.06571416743692339,0.1186154462254108,FALSE,ANCOM-BC
f__Dialisteraceae_g__Dialister_s__sp001553355,studyServergnini_2021,-0.013630360115451887,0.32242435286955934,-0.042274598659010766,0.966279794512373,0.9731620431135241,FALSE,ANCOM-BC
f__Eggerthellaceae_g__Berryella_s__sp001552935,(Intercept),-0.17477027654290148,0.20697550875502624,-0.8444007583030392,0.3984454987769735,0.5219888532248834,FALSE,ANCOM-BC
f__Eggerthellaceae_g__Berryella_s__sp001552935,health_statusHIV,0.006478599188251417,0.44161614608547595,0.014670204533231599,0.988295290138616,0.9921774887136853,FALSE,ANCOM-BC
f__Eggerthellaceae_g__Berryella_s__sp001552935,studyKervinen_2022,0.12063083154807173,0.21894299822746002,0.5509691222130259,0.5816548417844642,0.9251132034327068,FALSE,ANCOM-BC
f__Eggerthellaceae_g__Berryella_s__sp001552935,studyLivson_2022,-0.04116247496518784,0.2610728111715284,-0.15766664778487227,0.8747194829279965,0.9214883061357362,FALSE,ANCOM-BC
f__Eggerthellaceae_g__Berryella_s__sp001552935,studyMovassagh_2021,-0.0920796060097553,0.25861041642866245,-0.35605528687262067,0.7217991616443291,0.7489431959872538,FALSE,ANCOM-BC
f__Eggerthellaceae_g__Berryella_s__sp001552935,studyPMTCT_CQI,1.645750132589264,0.5229006881326056,3.1473474216807844,0.001647590691375369,0.006755121834639013,TRUE,ANCOM-BC
f__Eggerthellaceae_g__Berryella_s__sp001552935,studyServergnini_2021,-0.013630360115451797,0.2647990866198165,-0.05147434717182954,0.958947542736922,0.9731620431135241,FALSE,ANCOM-BC
f__Enterobacteriaceae_A_g__Escherichia_710834_s__Escherichia coli,(Intercept),-0.043292278402775934,0.19376067626630805,-0.22343170573617463,0.8231995303546286,0.8881889669615729,FALSE,ANCOM-BC
f__Enterobacteriaceae_A_g__Escherichia_710834_s__Escherichia coli,health_statusHIV,0.2549522538506961,0.4137174475103055,0.6162472851579347,0.5377313246597684,0.9921774887136853,FALSE,ANCOM-BC
f__Enterobacteriaceae_A_g__Escherichia_710834_s__Escherichia coli,studyKervinen_2022,-0.031522330735198875,0.20493040240190397,-0.1538196888589431,0.8777519091281901,0.9251132034327068,FALSE,ANCOM-BC
f__Enterobacteriaceae_A_g__Escherichia_710834_s__Escherichia coli,studyLivson_2022,-0.0411624749651884,0.24437188241281044,-0.16844194413354727,0.8662356128276977,0.9214883061357362,FALSE,ANCOM-BC
f__Enterobacteriaceae_A_g__Escherichia_710834_s__Escherichia coli,studyMovassagh_2021,0.3312272088301614,0.24266001105659432,1.3649847265230322,0.17225785053989634,0.22782489910115322,FALSE,ANCOM-BC
f__Enterobacteriaceae_A_g__Escherichia_710834_s__Escherichia coli,studyPMTCT_CQI,0.09975465600779346,0.49057989991678225,0.2033402836616726,0.8388690713509868,0.8598407981347613,FALSE,ANCOM-BC
f__Enterobacteriaceae_A_g__Escherichia_710834_s__Escherichia coli,studyServergnini_2021,0.23177545810677194,0.24790236314388245,0.9349465457586201,0.3498158478998816,0.754865777047113,FALSE,ANCOM-BC
f__Fastidiosipilaceae_g__KA00274_s__sp001552885,(Intercept),0.5218894861826376,0.2827210070937049,1.8459522748150896,0.06489913539101566,0.1612193293136067,FALSE,ANCOM-BC
f__Fastidiosipilaceae_g__KA00274_s__sp001552885,health_statusHIV,0.2733431928512266,0.6014108806438092,0.45450323838273965,0.6494666616339425,0.9921774887136853,FALSE,ANCOM-BC
f__Fastidiosipilaceae_g__KA00274_s__sp001552885,studyKervinen_2022,-0.8860560342126244,0.29927445194677715,-2.960680500620214,0.0030696019212508884,0.020975613128547736,TRUE,ANCOM-BC
f__Fastidiosipilaceae_g__KA00274_s__sp001552885,studyLivson_2022,-1.0037219849940415,0.35681278604229555,-2.813021349731182,0.004907839249334805,0.018292855383884272,TRUE,ANCOM-BC
f__Fastidiosipilaceae_g__KA00274_s__sp001552885,studyMovassagh_2021,0.3254006509946927,0.34981868494404816,0.9301980282921107,0.3522685625869564,0.3931321448258227,FALSE,ANCOM-BC
f__Fastidiosipilaceae_g__KA00274_s__sp001552885,studyPMTCT_CQI,0.6260801224312761,0.7077461710625744,0.8846111049831763,0.37636641519575365,0.48221946946955935,FALSE,ANCOM-BC
f__Fastidiosipilaceae_g__KA00274_s__sp001552885,studyServergnini_2021,-0.9761898701443055,0.36164471152161437,-2.699306360756672,0.006948417889532118,0.03165390371897965,TRUE,ANCOM-BC
f__Gemellaceae_g__Gemella_s__asaccharolytica,(Intercept),-0.18324338924324363,0.22118362439662523,-0.8284672508786302,0.4074059342242992,0.5219888532248834,FALSE,ANCOM-BC
f__Gemellaceae_g__Gemella_s__asaccharolytica,health_statusHIV,-0.06667074936188393,0.4715988180177379,-0.14137174822048915,0.8875762717476613,0.9921774887136853,FALSE,ANCOM-BC
f__Gemellaceae_g__Gemella_s__asaccharolytica,studyKervinen_2022,-0.031522330735198244,0.2340103293788361,-0.1347048688785322,0.8928452234722766,0.9251132034327068,FALSE,ANCOM-BC
f__Gemellaceae_g__Gemella_s__asaccharolytica,studyLivson_2022,-0.041162474965185464,0.2790304730570712,-0.14751964011029844,0.8827218787534561,0.9214883061357362,FALSE,ANCOM-BC
f__Gemellaceae_g__Gemella_s__asaccharolytica,studyMovassagh_2021,1.0551584006147827,0.27573562676896596,3.826703182969103,1.2987095652376073e-4,2.5355758178448524e-4,TRUE,ANCOM-BC
f__Gemellaceae_g__Gemella_s__asaccharolytica,studyPMTCT_CQI,0.9731511068882118,0.5576050365156959,1.7452337105294757,0.08094419551419614,0.13827966733675173,FALSE,ANCOM-BC
f__Gemellaceae_g__Gemella_s__asaccharolytica,studyServergnini_2021,-0.013630360115451852,0.2829653991901993,-0.048169706099967395,0.9615809931807087,0.9731620431135241,FALSE,ANCOM-BC
f__Lachnospiraceae_g__UBA629_s__sp005465875,(Intercept),1.9786096986420656,0.29769680200908594,6.6463921859048956,3.0036427841300566e-11,6.157467707466616e-10,TRUE,ANCOM-BC
f__Lachnospiraceae_g__UBA629_s__sp005465875,health_statusHIV,0.4810129758383457,0.633000968020816,0.759892954575273,0.4473185733251473,0.9921774887136853,FALSE,ANCOM-BC
f__Lachnospiraceae_g__UBA629_s__sp005465875,studyKervinen_2022,-2.2283821983313645,0.31515730564809236,-7.070698214496088,1.541560650264068e-12,6.320398666082678e-11,TRUE,ANCOM-BC
f__Lachnospiraceae_g__UBA629_s__sp005465875,studyLivson_2022,-2.3150441493583624,0.3757420732412058,-6.161258784219863,7.216893937421042e-10,2.9589265143426272e-8,TRUE,ANCOM-BC
f__Lachnospiraceae_g__UBA629_s__sp005465875,studyMovassagh_2021,-1.5695729650938894,0.3678452862793324,-4.266937823153171,1.9817436264015145e-5,4.276394141182216e-5,TRUE,ANCOM-BC
f__Lachnospiraceae_g__UBA629_s__sp005465875,studyPMTCT_CQI,-2.0192639529391143,0.7442802949002416,-2.713042340063246,0.0066668587686121855,0.022778434126091634,TRUE,ANCOM-BC
f__Lachnospiraceae_g__UBA629_s__sp005465875,studyServergnini_2021,-2.2875120345086266,0.3807921474775967,-6.007245815496257,1.887013116189544e-9,7.73675377637713e-8,TRUE,ANCOM-BC
f__Lactobacillaceae_g__Lactobacillus_s__crispatus,(Intercept),-1.4560792602215507,0.6019314382926607,-2.419011813623865,0.01556273477341714,0.05800655688273661,FALSE,ANCOM-BC
f__Lactobacillaceae_g__Lactobacillus_s__crispatus,health_statusHIV,-1.6975549871751778,1.2750197045604692,-1.3313951000940547,0.18305904084371022,0.8339356305102354,FALSE,ANCOM-BC
f__Lactobacillaceae_g__Lactobacillus_s__crispatus,studyKervinen_2022,2.8660941745379787,0.6377887094740485,4.493798858404845,6.996371629508166e-6,5.737024736196696e-5,TRUE,ANCOM-BC
f__Lactobacillaceae_g__Lactobacillus_s__crispatus,studyLivson_2022,3.411104903261397,0.7602634494209219,4.486740623739797,7.23210297288144e-6,9.372820225869557e-5,TRUE,ANCOM-BC
f__Lactobacillaceae_g__Lactobacillus_s__crispatus,studyMovassagh_2021,-0.8461162086922628,0.7345418617756463,-1.1518965122653486,0.24936360161238977,0.3007031666502347,FALSE,ANCOM-BC
f__Lactobacillaceae_g__Lactobacillus_s__crispatus,studyPMTCT_CQI,-0.609099237841081,1.4873960044978272,-0.4095071090679206,0.6821675507770564,0.7688490766265216,FALSE,ANCOM-BC
f__Lactobacillaceae_g__Lactobacillus_s__crispatus,studyServergnini_2021,1.9315468218221423,0.7697829877058584,2.5092095469381888,0.01210016805432459,0.04961068902273082,TRUE,ANCOM-BC
f__Lactobacillaceae_g__Lactobacillus_s__gasseri_329736,(Intercept),0.3943503448079412,0.31087350476844217,1.2685234951163746,0.20461106575637392,0.33033377093637123,FALSE,ANCOM-BC
f__Lactobacillaceae_g__Lactobacillus_s__gasseri_329736,health_statusHIV,0.0064785991882405185,0.6607969317504143,0.009804221050299173,0.9921774887136853,0.9921774887136853,FALSE,ANCOM-BC
f__Lactobacillaceae_g__Lactobacillus_s__gasseri_329736,studyKervinen_2022,-0.9329943417658977,0.329131994362048,-2.8347117805253412,0.004586704558455131,0.02686498384238005,TRUE,ANCOM-BC
f__Lactobacillaceae_g__Lactobacillus_s__gasseri_329736,studyLivson_2022,1.4029577361381622,0.39239722215478273,3.575350835650818,3.497585491830206e-4,0.0017925125645629806,TRUE,ANCOM-BC
f__Lactobacillaceae_g__Lactobacillus_s__gasseri_329736,studyMovassagh_2021,-0.9935516170404526,0.3837078964097125,-2.5893436813183697,0.00961590699829524,0.015770087477204195,TRUE,ANCOM-BC
f__Lactobacillaceae_g__Lactobacillus_s__gasseri_329736,studyPMTCT_CQI,-0.3056411371777964,0.7764285133221873,-0.3936500681434497,0.693839410614178,0.7688490766265216,FALSE,ANCOM-BC
f__Lactobacillaceae_g__Lactobacillus_s__gasseri_329736,studyServergnini_2021,1.5484694714515368,0.3976393690304242,3.8941553378560467,9.85414907875596e-5,5.771715888985634e-4,TRUE,ANCOM-BC
f__Lactobacillaceae_g__Lactobacillus_s__hominis,(Intercept),-0.9846749965921032,0.22937726650602916,-4.292818602257697,1.7641913497505408e-5,1.4466369067954433e-4,TRUE,ANCOM-BC
f__Lactobacillaceae_g__Lactobacillus_s__hominis,health_statusHIV,1.212680230113122,0.4888858910440412,2.480497499167711,0.013119918412248856,0.1793055516340677,FALSE,ANCOM-BC
f__Lactobacillaceae_g__Lactobacillus_s__hominis,studyKervinen_2022,-0.03152233073519291,0.24269987596837786,-0.12988194002744383,0.896659833015305,0.9251132034327068,FALSE,ANCOM-BC
f__Lactobacillaceae_g__Lactobacillus_s__hominis,studyLivson_2022,-0.04116247496517237,0.289386818448934,-0.14224032451027488,0.8868901812339139,0.9214883061357362,FALSE,ANCOM-BC
f__Lactobacillaceae_g__Lactobacillus_s__hominis,studyMovassagh_2021,7.169127718966523,0.28560488998571215,25.101558027683527,4.782283331496217e-139,9.803680829567245e-138,TRUE,ANCOM-BC
f__Lactobacillaceae_g__Lactobacillus_s__hominis,studyPMTCT_CQI,-1.2888391578564988,0.577606000283056,-2.2313465532298884,0.025658182225733968,0.05844363729194959,FALSE,ANCOM-BC
f__Lactobacillaceae_g__Lactobacillus_s__hominis,studyServergnini_2021,-0.013630360115451908,0.29344156365906293,-0.04644999823981457,0.962951586657808,0.9731620431135241,FALSE,ANCOM-BC
f__Lactobacillaceae_g__Lactobacillus_s__iners,(Intercept),-0.03448900991567888,0.5831018931628009,-0.059147484033377364,0.9528346380273215,0.9674511269106227,FALSE,ANCOM-BC
f__Lactobacillaceae_g__Lactobacillus_s__iners,health_statusHIV,0.8939426547201925,1.2352731195444728,0.7236801647961453,0.4692621132520643,0.9921774887136853,FALSE,ANCOM-BC
f__Lactobacillaceae_g__Lactobacillus_s__iners,studyKervinen_2022,-0.917697311082892,0.6178218220839365,-1.4853753594967947,0.1374444191819622,0.4025157990328893,FALSE,ANCOM-BC
f__Lactobacillaceae_g__Lactobacillus_s__iners,studyLivson_2022,1.665737332228482,0.7364660392484098,2.2617978880987195,0.023709893402408644,0.0747773561152888,FALSE,ANCOM-BC
f__Lactobacillaceae_g__Lactobacillus_s__iners,studyMovassagh_2021,1.125004916841727,0.7118258216881749,1.5804497147541678,0.1140039140634943,0.16117794746907815,FALSE,ANCOM-BC
f__Lactobacillaceae_g__Lactobacillus_s__iners,studyPMTCT_CQI,1.533181977604608,1.4413642434240876,1.0637019647180919,0.2874637341470379,0.38019397096866303,FALSE,ANCOM-BC
f__Lactobacillaceae_g__Lactobacillus_s__iners,studyServergnini_2021,-0.937700487230391,0.7457073782249877,-1.2574644084418285,0.20858551916990617,0.5030591932921267,FALSE,ANCOM-BC
f__Lactobacillaceae_g__Lactobacillus_s__jensenii_330180,(Intercept),-0.41885181007240474,0.48051181585063635,-0.871678481685041,0.383383802502445,0.5219888532248834,FALSE,ANCOM-BC
f__Lactobacillaceae_g__Lactobacillus_s__jensenii_330180,health_statusHIV,0.37746349158041154,1.01873910891401,0.3705202718513406,0.7109948749180526,0.9921774887136853,FALSE,ANCOM-BC
f__Lactobacillaceae_g__Lactobacillus_s__jensenii_330180,studyKervinen_2022,0.9524068747166838,0.5090328757299462,1.8710125025833457,0.0613433480916037,0.22864338834143197,FALSE,ANCOM-BC
f__Lactobacillaceae_g__Lactobacillus_s__jensenii_330180,studyLivson_2022,2.6627795051445164,0.6068071407605119,4.38818090012463,1.1430268568133608e-5,9.372820225869557e-5,TRUE,ANCOM-BC
f__Lactobacillaceae_g__Lactobacillus_s__jensenii_330180,studyMovassagh_2021,-1.3693927732069744,0.5880974117619618,-2.3285135180313454,0.019884852289940916,0.03135688245721452,TRUE,ANCOM-BC
f__Lactobacillaceae_g__Lactobacillus_s__jensenii_330180,studyPMTCT_CQI,-1.7995968183826399,1.1906364430201526,-1.5114578668680814,0.13067183555014802,0.201500257445063,FALSE,ANCOM-BC
f__Lactobacillaceae_g__Lactobacillus_s__jensenii_330180,studyServergnini_2021,0.9997160269264218,0.6145355303065851,1.6267831193221234,0.10378316806361987,0.3273161454314165,FALSE,ANCOM-BC
f__Lactobacillaceae_g__Limosilactobacillus_s__reuteri,(Intercept),-0.5016534888292983,0.2737235759161659,-1.8327010640213948,0.06684703898369058,0.1612193293136067,FALSE,ANCOM-BC
f__Lactobacillaceae_g__Limosilactobacillus_s__reuteri,health_statusHIV,0.006478599188247168,0.5824319758621562,0.011123357673927664,0.9911250276634316,0.9921774887136853,FALSE,ANCOM-BC
f__Lactobacillaceae_g__Limosilactobacillus_s__reuteri,studyKervinen_2022,0.5638543610799082,0.2897320183632363,1.9461237465753798,0.05163987674439543,0.21172349465202123,FALSE,ANCOM-BC
f__Lactobacillaceae_g__Limosilactobacillus_s__reuteri,studyLivson_2022,1.1723743641148803,0.345440062625724,3.393857548552843,6.891553039805652e-4,0.0031394852736892414,TRUE,ANCOM-BC
f__Lactobacillaceae_g__Limosilactobacillus_s__reuteri,studyMovassagh_2021,-0.09207960600976085,0.33898896561926106,-0.27163009817015993,0.7859064542940226,0.7859064542940226,FALSE,ANCOM-BC
f__Lactobacillaceae_g__Limosilactobacillus_s__reuteri,studyPMTCT_CQI,0.37977139427938417,0.68579774082830125,0.5537658870393758,0.5797390771673523,0.6791229189674699,FALSE,ANCOM-BC
f__Lactobacillaceae_g__Limosilactobacillus_s__reuteri,studyServergnini_2021,1.382780966928899,0.35014097841828923,3.949212037892309,7.840887369768314e-5,5.357939702675014e-4,TRUE,ANCOM-BC
f__Leptotrichiaceae_g__Sneathia_s__sanguinegens,(Intercept),-0.6940488856891089,0.3167479099303541,-2.191171161450489,0.02843940866675059,0.08328683966691244,FALSE,ANCOM-BC
f__Leptotrichiaceae_g__Sneathia_s__sanguinegens,health_statusHIV,0.6163082284890594,0.6731891794293301,0.915505250710522,0.3599264472408799,0.9921774887136853,FALSE,ANCOM-BC
f__Leptotrichiaceae_g__Sneathia_s__sanguinegens,studyKervinen_2022,-0.03152233073519674,0.3353621186058376,-0.09399490576407646,0.9251132034327068,0.9251132034327068,FALSE,ANCOM-BC
f__Leptotrichiaceae_g__Sneathia_s__sanguinegens,studyLivson_2022,-0.04116247496518252,0.39982234428911817,-0.10295191240091688,0.9180011364157089,0.9214883061357362,FALSE,ANCOM-BC
f__Leptotrichiaceae_g__Sneathia_s__sanguinegens,studyMovassagh_2021,3.583954781700532,0.3907803034839123,9.171277952723319,4.674441041240691e-20,3.8330416538173665e-19,TRUE,ANCOM-BC
f__Leptotrichiaceae_g__Sneathia_s__sanguinegens,studyPMTCT_CQI,1.4508629409869653,0.7907618528903168,1.8347659737048652,0.06654037227279143,0.1186154462254108,FALSE,ANCOM-BC
f__Leptotrichiaceae_g__Sneathia_s__sanguinegens,studyServergnini_2021,-0.013630360115451729,0.4051501667719055,-0.03364273603551409,0.9731620431135241,0.9731620431135241,FALSE,ANCOM-BC
f__Leptotrichiaceae_g__Sneathia_s__vaginalis,(Intercept),-0.03013829128745131,0.33429564169282383,-0.09015460427433468,0.928164357904321,0.9674511269106227,FALSE,ANCOM-BC
f__Leptotrichiaceae_g__Sneathia_s__vaginalis,health_statusHIV,0.22390820682144758,0.710207965779064,0.31527132559803245,0.7525556545240352,0.9921774887136853,FALSE,ANCOM-BC
f__Leptotrichiaceae_g__Sneathia_s__vaginalis,studyKervinen_2022,-0.5381862077441718,0.3539722891037512,-1.5204190393175847,0.12840569232678706,0.4025157990328893,FALSE,ANCOM-BC
f__Leptotrichiaceae_g__Sneathia_s__vaginalis,studyLivson_2022,-0.6847198109477771,0.4220021600876772,-1.6225504883802406,0.10468553190470269,0.25247687106428296,FALSE,ANCOM-BC
f__Leptotrichiaceae_g__Sneathia_s__vaginalis,studyMovassagh_2021,2.0802423967769577,0.4119089736824628,5.050247820967841,4.4123725681863193e-7,1.2921948235402792e-6,TRUE,ANCOM-BC
f__Leptotrichiaceae_g__Sneathia_s__vaginalis,studyPMTCT_CQI,1.2533388152704168,0.8335821241571348,1.5035576926961014,0.1326952914882122,0.201500257445063,FALSE,ANCOM-BC
f__Leptotrichiaceae_g__Sneathia_s__vaginalis,studyServergnini_2021,-0.6571876960980448,0.42758609290683125,-1.5369716344849471,0.124300255748258,0.3640221775484698,FALSE,ANCOM-BC
f__Leptotrichiaceae_g__Streptobacillus_993623_s__Streptobacillus moniliformis,(Intercept),-0.6168790427582485,0.28774999755964065,-2.1438020781577616,0.032048748764580776,0.08759991328985413,FALSE,ANCOM-BC
f__Leptotrichiaceae_g__Streptobacillus_993623_s__Streptobacillus moniliformis,health_statusHIV,0.010717459930990419,0.6120189805161973,0.017511646325006056,0.9860284418478009,0.9921774887136853,FALSE,ANCOM-BC
f__Leptotrichiaceae_g__Streptobacillus_993623_s__Streptobacillus moniliformis,studyKervinen_2022,-0.03152233073519443,0.30460805185417844,-0.10348488998670578,0.9175781411499918,0.9251132034327068,FALSE,ANCOM-BC
f__Leptotrichiaceae_g__Streptobacillus_993623_s__Streptobacillus moniliformis,studyLivson_2022,-0.04116247496517657,0.36316940186930474,-0.11334235415567823,0.909759139803478,0.9214883061357362,FALSE,ANCOM-BC
f__Leptotrichiaceae_g__Streptobacillus_993623_s__Streptobacillus moniliformis,studyMovassagh_2021,4.775345392741181,0.3558719816306054,13.418716952260608,4.697761171817734e-41,6.420273601484237e-40,TRUE,ANCOM-BC
f__Leptotrichiaceae_g__Streptobacillus_993623_s__Streptobacillus moniliformis,studyPMTCT_CQI,-0.08687638767436276,0.7200142776551697,-0.12065925686541695,0.9039609314556604,0.9039609314556604,FALSE,ANCOM-BC
f__Leptotrichiaceae_g__Streptobacillus_993623_s__Streptobacillus moniliformis,studyServergnini_2021,-0.01363036011545182,0.3680745685597496,-0.037031518283880564,0.9704598750122001,0.9731620431135241,FALSE,ANCOM-BC
f__Megasphaeraceae_g__Megasphaera_A_38692_s__lornae,(Intercept),2.215754448289164,0.40655178609158404,5.45011613302818,5.033693930283395e-8,6.879381704720639e-7,TRUE,ANCOM-BC
f__Megasphaeraceae_g__Megasphaera_A_38692_s__lornae,health_statusHIV,0.18428796820468657,0.8626607249843332,0.21362740051488194,0.8308376301026106,0.9921774887136853,FALSE,ANCOM-BC
f__Megasphaeraceae_g__Megasphaera_A_38692_s__lornae,studyKervinen_2022,-2.828516763190495,0.430600836419414,-6.568767461555653,5.073343988206965e-11,1.040035517582428e-9,TRUE,ANCOM-BC
f__Megasphaeraceae_g__Megasphaera_A_38692_s__lornae,studyLivson_2022,-2.6590389259214344,0.513329516008389,-5.179984479750779,2.2190436207564506e-7,4.549039422550724e-6,TRUE,ANCOM-BC
f__Megasphaeraceae_g__Megasphaera_A_38692_s__lornae,studyMovassagh_2021,-0.973434723537779,0.4989485739853213,-1.9509720526156205,0.05106037041725865,0.0775361180410224,FALSE,ANCOM-BC
f__Megasphaeraceae_g__Megasphaera_A_38692_s__lornae,studyPMTCT_CQI,-1.2944696970026794,1.0099755697092219,-1.2816841672471,0.1999534611993552,0.2826928244542608,FALSE,ANCOM-BC
f__Megasphaeraceae_g__Megasphaera_A_38692_s__lornae,studyServergnini_2021,-2.7341229365502566,0.5199710206316719,-5.258221762491274,1.4545505104802433e-7,2.981828546484499e-6,TRUE,ANCOM-BC
f__Metamycoplasmataceae_g__Metamycoplasma_s__hominis,(Intercept),-0.34718808783614175,0.25883243857945387,-1.3413623490997064,0.1798028356333986,0.3277724675163902,FALSE,ANCOM-BC
f__Metamycoplasmataceae_g__Metamycoplasma_s__hominis,health_statusHIV,-0.2805527328174253,0.551021220233615,-0.5091505054895711,0.6106467327182021,0.9921774887136853,FALSE,ANCOM-BC
f__Metamycoplasmataceae_g__Metamycoplasma_s__hominis,studyKervinen_2022,-0.03152233073519851,0.2739388582437375,-0.11507068014115569,0.9083890993577559,0.9251132034327068,FALSE,ANCOM-BC
f__Metamycoplasmataceae_g__Metamycoplasma_s__hominis,studyLivson_2022,-0.04116247496518575,0.3266176947911037,-0.12602646954419358,0.8997109719538374,0.9214883061357362,FALSE,ANCOM-BC
f__Metamycoplasmataceae_g__Metamycoplasma_s__hominis,studyMovassagh_2021,1.2614744784520902,0.3210655069896579,3.9290252331363784,8.52908904577569e-5,1.7484632543840164e-4,TRUE,ANCOM-BC
f__Metamycoplasmataceae_g__Metamycoplasma_s__hominis,studyPMTCT_CQI,2.40017229234404,0.6494725255311931,3.6955717108756496,2.1939254361137253e-4,0.001842127566560597,TRUE,ANCOM-BC
f__Metamycoplasmataceae_g__Metamycoplasma_s__hominis,studyServergnini_2021,-0.013630360115451852,0.33110180890658664,-0.04116667365987532,0.9671630217062901,0.9731620431135241,FALSE,ANCOM-BC
f__Mycobacteriaceae_g__Corynebacterium_s__tuberculostearicum,(Intercept),-0.24351369721331076,0.20678308313259777,-1.177628718579265,0.23894465557568398,0.3498832456643944,FALSE,ANCOM-BC
f__Mycobacteriaceae_g__Corynebacterium_s__tuberculostearicum,health_statusHIV,0.26240510545170576,0.44121000528938176,0.5947396983429669,0.5520174813301972,0.9921774887136853,FALSE,ANCOM-BC
f__Mycobacteriaceae_g__Corynebacterium_s__tuberculostearicum,studyKervinen_2022,-0.031522330735198056,0.21873894447416128,-0.14410936658296647,0.8854141084661606,0.9251132034327068,FALSE,ANCOM-BC
f__Mycobacteriaceae_g__Corynebacterium_s__tuberculostearicum,studyLivson_2022,-0.04116247496518527,0.2608296122353805,-0.15781365701697633,0.8746036367734582,0.9214883061357362,FALSE,ANCOM-BC
f__Mycobacteriaceae_g__Corynebacterium_s__tuberculostearicum,studyMovassagh_2021,1.3658007748657828,0.25837834490682204,5.286049708841993,1.2498594377986894e-7,3.9418643807497126e-7,TRUE,ANCOM-BC
f__Mycobacteriaceae_g__Corynebacterium_s__tuberculostearicum,studyPMTCT_CQI,0.7320274606298453,0.5224304111504648,1.4011961114932387,0.1611554367980067,0.2359776038827955,FALSE,ANCOM-BC
f__Mycobacteriaceae_g__Corynebacterium_s__tuberculostearicum,studyServergnini_2021,-0.01363036011545174,0.26455305118546674,-0.05152221852809432,0.9589093975363396,0.9731620431135241,FALSE,ANCOM-BC
f__Mycoplasmoidaceae_g__Ureaplasma_s__parvum,(Intercept),-0.4053572504249105,0.2582612962996204,-1.5695625176241566,0.11651692434660714,0.22776208155572028,FALSE,ANCOM-BC
f__Mycoplasmoidaceae_g__Ureaplasma_s__parvum,health_statusHIV,-0.4278745617556246,0.5498164699120771,-0.7782134315184254,0.43644319984147334,0.9921774887136853,FALSE,ANCOM-BC
f__Mycoplasmoidaceae_g__Ureaplasma_s__parvum,studyKervinen_2022,-0.03152233073519694,0.27333311994827975,-0.11532569028283735,0.9081869763119891,0.9251132034327068,FALSE,ANCOM-BC
f__Mycoplasmoidaceae_g__Ureaplasma_s__parvum,studyLivson_2022,-0.0411624749651822,0.3258957726911209,-0.12630564252269505,0.899489989944687,0.9214883061357362,FALSE,ANCOM-BC
f__Mycoplasmoidaceae_g__Ureaplasma_s__parvum,studyMovassagh_2021,2.6488931684956127,0.320378047701955,8.268023316503433,1.3619826062165783e-16,9.306881142479952e-16,TRUE,ANCOM-BC
f__Mycoplasmoidaceae_g__Ureaplasma_s__parvum,studyPMTCT_CQI,1.287733178803595,0.6480792638413412,1.986999508626232,0.04692245129841034,0.09161050015403924,FALSE,ANCOM-BC
f__Mycoplasmoidaceae_g__Ureaplasma_s__parvum,studyServergnini_2021,-0.013630360115451729,0.330371570693254,-0.041257666592950736,0.9670904814787563,0.9731620431135241,FALSE,ANCOM-BC
f__Mycoplasmoidaceae_g__Ureaplasma_s__urealyticum,(Intercept),-0.8499458440085607,0.2865088608323587,-2.966560411218411,0.0030115119177516855,0.015433998578477388,TRUE,ANCOM-BC
f__Mycoplasmoidaceae_g__Ureaplasma_s__urealyticum,health_statusHIV,-0.9797555215628129,0.6094009312761697,-1.6077355174221175,0.10789311626970555,0.6319453952939896,FALSE,ANCOM-BC
f__Mycoplasmoidaceae_g__Ureaplasma_s__urealyticum,studyKervinen_2022,-0.03152233073519578,0.3032917396076789,-0.10393402331356366,0.9172217066120231,0.9251132034327068,FALSE,ANCOM-BC
f__Mycoplasmoidaceae_g__Ureaplasma_s__urealyticum,studyLivson_2022,0.15121318906819908,0.361600612932864,0.4181773582786317,0.6758174486942945,0.9214883061357362,FALSE,ANCOM-BC
f__Mycoplasmoidaceae_g__Ureaplasma_s__urealyticum,studyMovassagh_2021,4.2054201448160295,0.35437803516344557,11.86704515384655,1.7555934838697735e-32,1.7994833209665177e-31,TRUE,ANCOM-BC
f__Mycoplasmoidaceae_g__Ureaplasma_s__urealyticum,studyPMTCT_CQI,2.735891472607109,0.7169865251307778,3.8158199306578107,1.3573146419799972e-4,0.001842127566560597,TRUE,ANCOM-BC
f__Mycoplasmoidaceae_g__Ureaplasma_s__urealyticum,studyServergnini_2021,1.0916482032904822,0.366487702717902,2.978676215312907,0.0028949651349128107,0.014836696316428154,TRUE,ANCOM-BC
f__Nanoperiomorbaceae_g__Nanoperiomorbus_s__sp004136275,(Intercept),1.0640046809671997,0.24623864887093733,4.321030373769162,1.5530229200836464e-5,1.4466369067954433e-4,TRUE,ANCOM-BC
f__Nanoperiomorbaceae_g__Nanoperiomorbus_s__sp004136275,health_statusHIV,0.19551226898232435,0.524455887515916,0.3727906838997799,0.7093042370418192,0.9921774887136853,FALSE,ANCOM-BC
f__Nanoperiomorbaceae_g__Nanoperiomorbus_s__sp004136275,studyKervinen_2022,-1.2769582928825745,0.2605822612457352,-4.900403760324932,9.563989890490077e-7,9.803089637752329e-6,TRUE,ANCOM-BC
f__Nanoperiomorbaceae_g__Nanoperiomorbus_s__sp004136275,studyLivson_2022,-1.2865984371125605,0.3106992222219186,-4.140977334644245,3.4582913560713605e-5,2.0255706514132253e-4,TRUE,ANCOM-BC
f__Nanoperiomorbaceae_g__Nanoperiomorbus_s__sp004136275,studyMovassagh_2021,-0.8704461713615586,0.3059061725062143,-2.8454678250857324,0.004434623930776798,0.007575815881743696,TRUE,ANCOM-BC
f__Nanoperiomorbaceae_g__Nanoperiomorbus_s__sp004136275,studyPMTCT_CQI,-0.3700165838674634,0.6187494678450511,-0.5980071145049032,0.5498351859516422,0.6630365477652155,FALSE,ANCOM-BC
f__Nanoperiomorbaceae_g__Nanoperiomorbus_s__sp004136275,studyServergnini_2021,-1.2590663222628242,0.31499991307320546,-3.997037046706166,6.414026616507093e-5,5.259501825535816e-4,TRUE,ANCOM-BC
f__Peptoniphilaceae_g__Finegoldia_s__magna_H,(Intercept),-0.3363004534981185,0.2143468994096038,-1.5689541319441664,0.11665862713829575,0.22776208155572028,FALSE,ANCOM-BC
f__Peptoniphilaceae_g__Finegoldia_s__magna_H,health_statusHIV,0.006478599188252643,0.4571728311641719,0.014171006557312594,0.9886935510801471,0.9921774887136853,FALSE,ANCOM-BC
f__Peptoniphilaceae_g__Finegoldia_s__magna_H,studyKervinen_2022,-0.031522330735197286,0.22676002503642606,-0.13901185065636518,0.8894407845045785,0.9251132034327068,FALSE,ANCOM-BC
f__Peptoniphilaceae_g__Finegoldia_s__magna_H,studyLivson_2022,1.1242795606464948,0.27038939274357904,4.158001722030175,3.2104360450352064e-5,2.0255706514132253e-4,TRUE,ANCOM-BC
f__Peptoniphilaceae_g__Finegoldia_s__magna_H,studyMovassagh_2021,-0.0920796060097543,0.26749749042761056,-0.3442260555886323,0.7306762887680526,0.7489431959872538,FALSE,ANCOM-BC
f__Peptoniphilaceae_g__Finegoldia_s__magna_H,studyPMTCT_CQI,1.7306235377832584,0.5409101169593359,3.199466017592276,0.0013768241746014319,0.006272199017628745,TRUE,ANCOM-BC
f__Peptoniphilaceae_g__Finegoldia_s__magna_H,studyServergnini_2021,1.1260400204868333,0.2742240921191281,4.106276774535405,4.020876611344898e-5,4.12139852662852e-4,TRUE,ANCOM-BC
f__Peptoniphilaceae_g__Peptoniphilus_A_s__gorbachii,(Intercept),-0.291439675981507,0.22422495499034892,-1.2997646760328312,0.19368163578251632,0.33033377093637123,FALSE,ANCOM-BC
f__Peptoniphilaceae_g__Peptoniphilus_A_s__gorbachii,health_statusHIV,-0.5416334991507001,0.478015692959106,-1.1330872754360317,0.2571776044014128,0.9585710709507204,FALSE,ANCOM-BC
f__Peptoniphilaceae_g__Peptoniphilus_A_s__gorbachii,studyKervinen_2022,-0.031522330735197446,0.23723570467676056,-0.1328734676685678,0.8942934505476827,0.9251132034327068,FALSE,ANCOM-BC
f__Peptoniphilaceae_g__Peptoniphilus_A_s__gorbachii,studyLivson_2022,-0.04116247496518478,0.282874534882659,-0.14551495412006474,0.8843043097333246,0.9214883061357362,FALSE,ANCOM-BC
f__Peptoniphilaceae_g__Peptoniphilus_A_s__gorbachii,studyMovassagh_2021,1.5182139954918321,0.27939934510002196,5.433849513671293,5.515109777549393e-8,1.8843291739960425e-7,TRUE,ANCOM-BC
f__Peptoniphilaceae_g__Peptoniphilus_A_s__gorbachii,studyPMTCT_CQI,1.8704547791973103,0.5650298420703512,3.3103645859547752,9.317452302309902e-4,0.004775194304933825,TRUE,ANCOM-BC
f__Peptoniphilaceae_g__Peptoniphilus_A_s__gorbachii,studyServergnini_2021,-0.013630360115451864,0.28685396818274095,-0.04751672149352528,0.9621014035637505,0.9731620431135241,FALSE,ANCOM-BC
f__Peptostreptococcaceae_256921_g__Peptostreptococcus_s__anaerobius,(Intercept),-0.3281450498962179,0.2469249838309905,-1.328926076272699,0.18387235982626768,0.3277724675163902,FALSE,ANCOM-BC
f__Peptostreptococcaceae_256921_g__Peptostreptococcus_s__anaerobius,health_statusHIV,-0.1511118420671821,0.525903669666475,-0.2873374931249602,0.77385391711604,0.9921774887136853,FALSE,ANCOM-BC
f__Peptostreptococcaceae_256921_g__Peptostreptococcus_s__anaerobius,studyKervinen_2022,-0.03152233073519861,0.2613101645212258,-0.12063185828593401,0.9039826338401843,0.9251132034327068,FALSE,ANCOM-BC
f__Peptostreptococcaceae_256921_g__Peptostreptococcus_s__anaerobius,studyLivson_2022,-0.04116247496518467,0.3115667424481321,-0.13211446973367888,0.8948937510424532,0.9214883061357362,FALSE,ANCOM-BC
f__Peptostreptococcaceae_256921_g__Peptostreptococcus_s__anaerobius,studyMovassagh_2021,1.7573259301479076,0.3067323778228457,5.729183018177681,1.0091547142397359e-8,4.1375343283829165e-8,TRUE,ANCOM-BC
f__Peptostreptococcaceae_256921_g__Peptostreptococcus_s__anaerobius,studyPMTCT_CQI,1.4435770427390444,0.620423911084602,2.326759199553474,0.019978085075225957,0.04818244047554495,TRUE,ANCOM-BC
f__Peptostreptococcaceae_256921_g__Peptostreptococcus_s__anaerobius,studyServergnini_2021,-0.01363036011545182,0.31587743332824264,-0.04315078786045438,0.9655813341157501,0.9731620431135241,FALSE,ANCOM-BC
f__Streptococcaceae_g__Streptococcus_s__anginosus,(Intercept),-0.40524737315993875,0.2564802388033163,-1.5800335146705224,0.1140991914974111,0.22776208155572028,FALSE,ANCOM-BC
f__Streptococcaceae_g__Streptococcus_s__anginosus,health_statusHIV,-0.8187089052629448,0.5460595537637872,-1.49930332620295,0.13379495987917397,0.6856991693807666,FALSE,ANCOM-BC
f__Streptococcaceae_g__Streptococcus_s__anginosus,studyKervinen_2022,0.43663036070370814,0.2714441785614278,1.608545679696346,0.10771572015567288,0.3680287105318823,FALSE,ANCOM-BC
f__Streptococcaceae_g__Streptococcus_s__anginosus,studyLivson_2022,-0.04116247496517938,0.32364452218639544,-0.12718421645793473,0.8987945973698367,0.9214883061357362,FALSE,ANCOM-BC
f__Streptococcaceae_g__Streptococcus_s__anginosus,studyMovassagh_2021,1.1905789962917843,0.3182342513622537,3.7412031897739366,1.8314137701473028e-4,3.4130892989108825e-4,TRUE,ANCOM-BC
f__Streptococcaceae_g__Streptococcus_s__anginosus,studyPMTCT_CQI,1.605856762198591,0.6437344713832691,2.4945949511572603,0.012610098349637035,0.03692957373822274,TRUE,ANCOM-BC
f__Streptococcaceae_g__Streptococcus_s__anginosus,studyServergnini_2021,-0.013630360115440714,0.328094386141875,-0.04154402114502092,0.9668621993285933,0.9731620431135241,FALSE,ANCOM-BC
f__Streptococcaceae_g__Streptococcus_s__oralis_E_351036,(Intercept),-0.05694463876261751,0.1967024979828434,-0.28949626642557574,0.7722016365992305,0.8749583991978926,FALSE,ANCOM-BC
f__Streptococcaceae_g__Streptococcus_s__oralis_E_351036,health_statusHIV,1.2837579601578124,0.41992954211104905,3.0570794179046508,0.002235050502085544,0.04581853529275365,TRUE,ANCOM-BC
f__Streptococcaceae_g__Streptococcus_s__oralis_E_351036,studyKervinen_2022,-0.031522330735198556,0.2080496553057613,-0.1515134965682668,0.8795706650213002,0.9251132034327068,FALSE,ANCOM-BC
f__Streptococcaceae_g__Streptococcus_s__oralis_E_351036,studyLivson_2022,-0.041162474965186546,0.24808960645371433,-0.16591777283046383,0.8682216606574984,0.9214883061357362,FALSE,ANCOM-BC
f__Streptococcaceae_g__Streptococcus_s__oralis_E_351036,studyMovassagh_2021,0.8111510705209195,0.24621343773824064,3.294503654927586,9.85956624684517e-4,0.001757574852698487,TRUE,ANCOM-BC
f__Streptococcaceae_g__Streptococcus_s__oralis_E_351036,studyPMTCT_CQI,-1.3599168879011876,0.4977799884288584,-2.7319637581122724,0.006295806603893041,0.022778434126091634,TRUE,ANCOM-BC
f__Streptococcaceae_g__Streptococcus_s__oralis_E_351036,studyServergnini_2021,-0.013630360115451852,0.2516638777463106,-0.0541609715208788,0.9568069152341859,0.9731620431135241,FALSE,ANCOM-BC
f__Veillonellaceae_g__Veillonella_A_s__montpellierensis,(Intercept),-0.3251260900359566,0.25906529158317776,-1.2549967154962123,0.20947995230111346,0.33033377093637123,FALSE,ANCOM-BC
f__Veillonellaceae_g__Veillonella_A_s__montpellierensis,health_statusHIV,-0.14154720375626062,0.5515123930597893,-0.25665280696768594,0.7974468059513514,0.9921774887136853,FALSE,ANCOM-BC
f__Veillonellaceae_g__Veillonella_A_s__montpellierensis,studyKervinen_2022,-0.0315223307351971,0.27418581597076774,-0.11496703658280355,0.9084712497539184,0.9251132034327068,FALSE,ANCOM-BC
f__Veillonellaceae_g__Veillonella_A_s__montpellierensis,studyLivson_2022,0.2993911532482846,0.3269120203072872,0.9158156771563987,0.3597635794800762,0.7763319346675329,FALSE,ANCOM-BC
f__Veillonellaceae_g__Veillonella_A_s__montpellierensis,studyMovassagh_2021,2.1541289459220385,0.32134578150746546,6.703461099805955,2.0353989844718103e-11,1.1921622623334887e-10,TRUE,ANCOM-BC
f__Veillonellaceae_g__Veillonella_A_s__montpellierensis,studyPMTCT_CQI,0.5486396894378514,0.650040553066618,0.8440084035520553,0.3986647096957628,0.4953106999250386,FALSE,ANCOM-BC
f__Veillonellaceae_g__Veillonella_A_s__montpellierensis,studyServergnini_2021,0.0339209458139766,0.33139952483852203,0.10235665193094332,0.9184735896449681,0.9731620431135241,FALSE,ANCOM-BC
