KO,baseMean,log2FoldChange,lfcSE,stat,pvalue,padj,reject,df,name,method
KO_75,0.24483186884667996,1.980949687501002,0.6138047238163393,3.2273288403263174,0.001311619866763729,0.1049295893410983,No,657,health_statusHIV,LinDA
KO_39,0.24483186884667635,1.9209211177750514,0.6478995742265263,2.9648439267278115,0.0031381089095124785,0.12552435638049914,No,657,health_statusHIV,LinDA
KO_22,0.24483186884667033,3.2383102682502005,1.180647898112753,2.7428247434536477,0.006257351407388648,0.16686270419703064,No,657,health_statusHIV,LinDA
KO_13,0.24483186884667513,-1.4110676372593551,0.6133752776104102,-2.3004964314124265,0.021732499168608168,0.4346499833721634,No,657,health_statusHIV,LinDA
KO_1,25793.31545883521,-0.016710661197725907,0.3329232969188698,-0.05019372736116492,0.959983265612524,0.9974823568014521,No,657,health_statusHIV,LinDA
KO_2,11.84894577812223,-0.3744127655159111,1.267629019307435,-0.2953646215203169,0.7678086744354067,0.9974823568014521,No,657,health_statusHIV,LinDA
KO_3,0.24483186884667815,-0.026211703638127887,0.36093609580935493,-0.07262145277920003,0.942129457155579,0.9974823568014521,No,657,health_statusHIV,LinDA
KO_4,158.44366494642694,0.863869860073011,1.2429051444227983,0.6950408596741224,0.4872754297398648,0.9974823568014521,No,657,health_statusHIV,LinDA
KO_5,28519.205038517182,-0.013049801635339198,0.3625850129302942,-0.035991012231517634,0.9713004576939792,0.9974823568014521,No,657,health_statusHIV,LinDA
KO_6,16194.754398621988,-0.02091755377399629,0.369207366305792,-0.056655299116300815,0.9548370082317347,0.9974823568014521,No,657,health_statusHIV,LinDA
KO_7,37303.361834506184,0.036471136577913954,0.39954306069698,0.0912821174125566,0.9272962503822844,0.9974823568014521,No,657,health_statusHIV,LinDA
KO_8,170.87801744043858,0.3270127316770048,1.7934549841573737,0.1823367380646281,0.8553747147213975,0.9974823568014521,No,657,health_statusHIV,LinDA
KO_9,6.82516347331591,0.6642682252153497,1.3732746113557994,0.48371113812373945,0.6287520630503773,0.9974823568014521,No,657,health_statusHIV,LinDA
KO_10,157.21387211153097,-1.4197302112589718,0.8716826429131065,-1.6287237365588996,0.10385088837544956,0.9974823568014521,No,657,health_statusHIV,LinDA
KO_11,195.99814577098303,-0.11443376105375772,1.3343206773695586,-0.08576181347901252,0.9316818913072533,0.9974823568014521,No,657,health_statusHIV,LinDA
KO_12,0.24483186884667757,-0.026211703638126083,0.3217584930848618,-0.08146390600857553,0.9350978383634795,0.9974823568014521,No,657,health_statusHIV,LinDA
KO_14,1842.0509019490735,0.48962371644119984,0.584104431779689,0.8382468781299623,0.40219691603123564,0.9974823568014521,No,657,health_statusHIV,LinDA
KO_15,2.6361170955955324,0.2833864776416689,1.6707027122061098,0.16962112742815033,0.8653603193681828,0.9974823568014521,No,657,health_statusHIV,LinDA
KO_16,39426.16254297819,0.004536575771484808,0.35808858668211035,0.012668864465965535,0.9898958249872948,0.9974823568014521,No,657,health_statusHIV,LinDA
KO_17,32882.66179265635,0.006937155377006676,0.360542870379801,0.019240861342505477,0.984654802657178,0.9974823568014521,No,657,health_statusHIV,LinDA
KO_18,54320.230503775376,0.011966375237098509,0.3574937076862326,0.033472967439195415,0.9733075890507625,0.9974823568014521,No,657,health_statusHIV,LinDA
KO_19,10728.911707476598,-0.02379857896987128,0.3752572221793625,-0.06341937626585165,0.9494518478921412,0.9974823568014521,No,657,health_statusHIV,LinDA
KO_20,0.24483186884667874,1.4745710068235707,1.0991997955140203,1.3414949792034987,0.18022330103573184,0.9974823568014521,No,657,health_statusHIV,LinDA
KO_21,21053.88302460556,-0.20569087459692872,0.5367170280134521,-0.38323895807489333,0.7016665636888186,0.9974823568014521,No,657,health_statusHIV,LinDA
KO_23,222.6763367845042,-0.2795810928629082,0.9223007357460461,-0.3031344137839768,0.7618833879724044,0.9974823568014521,No,657,health_statusHIV,LinDA
KO_24,0.24483186884667937,-0.0262117036381401,0.7023288656307117,-0.03732112535998535,0.9702402983744163,0.9974823568014521,No,657,health_statusHIV,LinDA
KO_25,94264.5133199502,0.01898354705832922,0.33805237053550224,0.05615563951898266,0.9552348928163796,0.9974823568014521,No,657,health_statusHIV,LinDA
KO_26,34871.33141193416,-0.1169027964714148,0.34007371952400683,-0.34375722015520893,0.7311388573963085,0.9974823568014521,No,657,health_statusHIV,LinDA
KO_27,0.24483186884668118,1.2415024172126428,1.2593710927521045,0.9858114294965964,0.324588553629895,0.9974823568014521,No,657,health_statusHIV,LinDA
KO_28,0.5452874241885478,0.9746881521578339,1.24405390966006,0.7834774237590469,0.43362914516811146,0.9974823568014521,No,657,health_statusHIV,LinDA
KO_29,21339.168975699133,0.22523375427572062,0.4239652808246099,0.5312551863625303,0.5954215084479465,0.9974823568014521,No,657,health_statusHIV,LinDA
KO_30,5770.8765199356,-0.36988910637290895,0.6232079266188946,-0.5935243930218884,0.5530345358586697,0.9974823568014521,No,657,health_statusHIV,LinDA
KO_31,0.24483186884667874,-0.14689538090835128,1.6709931190546823,-0.08790902801051224,0.9299757684479133,0.9974823568014521,No,657,health_statusHIV,LinDA
KO_32,35388.513910231995,0.07891393213552508,0.3529085643668697,0.2236101361753559,0.8231301866906804,0.9974823568014521,No,657,health_statusHIV,LinDA
KO_33,0.24483186884666672,0.209448224549677,1.6053367594355339,0.1304699610960898,0.8962345555631477,0.9974823568014521,No,657,health_statusHIV,LinDA
KO_34,30519.020361424053,-0.018762385814201255,0.3559902898054365,-0.05270476850493781,0.9579831603535405,0.9974823568014521,No,657,health_statusHIV,LinDA
KO_35,24494.926431721717,-0.024600963843222357,0.3610372217015299,-0.06813968855421787,0.9456951685812892,0.9974823568014521,No,657,health_statusHIV,LinDA
KO_36,23723.475672066,-0.056787022568924095,0.3521759292517271,-0.16124617798149987,0.8719490824562414,0.9974823568014521,No,657,health_statusHIV,LinDA
KO_37,103.71093027407389,0.24413645126059474,1.5792714178053504,0.15458802616706716,0.8771935861884388,0.9974823568014521,No,657,health_statusHIV,LinDA
KO_38,0.5452874241885606,-0.4305827259300281,0.8105914765830575,-0.5311957235784088,0.5954626860349721,0.9974823568014521,No,657,health_statusHIV,LinDA
KO_40,21573.448412265912,-0.18521229399774683,0.41673693394592076,-0.4444345554977412,0.6568747929832743,0.9974823568014521,No,657,health_statusHIV,LinDA
KO_41,17790.970352435645,0.15367652164355639,0.4528870661612398,0.3393263643984116,0.7344723185749793,0.9974823568014521,No,657,health_statusHIV,LinDA
KO_42,4782.526832683754,-0.05026325190226896,0.34163894305454956,-0.1471238947552985,0.8830793648534565,0.9974823568014521,No,657,health_statusHIV,LinDA
KO_43,5466.439173369654,0.048439922025706544,0.8026750243170654,0.0603481116992775,0.9518967361458035,0.9974823568014521,No,657,health_statusHIV,LinDA
KO_44,3471.4944385147624,0.351137802516532,0.6372999799880344,0.5509772690140752,0.5818365651020034,0.9974823568014521,No,657,health_statusHIV,LinDA
KO_45,8413.548772070719,0.071214935140798,0.27960114168703787,0.25470187536111727,0.7990330699678747,0.9974823568014521,No,657,health_statusHIV,LinDA
KO_46,447.25059421528874,-0.05793876012651972,1.083629973627371,-0.05346729191383846,0.957375843831027,0.9974823568014521,No,657,health_statusHIV,LinDA
KO_47,10926.134937123561,0.012236468589115868,0.35045848195611684,0.03491560118852559,0.9721576453733625,0.9974823568014521,No,657,health_statusHIV,LinDA
KO_48,9.491566745756002,-0.009026193427892182,1.2989765244361067,-0.006948696345232648,0.9944578964207434,0.9974823568014521,No,657,health_statusHIV,LinDA
KO_49,2895.1418654153817,-0.6377285799945439,1.1223700688702551,-0.5681981350736329,0.5700945752820968,0.9974823568014521,No,657,health_statusHIV,LinDA
KO_50,25840.546672815213,0.0031198203148185,0.32984688609147517,0.009458389472117959,0.9924562808249402,0.9974823568014521,No,657,health_statusHIV,LinDA
KO_51,1234.7321072756224,0.8324623976300546,1.317798102806079,0.6317070846113942,0.5277980305454644,0.9974823568014521,No,657,health_statusHIV,LinDA
KO_52,46245.015101670964,-0.01620342982472417,0.33847083355916113,-0.04787245522557553,0.961832440117276,0.9974823568014521,No,657,health_statusHIV,LinDA
KO_53,105.88744573645776,0.4679006478852845,1.5745474346579214,0.29716516478713667,0.7664343447166976,0.9974823568014521,No,657,health_statusHIV,LinDA
KO_54,9.646803879260563,-0.8160567565934597,2.156210581169801,-0.3784680233554588,0.7052052037889649,0.9974823568014521,No,657,health_statusHIV,LinDA
KO_55,0.24483186884667996,-0.5698185843268655,1.5804377454102723,-0.360544783229626,0.7185556588531365,0.9974823568014521,No,657,health_statusHIV,LinDA
KO_56,0.7607843546504753,0.05887166025148158,1.2664950305683826,0.0464839251876582,0.9629386715439872,0.9974823568014521,No,657,health_statusHIV,LinDA
KO_57,16762.883353965182,-0.011948396859177896,0.3550988203234471,-0.03364808941999447,0.9731679938401573,0.9974823568014521,No,657,health_statusHIV,LinDA
KO_58,0.24483186884667757,-0.026211703638126083,0.3217584930848618,-0.08146390600857553,0.9350978383634795,0.9974823568014521,No,657,health_statusHIV,LinDA
KO_59,0.2448318688466739,1.3273813626639315,1.0540434655473083,1.2593231740919655,0.20836083818608497,0.9974823568014521,No,657,health_statusHIV,LinDA
KO_60,33300.91349466981,0.007074290987523019,0.3662575573592259,0.019315071717645255,0.9845956248854345,0.9974823568014521,No,657,health_statusHIV,LinDA
KO_61,15129.142939834253,0.0449141528212125,0.3835921022902973,0.11708831478293075,0.9068258528641208,0.9974823568014521,No,657,health_statusHIV,LinDA
KO_62,26097.18364870049,0.010630294131659113,0.3577111038158957,0.029717540267159944,0.9763013477629672,0.9974823568014521,No,657,health_statusHIV,LinDA
KO_63,39916.03794223168,0.05611770613183242,0.32607264802975805,0.17210185052599386,0.8634104560959485,0.9974823568014521,No,657,health_statusHIV,LinDA
KO_64,2.2538298208281704,1.9895953050802153,1.5096223023073498,1.3179424429801156,0.18798225255014747,0.9974823568014521,No,657,health_statusHIV,LinDA
KO_65,9603.157672606525,0.0317250180744737,0.3741470473367874,0.08479291310808211,0.9324518587661074,0.9974823568014521,No,657,health_statusHIV,LinDA
KO_66,18457.980731719803,0.08033336868453692,0.35214069446336765,0.22812861435102838,0.8196172363023175,0.9974823568014521,No,657,health_statusHIV,LinDA
KO_67,6156.046295093778,-0.061542749410792436,0.34913690210118636,-0.17627111038797097,0.8601352763527499,0.9974823568014521,No,657,health_statusHIV,LinDA
KO_68,250.55454224193002,0.32254130913906254,1.1640058233318231,0.277095958348239,0.7817935840842443,0.9974823568014521,No,657,health_statusHIV,LinDA
KO_69,23564.86775111981,-0.0011741891967502194,0.3719786218979433,-0.0031566039756778606,0.9974823568014521,0.9974823568014521,No,657,health_statusHIV,LinDA
KO_70,0.24483186884667996,1.3492220720604282,1.272099092037706,1.0606265506401573,0.2892493915762235,0.9974823568014521,No,657,health_statusHIV,LinDA
KO_71,3555.424395989133,0.06689255932050567,0.3778823868094217,0.17701952156410442,0.8595476122826837,0.9974823568014521,No,657,health_statusHIV,LinDA
KO_72,6.665609617505737,-0.03632918777526528,1.0698338120664714,-0.03395778612109154,0.9729211269284038,0.9974823568014521,No,657,health_statusHIV,LinDA
KO_73,1.484006837473876,0.7500131100076058,1.1089736338974758,0.6763128419669392,0.4990800512345822,0.9974823568014521,No,657,health_statusHIV,LinDA
KO_74,5.518321018671957,1.0567080382885616,1.681183144325432,0.6285502218216454,0.5298620049514762,0.9974823568014521,No,657,health_statusHIV,LinDA
KO_76,0.2448318688466691,-0.28396591867313714,1.0968937469847773,-0.2588818830025458,0.7958074635727591,0.9974823568014521,No,657,health_statusHIV,LinDA
KO_77,5838.033106311961,0.14104547128070075,0.705605105234077,0.19989292911069628,0.8416261743132583,0.9974823568014521,No,657,health_statusHIV,LinDA
KO_78,18682.903292159695,0.05123668979306839,0.36763372707731135,0.13936885007912672,0.8892013965161998,0.9974823568014521,No,657,health_statusHIV,LinDA
KO_79,28238.521053382858,-0.29960741025344706,0.33345931865224043,-0.8984826438930711,0.3692574474557482,0.9974823568014521,No,657,health_statusHIV,LinDA
KO_80,65745.7892667965,-0.17939797765830975,0.3159521668528386,-0.5678010676276455,0.5703640343867014,0.9974823568014521,No,657,health_statusHIV,LinDA
KO_43,5466.439173369654,-3.1643315439280357,0.40300446960558417,-7.851852231378303,1.672833751186924e-14,1.3382670009495391e-12,Yes,657,studyKervinen_2022,LinDA
KO_49,2895.1418654153817,-3.6445137487063546,0.5635159193984947,-6.467454819371498,1.9464004713596372e-10,7.785601885438549e-9,Yes,657,studyKervinen_2022,LinDA
KO_24,0.24483186884667937,1.931325382861231,0.35262299611603715,5.477026184150771,6.16476554583429e-8,1.643937478889144e-6,Yes,657,studyKervinen_2022,LinDA
KO_45,8413.548772070719,-0.757687542654331,0.14038123324264595,-5.397356364184978,9.455011598298736e-8,1.8910023196597472e-6,Yes,657,studyKervinen_2022,LinDA
KO_40,21573.448412265912,-1.0978411317828431,0.20923392648578576,-5.246955645395417,2.089050738769899e-7,3.3424811820318386e-6,Yes,657,studyKervinen_2022,LinDA
KO_51,1234.7321072756224,3.443880763149145,0.6616357920448103,5.205100456409261,2.5958281699295565e-7,3.461104226572742e-6,Yes,657,studyKervinen_2022,LinDA
KO_27,0.24483186884668118,3.1304102313558824,0.6323009485725397,4.950823240773221,9.404907302644695e-7,9.404907302644695e-6,Yes,657,studyKervinen_2022,LinDA
KO_55,0.24483186884667996,3.940634150992547,0.7935010509086431,4.966136020210814,8.717012211130352e-7,9.404907302644695e-6,Yes,657,studyKervinen_2022,LinDA
KO_70,0.24483186884667996,3.1262637904754627,0.6386913811210027,4.894795644476028,1.2396600425219613e-6,1.1019200377972989e-5,Yes,657,studyKervinen_2022,LinDA
KO_56,0.7607843546504753,2.9537458650135116,0.6358777121370905,4.645147657536872,4.106385236680472e-6,3.2851081893443776e-5,Yes,657,studyKervinen_2022,LinDA
KO_68,250.55454224193002,2.673183269321246,0.5844202637907833,4.5740769698537,5.718071418271419e-6,4.158597395106486e-5,Yes,657,studyKervinen_2022,LinDA
KO_31,0.24483186884667874,3.7586489383655786,0.8389667988388855,4.48009258956073,8.799677695213584e-6,5.8664517968090564e-5,Yes,657,studyKervinen_2022,LinDA
KO_9,6.82516347331591,-3.0040031086453856,0.6894892573032714,-4.356852665688563,1.5306956937605425e-5,8.163710366722893e-5,Yes,657,studyKervinen_2022,LinDA
KO_23,222.6763367845042,2.0321140612051525,0.46306575832781016,4.388391982476478,1.3301768089001351e-5,8.163710366722893e-5,Yes,657,studyKervinen_2022,LinDA
KO_75,0.24483186884667996,1.3437833281502367,0.3081770824668062,4.360425886941076,1.5066043658094548e-5,8.163710366722893e-5,Yes,657,studyKervinen_2022,LinDA
KO_2,11.84894577812223,-2.7397495938196097,0.6364470615206839,-4.304756451028992,1.9265748841261735e-5,9.464497075130829e-5,Yes,657,studyKervinen_2022,LinDA
KO_33,0.24483186884666672,3.461747189383158,0.8060022670134921,4.294959618674634,2.011205628465301e-5,9.464497075130829e-5,Yes,657,studyKervinen_2022,LinDA
KO_72,6.665609617505737,-2.2332590058999733,0.5371386861884723,-4.15769532771349,3.640881777521863e-5,1.6181696788986058e-4,Yes,657,studyKervinen_2022,LinDA
KO_14,1842.0509019490735,1.1062703527533295,0.2932652562896493,3.7722516698694766,1.7638570495694697e-4,7.42676652450303e-4,Yes,657,studyKervinen_2022,LinDA
KO_48,9.491566745756002,2.331531857655888,0.6521859150979298,3.5749497247357667,3.7598036156174906e-4,0.0015039214462469962,Yes,657,studyKervinen_2022,LinDA
KO_71,3555.424395989133,-0.5045127606029636,0.1897259616355867,-2.659165652679621,0.008024339010182955,0.030568910514982686,Yes,657,studyKervinen_2022,LinDA
KO_80,65745.7892667965,-0.4166940587530816,0.15863223791172362,-2.6267930418088494,0.008820365228247775,0.032074055375446456,Yes,657,studyKervinen_2022,LinDA
KO_37,103.71093027407389,1.6545968855668425,0.7929154649322913,2.0867254565505693,0.037297907778136574,0.1297318531413446,No,657,studyKervinen_2022,LinDA
KO_3,0.24483186884667815,0.3711468408558597,0.18121762288158794,2.048072560240878,0.04094986022926881,0.1364995340975627,No,657,studyKervinen_2022,LinDA
KO_78,18682.903292159695,0.3356813359442872,0.18458034783874366,1.8186190451734927,0.06942472618434098,0.22215912378989114,No,657,studyKervinen_2022,LinDA
KO_41,17790.970352435645,0.4036369975356073,0.22738406747466447,1.7751331569463689,0.07633880940925632,0.2348886443361733,No,657,studyKervinen_2022,LinDA
KO_15,2.6361170955955324,1.4392624069200395,0.8388209923114203,1.7158159131831785,0.08666717889458712,0.24662091524439844,No,657,studyKervinen_2022,LinDA
KO_38,0.5452874241885606,0.6923063622847772,0.4069791362514394,1.701085634662749,0.08940008177609443,0.24662091524439844,No,657,studyKervinen_2022,LinDA
KO_53,105.88744573645776,1.352709877960937,0.7905436628142734,1.7111134293903465,0.08753218478235014,0.24662091524439844,No,657,studyKervinen_2022,LinDA
KO_42,4782.526832683754,0.276796378081281,0.1715289710919487,1.6137004514118103,0.10707257764711693,0.2855268737256451,No,657,studyKervinen_2022,LinDA
KO_26,34871.33141193416,-0.2689164406575127,0.17074310874463414,-1.5749768329432727,0.11574317574538043,0.2906372551183245,No,657,studyKervinen_2022,LinDA
KO_54,9.646803879260563,1.7026478480278233,1.0825832065244805,1.572763957325733,0.1162549020473298,0.2906372551183245,No,657,studyKervinen_2022,LinDA
KO_4,158.44366494642694,-0.9158503553051689,0.6240337787068135,-1.4676294562180392,0.14268344468825256,0.3458992598503092,No,657,studyKervinen_2022,LinDA
KO_11,195.99814577098303,0.918660778890827,0.6699313926263024,1.3712759082529955,0.17075713357255373,0.40178149075895,No,657,studyKervinen_2022,LinDA
KO_21,21053.88302460556,-0.35119815337804766,0.26947314249235454,-1.30327701725604,0.19293673949848006,0.4409982617108115,No,657,studyKervinen_2022,LinDA
KO_1,25793.31545883521,-0.17519185412058136,0.1671530477832995,-1.0480924903487463,0.29498140044753446,0.6050900522000706,No,657,studyKervinen_2022,LinDA
KO_10,157.21387211153097,0.472168913630337,0.4376515906552315,1.0788694105359649,0.28104186866368663,0.6050900522000706,No,657,studyKervinen_2022,LinDA
KO_20,0.24483186884667874,0.5806686253890098,0.5518826637948453,1.0521595684782468,0.29311316497301637,0.6050900522000706,No,657,studyKervinen_2022,LinDA
KO_79,28238.521053382858,-0.17759177642440138,0.1674221718345155,-1.0607422808965696,0.2891968192355518,0.6050900522000706,No,657,studyKervinen_2022,LinDA
KO_39,0.24483186884667635,0.3343746083156759,0.3252953142412777,1.0279109279381253,0.3043700091392267,0.6067195679818018,No,657,studyKervinen_2022,LinDA
KO_46,447.25059421528874,-0.5431109280392548,0.5440654181833711,-0.998245633498811,0.31852777319044595,0.6067195679818018,No,657,studyKervinen_2022,LinDA
KO_50,25840.546672815213,-0.16615203562507502,0.16560845342540492,-1.0032823336516148,0.31609401979761287,0.6067195679818018,No,657,studyKervinen_2022,LinDA
KO_32,35388.513910231995,-0.16747501494248768,0.1771871859635171,-0.945186944709257,0.344910912587174,0.6391494980766164,No,657,studyKervinen_2022,LinDA
KO_66,18457.980731719803,-0.16482936067087955,0.17680165633594433,-0.9322840299509639,0.351532223942139,0.6391494980766164,No,657,studyKervinen_2022,LinDA
KO_74,5.518321018671957,-0.7694251500393323,0.844082973635778,-0.9115515584032375,0.3623391654486846,0.6441585163532171,No,657,studyKervinen_2022,LinDA
KO_64,2.2538298208281704,0.5712280283382195,0.7579462632013024,0.7536524105621291,0.45132796177184964,0.7849181943858254,No,657,studyKervinen_2022,LinDA
KO_5,28519.205038517182,0.12739986048189864,0.18204550583498255,0.6998242549166902,0.4842847757266533,0.8192530695639987,No,657,studyKervinen_2022,LinDA
KO_17,32882.66179265635,0.12458325035562429,0.1810201935348761,0.6882284673484318,0.49155184173839916,0.8192530695639987,No,657,studyKervinen_2022,LinDA
KO_34,30519.020361424053,0.11735358177056324,0.17873444866413038,0.6565806572133653,0.511680490487719,0.8353967191636229,No,657,studyKervinen_2022,LinDA
KO_16,39426.16254297819,0.11286323455930133,0.17978795474597026,0.6277574864165423,0.5303809448153766,0.8363387537704736,No,657,studyKervinen_2022,LinDA
KO_63,39916.03794223168,-0.10207697080147926,0.16371349623582293,-0.6235098092001001,0.533165955528677,0.8363387537704736,No,657,studyKervinen_2022,LinDA
KO_6,16194.754398621988,0.11164460179608363,0.18537043551234972,0.6022783594779096,0.5471966624640185,0.8382922930364907,No,657,studyKervinen_2022,LinDA
KO_12,0.24483186884667757,-0.09093480711510615,0.1615474593308582,-0.5628984045417056,0.5736960969760021,0.8382922930364907,No,657,studyKervinen_2022,LinDA
KO_18,54320.230503775376,0.09780514694055908,0.17948927983152754,0.5449080136282294,0.5860016983331819,0.8382922930364907,No,657,studyKervinen_2022,LinDA
KO_47,10926.134937123561,0.09300537278556803,0.17595705654311372,0.5285685872040004,0.5972832587884996,0.8382922930364907,No,657,studyKervinen_2022,LinDA
KO_58,0.24483186884667757,-0.09093480711510615,0.1615474593308582,-0.5628984045417056,0.5736960969760021,0.8382922930364907,No,657,studyKervinen_2022,LinDA
KO_73,1.484006837473876,-0.30181770243319,0.5567898808308887,-0.5420675066558183,0.587955797718315,0.8382922930364907,No,657,studyKervinen_2022,LinDA
KO_36,23723.475672066,0.08751475138029852,0.1768193469040625,0.4949387774166008,0.6208088104964666,0.856288014477885,No,657,studyKervinen_2022,LinDA
KO_7,37303.361834506184,0.08803860323225829,0.2006012824402699,0.4388735812717062,0.6608974285393527,0.8961321064940375,No,657,studyKervinen_2022,LinDA
KO_8,170.87801744043858,0.3710250395295165,0.9004520543874946,0.4120430818294874,0.6804422461466224,0.9057424349420583,No,657,studyKervinen_2022,LinDA
KO_35,24494.926431721717,0.07034615711724168,0.18126839584113538,0.38807734128619664,0.6980845072801416,0.9057424349420583,No,657,studyKervinen_2022,LinDA
KO_44,3471.4944385147624,0.12084112675381367,0.31997350438709393,0.3776597908795094,0.7058053124200676,0.9057424349420583,No,657,studyKervinen_2022,LinDA
KO_69,23564.86775111981,0.06865808762798847,0.1867618185206932,0.3676237904075728,0.713272167516871,0.9057424349420583,No,657,studyKervinen_2022,LinDA
KO_13,0.24483186884667513,-0.09093480711507174,0.3079614675103151,-0.2952798213692948,0.7678734192990151,0.9265562123557428,No,657,studyKervinen_2022,LinDA
KO_19,10728.911707476598,-0.035548430584902146,0.18840792750307528,-0.188677998086476,0.8504034624701836,0.9265562123557428,No,657,studyKervinen_2022,LinDA
KO_22,0.24483186884667033,-0.09093480711500362,0.5927758626533882,-0.15340504370059957,0.8781259721172283,0.9265562123557428,No,657,studyKervinen_2022,LinDA
KO_25,94264.5133199502,0.02775007191452089,0.16972823640860604,0.16349708511502467,0.8701773476966459,0.9265562123557428,No,657,studyKervinen_2022,LinDA
KO_28,0.5452874241885478,-0.0909348071149953,0.6246105470266425,-0.1455864098803258,0.8842925507539495,0.9265562123557428,No,657,studyKervinen_2022,LinDA
KO_30,5770.8765199356,0.07429490917328685,0.31289821199399154,0.23744114323898247,0.8123885965897375,0.9265562123557428,No,657,studyKervinen_2022,LinDA
KO_52,46245.015101670964,0.03409705605672003,0.1699383369646096,0.2006436962121201,0.8410392828015711,0.9265562123557428,No,657,studyKervinen_2022,LinDA
KO_59,0.2448318688466739,-0.09093480711504814,0.5292107202856363,-0.17183099969321666,0.8636233061541525,0.9265562123557428,No,657,studyKervinen_2022,LinDA
KO_60,33300.91349466981,0.04541187771219485,0.1838894050156551,0.2469521161827066,0.8050224271370797,0.9265562123557428,No,657,studyKervinen_2022,LinDA
KO_61,15129.142939834253,0.02620542027044842,0.19259267704251848,0.1360665455865857,0.8918103543924025,0.9265562123557428,No,657,studyKervinen_2022,LinDA
KO_65,9603.157672606525,0.03800611546823596,0.1878505345232923,0.2023210397813557,0.8397283859638033,0.9265562123557428,No,657,studyKervinen_2022,LinDA
KO_67,6156.046295093778,-0.05536798468318044,0.17529352202124313,-0.31585870398833454,0.7522100702588472,0.9265562123557428,No,657,studyKervinen_2022,LinDA
KO_76,0.2448318688466691,-0.09093480711502461,0.5507248504379353,-0.16511840176217477,0.8689015803955638,0.9265562123557428,No,657,studyKervinen_2022,LinDA
KO_77,5838.033106311961,-0.08460674053352868,0.35426791985684797,-0.23882134337118766,0.8113185936538589,0.9265562123557428,No,657,studyKervinen_2022,LinDA
KO_57,16762.883353965182,-0.01713317533493952,0.17828686256156745,-0.09609892220198196,0.9234713119762856,0.9471500635654211,No,657,studyKervinen_2022,LinDA
KO_62,26097.18364870049,0.012856030465499768,0.1795984293743375,0.07158208738398211,0.9429562799653535,0.954892435407953,No,657,studyKervinen_2022,LinDA
KO_29,21339.168975699133,-0.003312729597274633,0.21286311141333447,-0.015562722800015936,0.9875879696299189,0.9875879696299189,No,657,studyKervinen_2022,LinDA
KO_28,0.5452874241885478,6.436024638519104,0.7444532863440562,8.645303549032402,4.0883373133510855e-17,3.270669850680868e-15,Yes,657,studyLivson_2022,LinDA
KO_51,1234.7321072756224,3.783891603290776,0.7885824888730253,4.798345964666792,1.981693066015109e-6,7.926772264060436e-5,Yes,657,studyLivson_2022,LinDA
KO_11,195.99814577098303,3.5696799467835083,0.7984697492538944,4.470651455636343,9.185201976678105e-6,2.449387193780828e-4,Yes,657,studyLivson_2022,LinDA
KO_56,0.7607843546504753,3.2222399309370093,0.7578822592203281,4.251636572482764,2.429867046831488e-5,4.859734093662976e-4,Yes,657,studyLivson_2022,LinDA
KO_68,250.55454224193002,2.9162401871928996,0.6965517762327361,4.186681143741004,3.2164468195626006e-5,5.146314911300161e-4,Yes,657,studyLivson_2022,LinDA
KO_72,6.665609617505737,-2.4167762207224723,0.6401983797088852,-3.775042701328678,1.7446414323735168e-4,0.0023261885764980224,Yes,657,studyLivson_2022,LinDA
KO_37,103.71093027407389,3.352593970639781,0.945050522236364,3.547528827036903,4.1654504775638147e-4,0.003950754136026277,Yes,657,studyLivson_2022,LinDA
KO_38,0.5452874241885606,1.7123176417862893,0.4850653849796842,3.530075933697074,4.444598403029561e-4,0.003950754136026277,Yes,657,studyLivson_2022,LinDA
KO_53,105.88744573645776,3.354613914628071,0.9422236473305182,3.5603159866898584,3.971438664686551e-4,0.003950754136026277,Yes,657,studyLivson_2022,LinDA
KO_48,9.491566745756002,2.584389625072379,0.7773194834976902,3.3247457190233396,9.341961074385108e-4,0.007473568859508086,Yes,657,studyLivson_2022,LinDA
KO_14,1842.0509019490735,1.1017647544412792,0.349533457055199,3.152100985478155,0.0016947501151772166,0.01232545538310703,Yes,657,studyLivson_2022,LinDA
KO_40,21573.448412265912,-0.7560902884711869,0.2493792090583603,-3.031889832861908,0.002525942886171267,0.016839619241141784,Yes,657,studyLivson_2022,LinDA
KO_8,170.87801744043858,2.8530033337632363,1.07321993564645,2.6583584957772337,0.008043375677600887,0.04949769647754392,Yes,657,studyLivson_2022,LinDA
KO_54,9.646803879260563,2.977339833293763,1.2902962168579244,2.307485517197018,0.021337692521560286,0.12192967155177306,No,657,studyLivson_2022,LinDA
KO_2,11.84894577812223,-1.6460371334407025,0.7585608484976173,-2.169947390114839,0.03036847891003158,0.16196522085350173,No,657,studyLivson_2022,LinDA
KO_45,8413.548772070719,-0.35223770721945974,0.16731589135983888,-2.105225656431628,0.0356507027557087,0.1690728128308203,No,657,studyLivson_2022,LinDA
KO_74,5.518321018671957,-2.1147479869369716,1.0060354354589773,-2.1020611326400975,0.03592797272654931,0.1690728128308203,No,657,studyLivson_2022,LinDA
KO_44,3471.4944385147624,0.6986889782429082,0.38136616171138044,1.8320686216824844,0.06739371460424697,0.2995276204633199,No,657,studyLivson_2022,LinDA
KO_23,222.6763367845042,-0.8101843286858523,0.5519132317274759,-1.4679559795114783,0.14259474582156542,0.5384393268733211,No,657,studyLivson_2022,LinDA
KO_33,0.24483186884666672,1.3959744254734059,0.9606482620815553,1.4531587476654313,0.1466571368838253,0.5384393268733211,No,657,studyLivson_2022,LinDA
KO_43,5466.439173369654,-0.7247295470997921,0.48032810723002933,-1.5088218577904682,0.13182503643068075,0.5384393268733211,No,657,studyLivson_2022,LinDA
KO_59,0.2448318688466739,0.8984484577170793,0.6307492913153486,1.424414533773756,0.15480130647607981,0.5384393268733211,No,657,studyLivson_2022,LinDA
KO_77,5838.033106311961,0.603919572140904,0.42224057605042914,1.4302736553409223,0.1531138846979208,0.5384393268733211,No,657,studyLivson_2022,LinDA
KO_78,18682.903292159695,0.27154307067480216,0.21999539904858587,1.234312498575627,0.21752778712050588,0.7250926237350196,No,657,studyLivson_2022,LinDA
KO_71,3555.424395989133,-0.2631260770253104,0.22612829116760694,-1.1636141398613435,0.2450028297833522,0.784009055306727,No,657,studyLivson_2022,LinDA
KO_4,158.44366494642694,0.8448602285352995,0.7437658546745146,1.1359223110679444,0.25640326419674686,0.788933120605375,No,657,studyLivson_2022,LinDA
KO_80,65745.7892667965,-0.2062956790242611,0.18906867870813837,-1.0911150404912688,0.27562224741911173,0.8166585108714421,No,657,studyLivson_2022,LinDA
KO_73,1.484006837473876,-0.7032266188958929,0.6636200085971171,-1.059682664455075,0.28967840805952755,0.827652594455793,No,657,studyLivson_2022,LinDA
KO_79,28238.521053382858,-0.20150119872454403,0.19954511915045836,-1.0098026931573845,0.31296157590186874,0.8633422783499828,No,657,studyLivson_2022,LinDA
KO_9,6.82516347331591,-0.7249636164043209,0.8217801411484149,-0.8821868284517127,0.3779984269517611,0.9045072400344738,No,657,studyLivson_2022,LinDA
KO_15,2.6361170955955324,0.8794490947012205,0.9997638486145879,0.8796568268795752,0.37936687201026575,0.9045072400344738,No,657,studyLivson_2022,LinDA
KO_63,39916.03794223168,-0.17735452297481963,0.19512486760239584,-0.9089283449827283,0.3637212468252803,0.9045072400344738,No,657,studyLivson_2022,LinDA
KO_65,9603.157672606525,0.19487000149364345,0.22389302971758412,0.8703710059194341,0.38441557701465134,0.9045072400344738,No,657,studyLivson_2022,LinDA
KO_75,0.24483186884667996,0.34500139609898284,0.36730638461113135,0.9392741606281555,0.34793518344221996,0.9045072400344738,No,657,studyLivson_2022,LinDA
KO_29,21339.168975699133,0.21296585367451662,0.2537047182239119,0.8394240957180764,0.4015366996465146,0.9177981706206048,No,657,studyLivson_2022,LinDA
KO_41,17790.970352435645,0.2138255818100058,0.2710117802198626,0.7889899901640305,0.43040247303515367,0.9564499400781193,No,657,studyLivson_2022,LinDA
KO_30,5770.8765199356,-0.2772979321417485,0.37293334753787033,-0.7435589602605589,0.4574091547553647,0.9650597897258874,No,657,studyLivson_2022,LinDA
KO_42,4782.526832683754,-0.15167720758892816,0.20443988152375697,-0.7419159434960957,0.4584034001197965,0.9650597897258874,No,657,studyLivson_2022,LinDA
KO_1,25793.31545883521,-0.06776217378669175,0.19922435882177722,-0.34012996295955283,0.7338673735555974,0.992157351922065,No,657,studyLivson_2022,LinDA
KO_3,0.24483186884667815,-0.036537234261681706,0.21598747497919138,-0.16916367148234762,0.8657199725893108,0.992157351922065,No,657,studyLivson_2022,LinDA
KO_5,28519.205038517182,0.08904241451503486,0.2169742021298883,0.41038249543478433,0.681659178286872,0.992157351922065,No,657,studyLivson_2022,LinDA
KO_6,16194.754398621988,0.02486595033764416,0.22093707921699787,0.11254765576592764,0.9104235641486691,0.992157351922065,No,657,studyLivson_2022,LinDA
KO_7,37303.361834506184,-0.06859450026334468,0.23909023737814208,-0.28689795541445084,0.7742809110143202,0.992157351922065,No,657,studyLivson_2022,LinDA
KO_10,157.21387211153097,-0.2679893162686025,0.5216229000422137,-0.5137606425003863,0.6075920849954956,0.992157351922065,No,657,studyLivson_2022,LinDA
KO_12,0.24483186884667757,-0.03653723426168132,0.19254323765727308,-0.18976119185612525,0.8495548790065263,0.992157351922065,No,657,studyLivson_2022,LinDA
KO_13,0.24483186884667513,-0.03653723426168254,0.36704940005698183,-0.09954309762122045,0.9207374358262752,0.992157351922065,No,657,studyLivson_2022,LinDA
KO_16,39426.16254297819,0.08458465891130784,0.21428349936269164,0.39473248832912544,0.6931684317122767,0.992157351922065,No,657,studyLivson_2022,LinDA
KO_17,32882.66179265635,0.09707306463531867,0.21575216527031751,0.4499285766782229,0.6529103516673894,0.992157351922065,No,657,studyLivson_2022,LinDA
KO_18,54320.230503775376,0.06306335634440041,0.21392751830751433,0.29478842574029557,0.7682486315099321,0.992157351922065,No,657,studyLivson_2022,LinDA
KO_19,10728.911707476598,0.03275999996355494,0.22455736854048725,0.14588699616707693,0.8840553451249573,0.992157351922065,No,657,studyLivson_2022,LinDA
KO_20,0.24483186884667874,-0.0365372342617134,0.6577712539344294,-0.05554702192162939,0.9557195569825974,0.992157351922065,No,657,studyLivson_2022,LinDA
KO_21,21053.88302460556,0.10765917455350504,0.32117639938176795,0.33520263244976295,0.7375792350936765,0.992157351922065,No,657,studyLivson_2022,LinDA
KO_22,0.24483186884667033,-0.036537234261729,0.706510546641353,-0.051715058516000396,0.9587714574460793,0.992157351922065,No,657,studyLivson_2022,LinDA
KO_24,0.24483186884667937,-0.03653723426168154,0.42028004417907133,-0.086935448798311,0.9307493105992086,0.992157351922065,No,657,studyLivson_2022,LinDA
KO_25,94264.5133199502,-0.019250484733020212,0.2022936435852052,-0.09516109548401105,0.9242158871452821,0.992157351922065,No,657,studyLivson_2022,LinDA
KO_26,34871.33141193416,-0.019572513457332463,0.20350323738629028,-0.09617789725958942,0.9234086138284203,0.992157351922065,No,657,studyLivson_2022,LinDA
KO_27,0.24483186884668118,-0.03653723426169758,0.7536192293967348,-0.048482354001164886,0.9613465615064504,0.992157351922065,No,657,studyLivson_2022,LinDA
KO_31,0.24483186884667874,-0.036537234261696194,0.9999376307401998,-0.03653951320408819,0.9708632717588499,0.992157351922065,No,657,studyLivson_2022,LinDA
KO_32,35388.513910231995,-0.10809264406777191,0.2111837264300458,-0.5118417308711398,0.6089337748090615,0.992157351922065,No,657,studyLivson_2022,LinDA
KO_34,30519.020361424053,0.08347518545881377,0.21302785923854928,0.3918510271716996,0.6952953572907838,0.992157351922065,No,657,studyLivson_2022,LinDA
KO_35,24494.926431721717,-0.007899125507534688,0.2160479896419239,-0.03656190238394086,0.9708454265165175,0.992157351922065,No,657,studyLivson_2022,LinDA
KO_36,23723.475672066,0.014518987727611177,0.2107453108477918,0.06889352683200309,0.94509533326863,0.992157351922065,No,657,studyLivson_2022,LinDA
KO_39,0.24483186884667635,-0.03653723426168565,0.38770905626240115,-0.09423879497144703,0.924948200400439,0.992157351922065,No,657,studyLivson_2022,LinDA
KO_46,447.25059421528874,-0.3251416279502411,0.6484541295065377,-0.5014103745436369,0.6162503024458941,0.992157351922065,No,657,studyLivson_2022,LinDA
KO_47,10926.134937123561,0.05741172814264306,0.20971757461111287,0.2737573531884668,0.7843571400476631,0.992157351922065,No,657,studyLivson_2022,LinDA
KO_49,2895.1418654153817,0.07598093943191964,0.6716365583328959,0.11312805785991739,0.9099635885572281,0.992157351922065,No,657,studyLivson_2022,LinDA
KO_50,25840.546672815213,-0.11388751665398883,0.1973834063254146,-0.5769862764767018,0.5641463688485324,0.992157351922065,No,657,studyLivson_2022,LinDA
KO_52,46245.015101670964,0.003072424228513504,0.20254405570220216,0.015169165137242282,0.987901826634592,0.992157351922065,No,657,studyLivson_2022,LinDA
KO_55,0.24483186884667996,-0.03653723426168759,0.9457484633880261,-0.038633141555205384,0.9691946147427792,0.992157351922065,No,657,studyLivson_2022,LinDA
KO_57,16762.883353965182,0.08948165466381897,0.21249439571225903,0.42110124534760457,0.6738188720193516,0.992157351922065,No,657,studyLivson_2022,LinDA
KO_58,0.24483186884667757,-0.03653723426168132,0.19254323765727308,-0.18976119185612525,0.8495548790065263,0.992157351922065,No,657,studyLivson_2022,LinDA
KO_60,33300.91349466981,0.05315373534611778,0.21917188644897845,0.24252077311243825,0.8084523504209479,0.992157351922065,No,657,studyLivson_2022,LinDA
KO_61,15129.142939834253,0.0022571625702091924,0.2295450373558721,0.009833201345624522,0.992157351922065,0.992157351922065,No,657,studyLivson_2022,LinDA
KO_62,26097.18364870049,0.03725094266457735,0.2140576101483176,0.1740229774534373,0.8619010108678883,0.992157351922065,No,657,studyLivson_2022,LinDA
KO_64,2.2538298208281704,-0.42425694881930925,0.9033718517858114,-0.46963711342192693,0.6387701311216244,0.992157351922065,No,657,studyLivson_2022,LinDA
KO_66,18457.980731719803,0.02008189525572912,0.21072422602680124,0.09529941399891524,0.9241060667827696,0.992157351922065,No,657,studyLivson_2022,LinDA
KO_67,6156.046295093778,0.07058720252775846,0.20892672908703272,0.3378562562875998,0.7355794359915476,0.992157351922065,No,657,studyLivson_2022,LinDA
KO_69,23564.86775111981,0.11391284713683719,0.22259542401769877,0.5117483777554199,0.6089990803630401,0.992157351922065,No,657,studyLivson_2022,LinDA
KO_70,0.24483186884667996,-0.036537234261685925,0.761235781077634,-0.04799726335769772,0.9617330099936465,0.992157351922065,No,657,studyLivson_2022,LinDA
KO_76,0.2448318688466691,-0.036537234261678486,0.6563912933131625,-0.05566380089725942,0.9556265603903371,0.992157351922065,No,657,studyLivson_2022,LinDA
KO_28,0.5452874241885478,13.557758541935794,0.7117462671367509,19.04858397990148,9.604260656093838e-65,7.68340852487507e-63,Yes,657,studyMovassagh_2021,LinDA
KO_22,0.24483186884667033,11.809847145631927,0.6754705143880964,17.483882559004634,1.7225973300865348e-56,6.890389320346139e-55,Yes,657,studyMovassagh_2021,LinDA
KO_56,0.7607843546504753,10.741577115700814,0.7245852477571547,14.82444908856447,4.21418065240369e-43,1.1237815073076506e-41,Yes,657,studyMovassagh_2021,LinDA
KO_48,9.491566745756002,10.139283850585413,0.7431685115786519,13.64331735348604,1.701697803352852e-37,3.4033956067057036e-36,Yes,657,studyMovassagh_2021,LinDA
KO_33,0.24483186884666672,10.64885876291702,0.9184428722529114,11.594470472393896,2.0710221485025017e-28,3.313635437604003e-27,Yes,657,studyMovassagh_2021,LinDA
KO_59,0.2448318688466739,6.2976572051802755,0.6030377752746888,10.443221740647406,1.004940892068014e-23,1.3399211894240188e-22,Yes,657,studyMovassagh_2021,LinDA
KO_15,2.6361170955955324,9.515614271790813,0.9558399436507317,9.955238149440492,7.684844840449498e-22,8.78267981765657e-21,Yes,657,studyMovassagh_2021,LinDA
KO_76,0.2448318688466691,5.914023184368352,0.6275532143742785,9.423938956738695,7.278935417342429e-20,7.278935417342429e-19,Yes,657,studyMovassagh_2021,LinDA
KO_74,5.518321018671957,8.480987085360113,0.9618359928419971,8.81749814778797,1.0447609533702223e-17,9.286764029957531e-17,Yes,657,studyMovassagh_2021,LinDA
KO_13,0.24483186884667513,2.972197225190072,0.35092334890251714,8.469647957268633,1.6094782180272706e-16,1.2875825744218165e-15,Yes,657,studyMovassagh_2021,LinDA
KO_39,0.24483186884667635,2.8461198730005677,0.3706753379853352,7.6782013296853515,5.867121503155554e-14,4.266997456840403e-13,Yes,657,studyMovassagh_2021,LinDA
KO_2,11.84894577812223,5.270752753122918,0.7252340237030591,7.267657860576302,1.0413304451305402e-12,6.942202967536935e-12,Yes,657,studyMovassagh_2021,LinDA
KO_38,0.5452874241885606,3.3073227770433293,0.46375438648676165,7.131625863635342,2.625060474748391e-12,1.6154218306143945e-11,Yes,657,studyMovassagh_2021,LinDA
KO_9,6.82516347331591,5.566081813679563,0.7856758222424987,7.084450935237757,3.605293784638572e-12,2.0601678769363267e-11,Yes,657,studyMovassagh_2021,LinDA
KO_73,1.484006837473876,4.479857994702973,0.6344643412561487,7.060850710433143,4.222761271146865e-12,2.252139344611661e-11,Yes,657,studyMovassagh_2021,LinDA
KO_11,195.99814577098303,4.78141037146756,0.7633895556348286,6.263395059801909,6.80884452774997e-10,3.404422263874985e-9,Yes,657,studyMovassagh_2021,LinDA
KO_23,222.6763367845042,3.2578739812339106,0.5276653212111216,6.174129415509605,1.165086059724111e-9,5.482757928113464e-9,Yes,657,studyMovassagh_2021,LinDA
KO_72,6.665609617505737,3.7303193169587976,0.612071724772007,6.094578733151444,1.8701244270197616e-9,8.311664120087829e-9,Yes,657,studyMovassagh_2021,LinDA
KO_37,103.71093027407389,5.338370534371759,0.9035304078790833,5.908346291192201,5.548196800313883e-9,2.3360828632900558e-8,Yes,657,studyMovassagh_2021,LinDA
KO_8,170.87801744043858,5.760935640819957,1.026068790379521,5.6145705773675365,2.909192645901501e-8,1.1636770583606003e-7,Yes,657,studyMovassagh_2021,LinDA
KO_64,2.2538298208281704,4.828863147963863,0.863682859810508,5.591014216750017,3.3122201577454976e-8,1.2617981553316182e-7,Yes,657,studyMovassagh_2021,LinDA
KO_20,0.24483186884667874,3.45113711853896,0.6288725474190767,5.4878164624972,5.815415261109494e-8,2.1146964585852704e-7,Yes,657,studyMovassagh_2021,LinDA
KO_49,2895.1418654153817,2.9931051590007813,0.6421286896503604,4.661223220894444,3.8077759554000883e-6,1.3244438105739438e-5,Yes,657,studyMovassagh_2021,LinDA
KO_46,447.25059421528874,2.882269488448798,0.619964764145573,4.649085972524749,4.031215090605877e-6,1.3437383635352923e-5,Yes,657,studyMovassagh_2021,LinDA
KO_53,105.88744573645776,4.170470267361941,0.9008277296871726,4.629598012941061,4.4165442258049394e-6,1.4132941522575807e-5,Yes,657,studyMovassagh_2021,LinDA
KO_40,21573.448412265912,1.0242429560423814,0.2384229130352344,4.295908237187831,2.0028582660981595e-5,6.162640818763568e-5,Yes,657,studyMovassagh_2021,LinDA
KO_4,158.44366494642694,2.006670910712209,0.7110890372827321,2.821968565821593,0.0049172748392054925,0.014569703227275533,Yes,657,studyMovassagh_2021,LinDA
KO_71,3555.424395989133,-0.5242198975529544,0.21619350748379107,-2.42477169483111,0.015586648886948717,0.04453328253413919,Yes,657,studyMovassagh_2021,LinDA
KO_27,0.24483186884668118,1.3646304627815593,0.7205095110799269,1.8939798042862745,0.058666681734100785,0.16183912202510561,No,657,studyMovassagh_2021,LinDA
KO_29,21339.168975699133,-0.4524021609976556,0.24255838406951008,-1.8651268754660342,0.06260919062657308,0.16695784167086153,No,657,studyMovassagh_2021,LinDA
KO_31,0.24483186884667874,1.6509188001778883,0.9560060907837598,1.7268915084258722,0.08465718074815884,0.21847014386621635,No,657,studyMovassagh_2021,LinDA
KO_26,34871.33141193416,-0.28329312471036405,0.19456246915269276,-1.4560522691970743,0.1458558558621872,0.364639639655468,No,657,studyMovassagh_2021,LinDA
KO_30,5770.8765199356,0.49860830541315715,0.35654878938665735,1.3984293882216612,0.16245599567489447,0.39383271678762294,No,657,studyMovassagh_2021,LinDA
KO_42,4782.526832683754,0.24252275814296054,0.19545796250426534,1.2407924191764157,0.21512531984597213,0.49171501679079344,No,657,studyMovassagh_2021,LinDA
KO_75,0.24483186884667996,0.43736583068625423,0.351169043025282,1.2454566806868752,0.2134079199920271,0.49171501679079344,No,657,studyMovassagh_2021,LinDA
KO_66,18457.980731719803,-0.24213195983063307,0.20146620885563674,-1.201848990984567,0.2298550622777269,0.5107890272838376,No,657,studyMovassagh_2021,LinDA
KO_45,8413.548772070719,0.1841334093738638,0.15996498812282298,1.1510856940300214,0.250115726536499,0.5407907600789168,No,657,studyMovassagh_2021,LinDA
KO_7,37303.361834506184,-0.2520551593060849,0.228585979918807,-1.1026711235554083,0.27057375641141146,0.5696289608661294,No,657,studyMovassagh_2021,LinDA
KO_19,10728.911707476598,-0.21486066028468032,0.21469160221139447,-1.0007874461392272,0.3172980259974574,0.6345960519949148,No,657,studyMovassagh_2021,LinDA
KO_68,250.55454224193002,-0.673445004607393,0.6659492753881127,-1.0112557059468408,0.3122663354136951,0.6345960519949148,No,657,studyMovassagh_2021,LinDA
KO_1,25793.31545883521,-0.1767977117547923,0.1904715800375682,-0.9282104538636216,0.3536392887577091,0.690027880502847,No,657,studyMovassagh_2021,LinDA
KO_65,9603.157672606525,-0.19444630663913576,0.2140564506364214,-0.9083879792504184,0.3640063570098313,0.6933454419234881,No,657,studyMovassagh_2021,LinDA
KO_57,16762.883353965182,-0.17330959412068503,0.20315860741030028,-0.8530753204596839,0.3939284266992209,0.7162335030894925,No,657,studyMovassagh_2021,LinDA
KO_80,65745.7892667965,-0.15672907149323678,0.18076208241869846,-0.8670461713879014,0.386233261029335,0.7162335030894925,No,657,studyMovassagh_2021,LinDA
KO_14,1842.0509019490735,-0.2484585174130396,0.3341769562468774,-0.7434938668526497,0.4574485218903792,0.8132418166940074,No,657,studyMovassagh_2021,LinDA
KO_6,16194.754398621988,-0.13783772473365885,0.21123036769310433,-0.6525469147216686,0.5142766658086402,0.8158984047741978,No,657,studyMovassagh_2021,LinDA
KO_21,21053.88302460556,0.20785025757427622,0.30706574548822363,0.676891710092253,0.4987129128205946,0.8158984047741978,No,657,studyMovassagh_2021,LinDA
KO_35,24494.926431721717,-0.13468290938175786,0.20655607674887994,-0.652040411986999,0.5146031428040971,0.8158984047741978,No,657,studyMovassagh_2021,LinDA
KO_50,25840.546672815213,-0.12475686559390131,0.18871150846384072,-0.6610983432301171,0.5087810022347072,0.8158984047741978,No,657,studyMovassagh_2021,LinDA
KO_60,33300.91349466981,-0.1348371981791907,0.20954272739859434,-0.6434830731333472,0.5201352330435511,0.8158984047741978,No,657,studyMovassagh_2021,LinDA
KO_69,23564.86775111981,-0.13995402705706295,0.2128158543088206,-0.6576297029730376,0.5110064345236468,0.8158984047741978,No,657,studyMovassagh_2021,LinDA
KO_55,0.24483186884667996,0.544274015644522,0.9041976854886916,0.6019413944311949,0.5474208119883116,0.8421858645974025,No,657,studyMovassagh_2021,LinDA
KO_16,39426.16254297819,-0.09745970205963528,0.20486910807981798,-0.4757169246896146,0.6344341938725374,0.9576365190528867,No,657,studyMovassagh_2021,LinDA
KO_70,0.24483186884667996,0.3296701011308174,0.7277914350458436,0.45297331798092877,0.65071750509491455,0.9640259334739474,No,657,studyMovassagh_2021,LinDA
KO_43,5466.439173369654,0.19382532025959343,0.45922523762469514,0.42207027048891954,0.6731118030921471,0.9790717135885777,No,657,studyMovassagh_2021,LinDA
KO_62,26097.18364870049,-0.08291495423196049,0.2046531431454609,-0.40514869675383974,0.6855000990574642,0.9792858557963775,No,657,studyMovassagh_2021,LinDA
KO_17,32882.66179265635,-0.0424155564745512,0.2062732492080776,-0.20562800381238294,0.8371451975799968,0.9867221844560514,No,657,studyMovassagh_2021,LinDA
KO_25,94264.5133199502,0.039831654222640456,0.19340601798447782,0.20594837036475888,0.8368950407583292,0.9867221844560514,No,657,studyMovassagh_2021,LinDA
KO_32,35388.513910231995,0.04567592118362973,0.2019055214394568,0.22622423031321642,0.8210973868119309,0.9867221844560514,No,657,studyMovassagh_2021,LinDA
KO_34,30519.020361424053,-0.05545049416159897,0.20366863360060072,-0.272258389430445,0.785508888095895,0.9867221844560514,No,657,studyMovassagh_2021,LinDA
KO_36,23723.475672066,0.05874937874252639,0.20148636733019595,0.2915799193810859,0.7706998669960388,0.9867221844560514,No,657,studyMovassagh_2021,LinDA
KO_44,3471.4944385147624,0.09603766823798465,0.3646111139401953,0.26339753388246157,0.7923267769703619,0.9867221844560514,No,657,studyMovassagh_2021,LinDA
KO_51,1234.7321072756224,-0.25854728954426753,0.7539366849210034,-0.3429297110955117,0.7317610323775918,0.9867221844560514,No,657,studyMovassagh_2021,LinDA
KO_61,15129.142939834253,-0.044686377549674416,0.21946014138797337,-0.20361956055917893,0.8387138567876437,0.9867221844560514,No,657,studyMovassagh_2021,LinDA
KO_63,39916.03794223168,-0.040526420233389926,0.18655219701370698,-0.21723904023715268,0.8280895057465354,0.9867221844560514,No,657,studyMovassagh_2021,LinDA
KO_77,5838.033106311961,0.12605162368646505,0.40368974031054566,0.31224876705932025,0.7549505464917339,0.9867221844560514,No,657,studyMovassagh_2021,LinDA
KO_78,18682.903292159695,0.07553194465074009,0.21033005956498063,0.35911150696652944,0.7196270529311805,0.9867221844560514,No,657,studyMovassagh_2021,LinDA
KO_79,28238.521053382858,0.044083529669560084,0.1907782479921225,0.23107209618247648,0.8173307329205444,0.9867221844560514,No,657,studyMovassagh_2021,LinDA
KO_18,54320.230503775376,-0.03515863869883029,0.20452876679603088,-0.17190070252510115,0.863568528738049,0.9917687902010777,No,657,studyMovassagh_2021,LinDA
KO_47,10926.134937123561,0.031127472530825484,0.2005037839452133,0.15524630966231998,0.8766748237310775,0.9917687902010777,No,657,studyMovassagh_2021,LinDA
KO_52,46245.015101670964,-0.029198040163278316,0.19364542842538493,-0.15078094226494404,0.8801948013034564,0.9917687902010777,No,657,studyMovassagh_2021,LinDA
KO_3,0.24483186884667815,6.671349557862971e-4,0.20649822075429036,0.003230705588403653,0.9974232550642338,0.9986757749895746,No,657,studyMovassagh_2021,LinDA
KO_5,28519.205038517182,-0.020006265546596902,0.20744159675796137,-0.09644288252341118,0.9231982460191532,0.9986757749895746,No,657,studyMovassagh_2021,LinDA
KO_10,157.21387211153097,-0.03619232167338349,0.49870577344259226,-0.07257249384450871,0.9421684029521744,0.9986757749895746,No,657,studyMovassagh_2021,LinDA
KO_12,0.24483186884667757,6.67134955785631e-4,0.1840839891217206,0.003624079198677653,0.9971095095906106,0.9986757749895746,No,657,studyMovassagh_2021,LinDA
KO_24,0.24483186884667937,6.671349557891837e-4,0.4018153429955788,0.0016603023438966197,0.9986757749895746,0.9986757749895746,No,657,studyMovassagh_2021,LinDA
KO_41,17790.970352435645,-0.004262766922641381,0.2591050727559366,-0.016451885242156895,0.9868788815652296,0.9986757749895746,No,657,studyMovassagh_2021,LinDA
KO_54,9.646803879260563,0.09013702504172283,1.2336079814481051,0.07306780306002314,0.9417744013588462,0.9986757749895746,No,657,studyMovassagh_2021,LinDA
KO_58,0.24483186884667757,6.67134955785631e-4,0.1840839891217206,0.003624079198677653,0.9971095095906106,0.9986757749895746,No,657,studyMovassagh_2021,LinDA
KO_67,6156.046295093778,-0.02499000998257528,0.1997476836499078,-0.1251078837358363,0.9004764123154734,0.9986757749895746,No,657,studyMovassagh_2021,LinDA
KO_28,0.5452874241885478,12.30296960405877,1.4421447425240803,8.531022747776193,9.99577633993663e-17,7.996621071949304e-15,Yes,657,studyPMTCT_CQI,LinDA
KO_56,0.7607843546504753,9.47979680727823,1.4681591654385404,6.456927171412377,2.0780075804264866e-10,8.312030321705947e-9,Yes,657,studyPMTCT_CQI,LinDA
KO_13,0.24483186884667513,3.793281592930306,0.7110430865828099,5.334812565523103,1.3177875659283843e-7,2.6355751318567687e-6,Yes,657,studyPMTCT_CQI,LinDA
KO_48,9.491566745756002,8.042758471059662,1.5058126909384657,5.34114137798054,1.2744445665171636e-7,2.6355751318567687e-6,Yes,657,studyPMTCT_CQI,LinDA
KO_38,0.5452874241885606,4.205638338590327,0.9396620413407296,4.475692486832429,8.977384947633696e-6,1.4363815916213914e-4,Yes,657,studyPMTCT_CQI,LinDA
KO_15,2.6361170955955324,8.426695512684523,1.9367288780814444,4.350993888743037,1.570995169342052e-5,2.0946602257894027e-4,Yes,657,studyPMTCT_CQI,LinDA
KO_76,0.2448318688466691,5.054710163226463,1.2715522519067413,3.9752280377363425,7.81085455762141e-5,8.926690922995896e-4,Yes,657,studyPMTCT_CQI,LinDA
KO_11,195.99814577098303,4.448755893316751,1.5467846970035988,2.87613130769576,0.004156289764810201,0.04156289764810201,Yes,657,studyPMTCT_CQI,LinDA
KO_24,0.24483186884667937,2.302335383362815,0.8141607636352335,2.8278633486129587,0.004828723073231111,0.04292198287316543,Yes,657,studyPMTCT_CQI,LinDA
KO_75,0.24483186884667996,-1.9374035428980025,0.7115409135525808,-2.72282802857384,0.006644380540677484,0.05315504432541987,No,657,studyPMTCT_CQI,LinDA
KO_33,0.24483186884666672,4.913897954337967,1.860954697882194,2.6405252959301415,0.008474439401438274,0.06163228655591471,No,657,studyPMTCT_CQI,LinDA
KO_8,170.87801744043858,5.301832432327805,2.079027007007203,2.550150822696569,0.010993454744654435,0.07281768829095944,No,657,studyPMTCT_CQI,LinDA
KO_22,0.24483186884667033,3.4546376736677997,1.368642585192043,2.5241342853459856,0.011832874347280909,0.07281768829095944,No,657,studyPMTCT_CQI,LinDA
KO_37,103.71093027407389,4.437380052312115,1.8307389692050222,2.4238190845082612,0.015627219464222953,0.08929839693841687,No,657,studyPMTCT_CQI,LinDA
KO_20,0.24483186884667874,2.959124758164367,1.2742254927821002,2.322292855484719,0.020521870769050626,0.10944997743493667,No,657,studyPMTCT_CQI,LinDA
KO_9,6.82516347331591,3.5661925269747154,1.5919412699323698,2.2401533237003255,0.025414515323948478,0.1270725766197424,No,657,studyPMTCT_CQI,LinDA
KO_2,11.84894577812223,3.1066784482667744,1.4694737193219434,2.114143592646409,0.03487915168898055,0.164137184418732,No,657,studyPMTCT_CQI,LinDA
KO_46,447.25059421528874,2.4285982838471556,1.256176486544096,1.9333256989458094,0.05362539163428852,0.20428720622586102,No,657,studyPMTCT_CQI,LinDA
KO_53,105.88744573645776,3.545800059466967,1.825262785731833,1.9426244194450557,0.05248845429365663,0.20428720622586102,No,657,studyPMTCT_CQI,LinDA
KO_73,1.484006837473876,2.529606059903348,1.28555562046349,1.9677142082668755,0.0495211396667511,0.20428720622586102,No,657,studyPMTCT_CQI,LinDA
KO_74,5.518321018671957,3.8582764241001497,1.9488781104924346,1.9797422954918695,0.04814939370238027,0.20428720622586102,No,657,studyPMTCT_CQI,LinDA
KO_23,222.6763367845042,1.951134273020716,1.069158777408369,1.8249247111362144,0.06846632421127427,0.24657790477757313,No,657,studyPMTCT_CQI,LinDA
KO_49,2895.1418654153817,2.3538038703528446,1.301085171164262,1.809108214066085,0.07089114762355228,0.24657790477757313,No,657,studyPMTCT_CQI,LinDA
KO_4,158.44366494642694,2.1475585591367508,1.4408130592791282,1.4905185272343544,0.1365678707125022,0.4552262357083407,No,657,studyPMTCT_CQI,LinDA
KO_72,6.665609617505737,1.8088436194014295,1.240183560749184,1.4585289441417228,0.14517268053445742,0.46455257771026376,No,657,studyPMTCT_CQI,LinDA
KO_40,21573.448412265912,0.6869830323082193,0.4830939990936064,1.4220483665645918,0.15548675958680788,0.4784207987286397,No,657,studyPMTCT_CQI,LinDA
KO_71,3555.424395989133,-0.5364381239045586,0.43805263839295355,-1.2245974042584093,0.22116584597401445,0.6553062102933761,No,657,studyPMTCT_CQI,LinDA
KO_31,0.24483186884667874,2.274910751595084,1.9370655264425884,1.1744108397680004,0.24065600317127533,0.6875885804893581,No,657,studyPMTCT_CQI,LinDA
KO_55,0.24483186884667996,1.6844929281632892,1.8320910112752558,0.9194373629892826,0.35820429271044396,0.9881497729943283,No,657,studyPMTCT_CQI,LinDA
KO_1,25793.31545883521,-0.006654519482713894,0.38593470796335994,-0.017242604371684716,0.9862483086502165,0.997162912143898,No,657,studyPMTCT_CQI,LinDA
KO_3,0.24483186884667815,0.06975784824114362,0.41840798772206145,0.16672207579240125,0.8676400319815989,0.997162912143898,No,657,studyPMTCT_CQI,LinDA
KO_5,28519.205038517182,0.12753948748506772,0.4203194620869226,0.3034346467132954,0.7616547067022309,0.997162912143898,No,657,studyPMTCT_CQI,LinDA
KO_6,16194.754398621988,-0.051581814924977376,0.4279962934761832,-0.12051930288000909,0.9041086361153579,0.997162912143898,No,657,studyPMTCT_CQI,LinDA
KO_7,37303.361834506184,-0.18711223751358386,0.46316234362671355,-0.4039884504608761,0.686352675987505,0.997162912143898,No,657,studyPMTCT_CQI,LinDA
KO_10,157.21387211153097,0.12580455646460287,1.0104807604118495,0.12449970488634313,0.9009577154836913,0.997162912143898,No,657,studyPMTCT_CQI,LinDA
KO_12,0.24483186884667757,0.06975784824114117,0.37299213125868397,0.18702230528493777,0.8517008820220617,0.997162912143898,No,657,studyPMTCT_CQI,LinDA
KO_14,1842.0509019490735,-0.323890672425988,0.6771114409393006,-0.4783417512140709,0.6325661146071452,0.997162912143898,No,657,studyPMTCT_CQI,LinDA
KO_16,39426.16254297819,0.10323684439426128,0.41510706942160996,0.24869931639108553,0.8036710981541634,0.997162912143898,No,657,studyPMTCT_CQI,LinDA
KO_17,32882.66179265635,0.1413187481290823,0.41795214896663885,0.3381218363836249,0.7353793905918076,0.997162912143898,No,657,studyPMTCT_CQI,LinDA
KO_18,54320.230503775376,0.12768780120788592,0.41441746778161553,0.30811394580301144,0.7580932884548359,0.997162912143898,No,657,studyPMTCT_CQI,LinDA
KO_19,10728.911707476598,-0.09571087112695875,0.43500946852699934,-0.22002020197640446,0.8259237668533677,0.997162912143898,No,657,studyPMTCT_CQI,LinDA
KO_21,21053.88302460556,0.09534937233299745,0.622178535964131,0.1532508224271086,0.8782475365134712,0.997162912143898,No,657,studyPMTCT_CQI,LinDA
KO_25,94264.5133199502,0.13270312340947643,0.39188048450311347,0.33863162024446797,0.73499545169889835,0.997162912143898,No,657,studyPMTCT_CQI,LinDA
KO_26,34871.33141193416,-0.05505570569092533,0.3942236931003798,-0.1396560040771235,0.8889745893314803,0.997162912143898,No,657,studyPMTCT_CQI,LinDA
KO_27,0.24483186884668118,-1.1979562726096364,1.4599008822660522,-0.8205737027504043,0.4121867507554938,0.997162912143898,No,657,studyPMTCT_CQI,LinDA
KO_29,21339.168975699133,-0.40910389618050336,0.49147331639432557,-0.832403067539613,0.40548393567816376,0.997162912143898,No,657,studyPMTCT_CQI,LinDA
KO_30,5770.8765199356,-0.1535409807171506,0.722441389311142,-0.2125307090497045,0.8317589444082443,0.997162912143898,No,657,studyPMTCT_CQI,LinDA
KO_32,35388.513910231995,0.16016682780285274,0.4091022316166928,0.391508076526262,0.6955486638499393,0.997162912143898,No,657,studyPMTCT_CQI,LinDA
KO_34,30519.020361424053,0.10970559041427363,0.4126746605159728,0.2658403844740727,0.7904455381388397,0.997162912143898,No,657,studyPMTCT_CQI,LinDA
KO_35,24494.926431721717,0.005930656437904025,0.41852521590051966,0.01417036826596775,0.9886983621753405,0.997162912143898,No,657,studyPMTCT_CQI,LinDA
KO_36,23723.475672066,0.05475569818089676,0.4082529389362975,0.13412199388830529,0.8933471822251058,0.997162912143898,No,657,studyPMTCT_CQI,LinDA
KO_39,0.24483186884667635,0.10157075876571109,0.7510646905242973,0.13523569946392686,0.8924669433712129,0.997162912143898,No,657,studyPMTCT_CQI,LinDA
KO_41,17790.970352435645,-0.05254508234267985,0.5250003206051223,-0.10008581000886951,0.920306732886463,0.997162912143898,No,657,studyPMTCT_CQI,LinDA
KO_42,4782.526832683754,0.2585434683625609,0.3960381473357787,0.6528246586896497,0.5140976859280519,0.997162912143898,No,657,studyPMTCT_CQI,LinDA
KO_43,5466.439173369654,0.11548102732440313,0.9304850515606299,0.12410841757287323,0.9012673934109081,0.997162912143898,No,657,studyPMTCT_CQI,LinDA
KO_44,3471.4944385147624,-0.33087858442347695,0.7387773217975622,-0.44787322872661683,0.6543923319863041,0.997162912143898,No,657,studyPMTCT_CQI,LinDA
KO_45,8413.548772070719,0.005425882403693683,0.3241220604321513,0.01674024408107046,0.9866489237510989,0.997162912143898,No,657,studyPMTCT_CQI,LinDA
KO_47,10926.134937123561,0.18065841546712869,0.40626202232995584,0.444684478335025,0.6566942392830512,0.997162912143898,No,657,studyPMTCT_CQI,LinDA
KO_50,25840.546672815213,0.07567192600521344,0.38236843992133945,0.1979031690501983,0.8431820403116692,0.997162912143898,No,657,studyPMTCT_CQI,LinDA
KO_51,1234.7321072756224,-0.8893329878934602,1.52763123118137,-0.582164706861687,0.5606554574151524,0.997162912143898,No,657,studyPMTCT_CQI,LinDA
KO_52,46245.015101670964,0.09548063188854639,0.3923655794373638,0.24334609581569747,0.8078132569917177,0.997162912143898,No,657,studyPMTCT_CQI,LinDA
KO_54,9.646803879260563,-1.1441237756646225,2.4995442152973215,-0.4577329613385249,0.6472956409837334,0.997162912143898,No,657,studyPMTCT_CQI,LinDA
KO_57,16762.883353965182,0.04918303900067511,0.41164124225604953,0.11948034830310375,0.9049313327295966,0.997162912143898,No,657,studyPMTCT_CQI,LinDA
KO_58,0.24483186884667757,0.06975784824114117,0.37299213125868397,0.18702230528493777,0.8517008820220617,0.997162912143898,No,657,studyPMTCT_CQI,LinDA
KO_59,0.2448318688466739,-0.601979638064446,1.2218789157185943,-0.49266717865445625,0.6224123738405971,0.997162912143898,No,657,studyPMTCT_CQI,LinDA
KO_60,33300.91349466981,-0.0015102719015571697,0.4245767861455859,-0.003557123118453543,0.997162912143898,0.997162912143898,No,657,studyPMTCT_CQI,LinDA
KO_61,15129.142939834253,-0.06675985494577197,0.4446715124611224,-0.1501329702374599,0.8807057861629046,0.997162912143898,No,657,studyPMTCT_CQI,LinDA
KO_62,26097.18364870049,0.09294649719461257,0.41466947991951747,0.22414598058350568,0.8227134002012446,0.997162912143898,No,657,studyPMTCT_CQI,LinDA
KO_63,39916.03794223168,-0.007822362999253762,0.3779932295422113,-0.020694452672412808,0.9834956773694756,0.997162912143898,No,657,studyPMTCT_CQI,LinDA
KO_64,2.2538298208281704,1.2460373301016714,1.7499996178337134,0.7120214869784451,0.47670422485750374,0.997162912143898,No,657,studyPMTCT_CQI,LinDA
KO_65,9603.157672606525,-0.06352474210589265,0.43372252042927606,-0.1464640158482413,0.8836000231685308,0.997162912143898,No,657,studyPMTCT_CQI,LinDA
KO_66,18457.980731719803,-0.1043738017799638,0.40821209370893885,-0.2556852268428476,0.7982739309732664,0.997162912143898,No,657,studyPMTCT_CQI,LinDA
KO_67,6156.046295093778,0.11078078466577757,0.40473000717786767,0.2737152736418984,0.7843894659633653,0.997162912143898,No,657,studyPMTCT_CQI,LinDA
KO_68,250.55454224193002,-0.9807868429817794,1.3493505911203643,-0.7268584231822459,0.4675715859203665,0.997162912143898,No,657,studyPMTCT_CQI,LinDA
KO_69,23564.86775111981,0.04078546120338733,0.43120881638325204,0.09458401510774728,0.9246740856256062,0.997162912143898,No,657,studyPMTCT_CQI,LinDA
KO_70,0.24483186884667996,0.43335260559040467,1.4746555621959567,0.2938669996572525,0.7689523463298451,0.997162912143898,No,657,studyPMTCT_CQI,LinDA
KO_77,5838.033106311961,-0.011506445308409052,0.8179586792099157,-0.014067269656608303,0.9887805834603285,0.997162912143898,No,657,studyPMTCT_CQI,LinDA
KO_78,18682.903292159695,0.11682378832012064,0.4261720835103924,0.2741235121686985,0.7840758689144062,0.997162912143898,No,657,studyPMTCT_CQI,LinDA
KO_79,28238.521053382858,0.04710563406530399,0.38655608049284323,0.12185976742429257,0.903047341245349,0.997162912143898,No,657,studyPMTCT_CQI,LinDA
KO_80,65745.7892667965,-0.02692565263395874,0.3662612630994577,-0.07351487953190157,0.9414187795283464,0.997162912143898,No,657,studyPMTCT_CQI,LinDA
KO_28,0.5452874241885478,7.326972884752742,0.7532364043549423,9.72732178422447,5.5355410132384866e-21,4.428432810590789e-19,Yes,657,studyServergnini_2021,LinDA
KO_51,1234.7321072756224,4.17414912609756,0.7978862466616491,5.231509057290024,2.2637873758914619e-07,9.055149503565847e-6,Yes,657,studyServergnini_2021,LinDA
KO_11,195.99814577098303,3.851109648256393,0.807890157712644,4.766872837218277,2.305488443160225e-6,6.147969181760601e-5,Yes,657,studyServergnini_2021,LinDA
KO_68,250.55454224193002,3.2970391955858114,0.7047697484864269,4.67817922472776,3.5154566511794825e-6,7.030913302358966e-5,Yes,657,studyServergnini_2021,LinDA
KO_48,9.491566745756002,3.4306991982850086,0.7864903594693035,4.362035919423,1.4958680365896483e-5,2.3933888585434373e-4,Yes,657,studyServergnini_2021,LinDA
KO_56,0.7607843546504753,3.077499833493127,0.7668238133019535,4.013307594402125,6.676830988777834e-5,8.902441318370446e-4,Yes,657,studyServergnini_2021,LinDA
KO_38,0.5452874241885606,1.8151880635498117,0.49078822427319424,3.6985159255561078,2.3499493771526365e-4,0.002685656431031585,Yes,657,studyServergnini_2021,LinDA
KO_72,6.665609617505737,-2.151681765470802,0.6477514901894298,-3.3217704599051707,9.440459882512572e-4,0.009440459882512572,Yes,657,studyServergnini_2021,LinDA
KO_14,1842.0509019490735,1.1008252021006553,0.3536572800785955,3.112689216678961,0.0019343848018573576,0.016503325375135585,Yes,657,studyServergnini_2021,LinDA
KO_59,0.2448318688466739,1.9741596035947309,0.6381909207130932,3.093368362854286,0.002062915671891948,0.016503325375135585,Yes,657,studyServergnini_2021,LinDA
KO_8,170.87801744043858,3.0362550643373756,1.0858818682610667,2.7961191296062804,0.005323225572427945,0.037301103975741025,Yes,657,studyServergnini_2021,LinDA
KO_37,103.71093027407389,2.6580300757434205,0.9562003021020886,2.7797837648660733,0.005595165596361153,0.037301103975741025,Yes,657,studyServergnini_2021,LinDA
KO_53,105.88744573645776,2.267877787558563,0.9533400755053368,2.3788759602458014,0.017650251270768042,0.10861693089703411,No,657,studyServergnini_2021,LinDA
KO_33,0.24483186884666672,2.2065534709316066,0.9719820653000898,2.270158627104251,0.02352101774797128,0.12544542798918015,No,657,studyServergnini_2021,LinDA
KO_40,21573.448412265912,-0.574708812181295,0.2523214044422742,-2.2776855314816395,0.02306573571252605,0.12544542798918015,No,657,studyServergnini_2021,LinDA
KO_44,3471.4944385147624,0.7834294017912478,0.3858655494703078,2.030317044023989,0.04272664480202828,0.2136332240101414,No,657,studyServergnini_2021,LinDA
KO_54,9.646803879260563,2.181856305197775,1.3055192323909977,1.671255582502455,0.09514740956227062,0.4477525155871559,No,657,studyServergnini_2021,LinDA
KO_4,158.44366494642694,-1.0352082757353331,0.752540862312878,-1.375617361898061,0.1694089231108999,0.5421085539548797,No,657,studyServergnini_2021,LinDA
KO_15,2.6361170955955324,1.473703598340872,1.0115591405777982,1.4568635082463877,0.14563180951228766,0.5421085539548797,No,657,studyServergnini_2021,LinDA
KO_32,35388.513910231995,-0.29529584940762676,0.21367528852700796,-1.3819840911098253,0.16744626900020304,0.5421085539548797,No,657,studyServergnini_2021,LinDA
KO_45,8413.548772070719,-0.23939659084052423,0.16928989731275354,-1.4141221339289523,0.1577997317140815,0.5421085539548797,No,657,studyServergnini_2021,LinDA
KO_71,3555.424395989133,-0.32840745830846496,0.22879617040644906,-1.4353713076799304,0.1516572048948478,0.5421085539548797,No,657,studyServergnini_2021,LinDA
KO_74,5.518321018671957,-1.5000033866220805,1.0179047200935616,-1.4736186570430743,0.14106323913333238,0.5421085539548797,No,657,studyServergnini_2021,LinDA
KO_75,0.24483186884667996,0.5531768276686264,0.37163989402182185,1.488475367060957,0.13710538962332075,0.5421085539548797,No,657,studyServergnini_2021,LinDA
KO_77,5838.033106311961,0.6188480393056307,0.4272222033418445,1.448539037683057,0.1479434278128024,0.5421085539548797,No,657,studyServergnini_2021,LinDA
KO_22,0.24483186884667033,0.9506625871229653,0.7148460132460618,1.3298844359585615,0.1840178505445497,0.5662087709063068,No,657,studyServergnini_2021,LinDA
KO_2,11.84894577812223,-0.9624621031791175,0.7675104086285309,-1.2540052777902349,0.21028607924002615,0.6230698644148923,No,657,studyServergnini_2021,LinDA
KO_43,5466.439173369654,-0.5806382846851911,0.4859950557506879,-1.1947411353564357,0.2326193029136733,0.6581906628950884,No,657,studyServergnini_2021,LinDA
KO_78,18682.903292159695,0.2625638761675564,0.22259092194725527,1.1795803434866632,0.23859411529946953,0.6581906628950884,No,657,studyServergnini_2021,LinDA
KO_31,0.24483186884667874,0.9952052261449156,1.0117349729984997,0.9836619793772725,0.32564383455507506,0.8683835588135335,No,657,studyServergnini_2021,LinDA
KO_29,21339.168975699133,0.2397958970525756,0.25669794630276466,0.9341558844017638,0.3505666822533742,0.8684711012906565,No,657,studyServergnini_2021,LinDA
KO_46,447.25059421528874,-0.6188672296384156,0.6561046419679336,-0.9432447052686178,0.3459024705773027,0.8684711012906565,No,657,studyServergnini_2021,LinDA
KO_65,9603.157672606525,0.2082669582226419,0.22653453716727456,0.9193607333651568,0.3582443292823958,0.8684711012906565,No,657,studyServergnini_2021,LinDA
KO_64,2.2538298208281704,-0.8184125299290109,0.9140299034426355,-0.8953892283463727,0.37090697853355525,0.8727223024318947,No,657,studyServergnini_2021,LinDA
KO_10,157.21387211153097,0.4513449975957541,0.527777047753416,0.8551811783346593,0.392762599416427,0.8728057764809489,No,657,studyServergnini_2021,LinDA
KO_21,21053.88302460556,0.2801216843388758,0.32496566362416907,0.862003945939481,0.3889998566373747,0.8728057764809489,No,657,studyServergnini_2021,LinDA
KO_20,0.24483186884667874,0.5358007125369224,0.6655316905574529,0.8050716744804938,0.42106956743017887,0.8864622472214292,No,657,studyServergnini_2021,LinDA
KO_50,25840.546672815213,-0.16089766051738386,0.1997121511680367,-0.8056478265161015,0.42073742491331145,0.8864622472214292,No,657,studyServergnini_2021,LinDA
KO_23,222.6763367845042,-0.4276823897539578,0.5584247471374455,-0.7658729165322825,0.44402698001634466,0.8880539600326893,No,657,studyServergnini_2021,LinDA
KO_42,4782.526832683754,-0.16188023957100361,0.20685187921184947,-0.7825901325518648,0.43414981023114474,0.8880539600326893,No,657,studyServergnini_2021,LinDA
KO_1,25793.31545883521,-0.05105145160837088,0.20157482336572188,-0.25326303531342825,0.8001441852454791,0.990490200109476,No,657,studyServergnini_2021,LinDA
KO_3,0.24483186884667815,-0.011409756453534925,0.21853571207668845,-0.05221003169281101,0.9583772096689908,0.990490200109476,No,657,studyServergnini_2021,LinDA
KO_5,28519.205038517182,0.017578902809222585,0.21953408071136843,0.08007368492518653,0.936203035904934,0.990490200109476,No,657,studyServergnini_2021,LinDA
KO_6,16194.754398621988,0.04421455012173231,0.22354371213183538,0.19778928112125418,0.8432711120634848,0.990490200109476,No,657,studyServergnini_2021,LinDA
KO_7,37303.361834506184,-0.061729277499867785,0.24191104267064834,-0.255173458881369,0.7986689876880513,0.990490200109476,No,657,studyServergnini_2021,LinDA
KO_9,6.82516347331591,-0.135954108305553,0.8314755674311775,-0.16350944469189846,0.8701676210167312,0.990490200109476,No,657,studyServergnini_2021,LinDA
KO_12,0.24483186884667757,-0.011409756453534703,0.1948148778119521,-0.05856717198235823,0.9533146672817524,0.990490200109476,No,657,studyServergnini_2021,LinDA
KO_13,0.24483186884667513,-0.011409756453522046,0.3713798775438331,-0.030722602767230916,0.9755000955464881,0.990490200109476,No,657,studyServergnini_2021,LinDA
KO_16,39426.16254297819,0.031312996421587636,0.2168116328227921,0.1444248909244684,0.885209253072568,0.990490200109476,No,657,studyServergnini_2021,LinDA
KO_17,32882.66179265635,0.021849939391731188,0.21829762616549261,0.10009242782679932,0.9203014810525824,0.990490200109476,No,657,studyServergnini_2021,LinDA
KO_18,54320.230503775376,-0.003497496744249262,0.2164514518753252,-0.01615834273204044,0.9871129743289765,0.990490200109476,No,657,studyServergnini_2021,LinDA
KO_19,10728.911707476598,0.020843319528525972,0.2272067139114923,0.09173725181662293,0.9269347628569562,0.990490200109476,No,657,studyServergnini_2021,LinDA
KO_24,0.24483186884667937,-0.011409756453535036,0.4252385409623593,-0.02683142602200065,0.9786023355350746,0.990490200109476,No,657,studyServergnini_2021,LinDA
KO_25,94264.5133199502,-0.08989742223234709,0.2046803197904867,-0.43920892015591534,0.6606545749877208,0.990490200109476,No,657,studyServergnini_2021,LinDA
KO_26,34871.33141193416,0.06591908595843965,0.20590418447370107,0.32014446975388744,0.7489606028183122,0.990490200109476,No,657,studyServergnini_2021,LinDA
KO_27,0.24483186884668118,-0.011409756453541475,0.762510487919577,-0.01496340920460215,0.9880659150059361,0.990490200109476,No,657,studyServergnini_2021,LinDA
KO_30,5770.8765199356,0.10766467268975366,0.37733324429661214,0.28533047198227035,0.77548089599718,0.990490200109476,No,657,studyServergnini_2021,LinDA
KO_34,30519.020361424053,0.04425775811551719,0.21554117855840502,0.20533319160414953,0.8373754149861519,0.990490200109476,No,657,studyServergnini_2021,LinDA
KO_35,24494.926431721717,-0.024510665282421296,0.21859694069613783,-0.11212721094982071,0.9107567904913112,0.990490200109476,No,657,studyServergnini_2021,LinDA
KO_36,23723.475672066,0.07625754963328002,0.21323170048347617,0.3576276391379686,0.7207368468032006,0.990490200109476,No,657,studyServergnini_2021,LinDA
KO_39,0.24483186884667635,-0.011409756453516828,0.39228327798659424,-0.029085502986713446,0.9768052305176795,0.990490200109476,No,657,studyServergnini_2021,LinDA
KO_41,17790.970352435645,0.12655446749073512,0.27420919836775065,0.4615252451196364,0.6445745773413936,0.990490200109476,No,657,studyServergnini_2021,LinDA
KO_47,10926.134937123561,-0.009007501768703352,0.21219183893441512,-0.04244980303642789,0.9661530243001736,0.990490200109476,No,657,studyServergnini_2021,LinDA
KO_49,2895.1418654153817,0.2437859535471183,0.6795605789000332,0.3587405760671418,0.7199044190175722,0.990490200109476,No,657,studyServergnini_2021,LinDA
KO_52,46245.015101670964,-0.019833530654840947,0.2049336862891961,-0.09678023664129323,0.9229304334593795,0.990490200109476,No,657,studyServergnini_2021,LinDA
KO_55,0.24483186884667996,-0.011409756453540365,0.9569064776179643,-0.011923585763514499,0.990490200109476,0.990490200109476,No,657,studyServergnini_2021,LinDA
KO_57,16762.883353965182,0.06480985045602061,0.21500142118777038,0.3014391723458389,0.7631750091820615,0.990490200109476,No,657,studyServergnini_2021,LinDA
KO_58,0.24483186884667757,-0.011409756453534703,0.1948148778119521,-0.05856717198235823,0.9533146672817524,0.990490200109476,No,657,studyServergnini_2021,LinDA
KO_60,33300.91349466981,0.004850663439216696,0.22175769348168492,0.021873709827421678,0.9825553376526761,0.990490200109476,No,657,studyServergnini_2021,LinDA
KO_61,15129.142939834253,-0.036189478247849904,0.23225322763307654,-0.1558190541275214,0.8762235137693198,0.990490200109476,No,657,studyServergnini_2021,LinDA
KO_62,26097.18364870049,-0.033890197207894435,0.2165830785498259,-0.15647666214190342,0.8757053829602908,0.990490200109476,No,657,studyServergnini_2021,LinDA
KO_63,39916.03794223168,-0.09726973537728367,0.1974269660287816,-0.49268718115793436,0.6223982458512591,0.990490200109476,No,657,studyServergnini_2021,LinDA
KO_66,18457.980731719803,-0.023534165133952456,0.21321036690212095,-0.11038002267852363,0.9121417040885554,0.990490200109476,No,657,studyServergnini_2021,LinDA
KO_67,6156.046295093778,0.08916264637791,0.2113916629530802,0.42178884981712944,0.673317117611845,0.990490200109476,No,657,studyServergnini_2021,LinDA
KO_69,23564.86775111981,0.0686755414201678,0.22522162221400455,0.3049242818920495,0.7605203909999674,0.990490200109476,No,657,studyServergnini_2021,LinDA
KO_70,0.24483186884667996,-0.011409756453537034,0.7702169002720275,-0.01481369267476123,0.9881853128125855,0.990490200109476,No,657,studyServergnini_2021,LinDA
KO_73,1.484006837473876,-0.008739600587816199,0.6714494492844135,-0.013016021678371004,0.9896189618556956,0.990490200109476,No,657,studyServergnini_2021,LinDA
KO_76,0.2448318688466691,-0.011409756453492959,0.6641354490530073,-0.017179863640409746,0.9862983420435651,0.990490200109476,No,657,studyServergnini_2021,LinDA
KO_79,28238.521053382858,-0.03103821920672889,0.2018993680498108,-0.1537311359938057,0.8778689404592283,0.990490200109476,No,657,studyServergnini_2021,LinDA
KO_80,65745.7892667965,-0.03292382362930679,0.1912993257449874,-0.1721063234336543,0.8634069411129277,0.990490200109476,No,657,studyServergnini_2021,LinDA
