Species,baseMean,log2FoldChange,lfcSE,stat,pvalue,padj,reject,df,name,method
f__Bacteroidaceae_g__Prevotella_s__melaninogenica,300.55677698282864,1.9973037587830682,0.2471962673053975,8.079829766666776,3.113607031141637e-15,2.3040692030448115e-13,Yes,657,health_statusHIV,LinDA
f__Lactobacillaceae_g__Lactobacillus_s__hominis,300.55677698282676,2.160517057765729,0.6017469943010338,3.590407726548435,3.5477523576001594e-4,0.01312668372312059,Yes,657,health_statusHIV,LinDA
f__Bradymonadaceae_g__Lujinxingia_s__litoralis,300.55677698282835,-0.7999767621793327,0.25517383063653604,-3.1350266607816923,0.001794992762162777,0.0442764881333485,Yes,657,health_statusHIV,LinDA
f__Atopobiaceae_g__Fannyhessea_s__massiliense,300.55677698282835,1.002011125250302,0.43378508145383127,2.3099252788778726,0.021201354542754482,0.39222505904095795,No,657,health_statusHIV,LinDA
f__Peptoniphilaceae_g__Peptoniphilus_A_s__gorbachii,300.5567769828281,-1.1994813006549383,0.5707182834711456,-2.1017047033426284,0.0359593176086784,0.5321979006084403,No,657,health_statusHIV,LinDA
f__Bacteroidaceae_g__Prevotella_s__buccalis,3581.172432286633,1.7239179130581415,0.9046986898963802,1.9055160931598016,0.05714925167564373,0.7048407706662727,No,657,health_statusHIV,LinDA
f__Aerococcaceae_g__Aerococcus_s__christensenii,300.55677698282784,-1.4688445442662204,0.9772214118718249,-1.5030826447536725,0.13329823442099428,0.9231492264717905,No,657,health_statusHIV,LinDA
f__Lactobacillaceae_g__Lactobacillus_s__crispatus,13134.152583192059,-2.818229783038038,2.0139316566892007,-1.3993671402291088,0.16217486410990914,0.9231492264717905,No,657,health_statusHIV,LinDA
f__Mycoplasmoidaceae_g__Ureaplasma_s__urealyticum,467.0437216950581,-1.4259848162319806,0.9016113420037943,-1.581595915888533,0.11422310516941664,0.9231492264717905,No,657,health_statusHIV,LinDA
f__Peptoniphilaceae_g__Parvimonas_s__parva,300.5567769828284,0.4047076969574815,0.2857780054761716,1.4161611082810441,0.15720225290520395,0.9231492264717905,No,657,health_statusHIV,LinDA
f__Streptococcaceae_g__Streptococcus_s__agalactiae,300.5567769828286,-0.44570480600411605,0.315852060154682,-1.41111888200394,0.15868290986046163,0.9231492264717905,No,657,health_statusHIV,LinDA
f__Streptococcaceae_g__Streptococcus_s__anginosus,300.55677698282557,-1.4090687650300784,0.9243758688904277,-1.5243461155270643,0.1279034649578299,0.9231492264717905,No,657,health_statusHIV,LinDA
f__Veillonellaceae_g__Veillonella_A_s__montpellierensis,300.55677698282784,1.1799305290655435,0.7723561494157369,1.5277026407546879,0.1270676521302808,0.9231492264717905,No,657,health_statusHIV,LinDA
f__Leptotrichiaceae_g__Sneathia_s__sanguinegens,300.55677698282796,1.222047432557886,0.899689224650609,1.3582995095139254,0.1748348855094448,0.9241272519784939,No,657,health_statusHIV,LinDA
f__Bacteroidaceae_g__Prevotella_s__bivia,300.5567769828259,-1.6946544197918003,1.303407448643927,-1.3001724223341895,0.1939978020677086,0.9570558235340292,No,657,health_statusHIV,LinDA
f__Aerococcaceae_g__Granulicatella_s__elegans,300.5567769828285,4.392037119213543e-5,0.17644014663015464,2.4892504359679094e-4,0.999801462114458,0.9999727061324235,No,657,health_statusHIV,LinDA
f__Atopobiaceae_g__Fannyhessea_s__vaginae,467.04372169505314,-0.17832929391155553,1.3900049255285771,-0.12829400143581668,0.8979555723044489,0.9999727061324235,No,657,health_statusHIV,LinDA
f__Atopobiaceae_g__Lancefieldella_s__rimae,300.5567769828285,4.392037119213543e-5,0.17644014663015464,2.4892504359679094e-4,0.999801462114458,0.9999727061324235,No,657,health_statusHIV,LinDA
f__Bacteroidaceae_g__Prevotella_s__amnii,300.5567769828283,0.3353071825723328,0.9709154300182999,0.3453515849119968,0.7299406104916075,0.9999727061324235,No,657,health_statusHIV,LinDA
f__Bacteroidaceae_g__Prevotella_s__copri,300.5567769828285,4.392037119213543e-5,0.17644014663015464,2.4892504359679094e-4,0.999801462114458,0.9999727061324235,No,657,health_statusHIV,LinDA
f__Bacteroidaceae_g__Prevotella_s__denticola,300.5567769828285,4.392037119213543e-5,0.17644014663015464,2.4892504359679094e-4,0.999801462114458,0.9999727061324235,No,657,health_statusHIV,LinDA
f__Bacteroidaceae_g__Prevotella_s__disiens,300.5567769828285,4.392037119213543e-5,0.17644014663015464,2.4892504359679094e-4,0.999801462114458,0.9999727061324235,No,657,health_statusHIV,LinDA
f__Bacteroidaceae_g__Prevotella_s__sp000758925,300.5567769828285,4.392037119213543e-5,0.17644014663015464,2.4892504359679094e-4,0.999801462114458,0.9999727061324235,No,657,health_statusHIV,LinDA
f__Bacteroidaceae_g__Prevotella_s__sp001553265,300.5567769828285,4.392037119213543e-5,0.17644014663015464,2.4892504359679094e-4,0.999801462114458,0.9999727061324235,No,657,health_statusHIV,LinDA
f__Bacteroidaceae_g__Prevotella_s__timonensis,300.5567769828274,-1.1600866355442558,1.0425804632679276,-1.1127070537155566,0.2662412230122187,0.9999727061324235,No,657,health_statusHIV,LinDA
f__Bifidobacteriaceae_g__Bifidobacterium_388775_s__Bifidobacterium breve,300.5567769828285,4.392037119213543e-5,0.17644014663015464,2.4892504359679094e-4,0.999801462114458,0.9999727061324235,No,657,health_statusHIV,LinDA
f__Bifidobacteriaceae_g__Bifidobacterium_388775_s__Bifidobacterium dentium,300.5567769828285,4.392037119213543e-5,0.17644014663015464,2.4892504359679094e-4,0.999801462114458,0.9999727061324235,No,657,health_statusHIV,LinDA
f__Bifidobacteriaceae_g__Bifidobacterium_388775_s__Bifidobacterium leopoldii,36663.71589723447,1.6707476182891359,1.7985085480907868,0.9289628453880433,0.35324951157094053,0.9999727061324235,No,657,health_statusHIV,LinDA
f__Bifidobacteriaceae_g__Bifidobacterium_388775_s__Bifidobacterium longum,300.5567769828285,4.392037119213543e-5,0.17644014663015464,2.4892504359679094e-4,0.999801462114458,0.9999727061324235,No,657,health_statusHIV,LinDA
f__Bifidobacteriaceae_g__Bifidobacterium_388775_s__Bifidobacterium swidsinskii,300.5567769828286,4.392037119680878e-5,0.3922969707253002,1.1195694709445853e-4,0.9999107052652876,0.9999727061324235,No,657,health_statusHIV,LinDA
f__Bifidobacteriaceae_g__Bifidobacterium_388775_s__Bifidobacterium vaginale,3597.7196313738514,-0.5230031888395178,1.7301935990008077,-0.30228015474196285,0.7625341735360716,0.9999727061324235,No,657,health_statusHIV,LinDA
f__Clostridiaceae_222000_g__Clostridium_P_s__massiliamazoniense,300.5567769828285,4.392037119213543e-5,0.17644014663015464,2.4892504359679094e-4,0.999801462114458,0.9999727061324235,No,657,health_statusHIV,LinDA
f__Dialisteraceae_g__Dialister_s__micraerophilus,300.5567769828269,-0.38711300050330333,0.8879614851950988,-0.4359569721858473,0.6630111535284786,0.9999727061324235,No,657,health_statusHIV,LinDA
f__Dialisteraceae_g__Dialister_s__sp001553355,300.55677698282824,0.5311323173872203,0.6376030353604998,0.8330140980067934,0.4051394926997045,0.9999727061324235,No,657,health_statusHIV,LinDA
f__Eggerthellaceae_g__Berryella_s__sp001552935,300.55677698282824,4.392037121111331e-5,0.5930217317790452,7.406199276939426e-5,0.9999409295610855,0.9999727061324235,No,657,health_statusHIV,LinDA
f__Enterobacteriaceae_A_g__Escherichia_710834_s__Escherichia coli,300.55677698282835,-0.0025632933702530863,0.3220797966491548,-0.007958566159445608,0.9936524658768631,0.9999727061324235,No,657,health_statusHIV,LinDA
f__Enterococcaceae_g__Enterococcus_H_360604_s__faecalis,300.5567769828285,4.392037119213543e-5,0.17644014663015464,2.4892504359679094e-4,0.999801462114458,0.9999727061324235,No,657,health_statusHIV,LinDA
f__Fastidiosipilaceae_g__KA00274_s__sp001552885,1319.564066963813,0.25064955656463184,0.8503659664050236,0.29475492489929817,0.768274213542519,0.9999727061324235,No,657,health_statusHIV,LinDA
f__Fastidiosipilaceae_g__Mageeibacillus_s__indolicus,300.5567769828285,4.392037119213543e-5,0.17644014663015464,2.4892504359679094e-4,0.999801462114458,0.9999727061324235,No,657,health_statusHIV,LinDA
f__Fusobacteriaceae_993521_g__Fusobacterium_C_s__animalis,300.5567769828285,4.392037119213543e-5,0.17644014663015464,2.4892504359679094e-4,0.999801462114458,0.9999727061324235,No,657,health_statusHIV,LinDA
f__Fusobacteriaceae_993521_g__Fusobacterium_C_s__gonidiaformans,300.5567769828285,4.392037119213543e-5,0.17644014663015464,2.4892504359679094e-4,0.999801462114458,0.9999727061324235,No,657,health_statusHIV,LinDA
f__Gemellaceae_g__Gemella_s__asaccharolytica,300.5567769828281,-0.22030825857623318,0.5058751335445811,-0.4354992842454434,0.6633430939389617,0.9999727061324235,No,657,health_statusHIV,LinDA
f__Lachnospiraceae_g__UBA629_s__sp005465875,4686.801756221538,0.773334387849388,0.8682329236987587,0.8906992199223528,0.3734166041531889,0.9999727061324235,No,657,health_statusHIV,LinDA
f__Lactobacillaceae_g__Lacticaseibacillus_s__paracasei,300.5567769828285,4.392037119213543e-5,0.17644014663015464,2.4892504359679094e-4,0.999801462114458,0.9999727061324235,No,657,health_statusHIV,LinDA
f__Lactobacillaceae_g__Lacticaseibacillus_s__rhamnosus,300.5567769828285,4.392037119213543e-5,0.17644014663015464,2.4892504359679094e-4,0.999801462114458,0.9999727061324235,No,657,health_statusHIV,LinDA
f__Lactobacillaceae_g__Lactobacillus_s__acidophilus,300.55677698283364,4.392037119900147e-5,0.9039103174475118,4.858930178275328e-5,0.999961246095642,0.9999727061324235,No,657,health_statusHIV,LinDA
f__Lactobacillaceae_g__Lactobacillus_s__delbrueckii,300.5567769828285,4.392037119213543e-5,0.17644014663015464,2.4892504359679094e-4,0.999801462114458,0.9999727061324235,No,657,health_statusHIV,LinDA
f__Lactobacillaceae_g__Lactobacillus_s__gallinarum,300.5567769828285,4.3920371200014546e-5,0.6153221066961487,7.137785352103853e-5,0.9999430703795715,0.9999727061324235,No,657,health_statusHIV,LinDA
f__Lactobacillaceae_g__Lactobacillus_s__gasseri_329736,1164.767564871584,4.392037118510286e-5,1.0439266429423342,4.2072277283116525e-5,0.9999664439506168,0.9999727061324235,No,657,health_statusHIV,LinDA
f__Lactobacillaceae_g__Lactobacillus_s__helveticus,300.5567769828285,4.392037119213543e-5,0.17644014663015464,2.4892504359679094e-4,0.999801462114458,0.9999727061324235,No,657,health_statusHIV,LinDA
f__Lactobacillaceae_g__Lactobacillus_s__iners,885611.8202580397,1.7166204500914193,1.8730512102353494,0.9164834579593397,0.3597496567915709,0.9999727061324235,No,657,health_statusHIV,LinDA
f__Lactobacillaceae_g__Lactobacillus_s__jensenii_330180,3312.9089595619075,0.5336335720681863,1.7911758303135317,0.2979236114272365,0.765855653035161,0.9999727061324235,No,657,health_statusHIV,LinDA
f__Lactobacillaceae_g__Lactobacillus_s__johnsonii,300.5567769828323,4.392037118928008e-5,1.283440461181436,3.42208092371113e-5,0.9999727061324235,0.9999727061324235,No,657,health_statusHIV,LinDA
f__Lactobacillaceae_g__Limosilactobacillus_s__fermentum,300.5567769828285,4.392037119213543e-5,0.17644014663015464,2.4892504359679094e-4,0.999801462114458,0.9999727061324235,No,657,health_statusHIV,LinDA
f__Lactobacillaceae_g__Limosilactobacillus_s__reuteri,348.57683843750243,4.3920371207806924e-5,0.985660746518395,4.45593185717752e-5,0.9999644603337166,0.9999727061324235,No,657,health_statusHIV,LinDA
f__Lactobacillaceae_g__Limosilactobacillus_s__vaginalis,300.5567769828285,4.392037119213543e-5,0.17644014663015464,2.4892504359679094e-4,0.999801462114458,0.9999727061324235,No,657,health_statusHIV,LinDA
f__Leptotrichiaceae_g__Sneathia_s__vaginalis,870.5851490343919,0.1649386262519817,1.0009274661322378,0.16478579300989107,0.8691632728521428,0.9999727061324235,No,657,health_statusHIV,LinDA
f__Leptotrichiaceae_g__Streptobacillus_993623_s__Streptobacillus moniliformis,300.556776982828,0.1207189872136766,0.7862373683091964,0.15354012932924163,0.8780194936944525,0.9999727061324235,No,657,health_statusHIV,LinDA
f__Megasphaeraceae_g__Megasphaera_A_38692_s__hutchinsoni,300.5567769828285,4.392037119213543e-5,0.17644014663015464,2.4892504359679094e-4,0.999801462114458,0.9999727061324235,No,657,health_statusHIV,LinDA
f__Megasphaeraceae_g__Megasphaera_A_38692_s__lornae,25497.248353869192,0.16723133616414496,1.3898938264389156,0.12031950425494936,0.9042668387550648,0.9999727061324235,No,657,health_statusHIV,LinDA
f__Metamycoplasmataceae_g__Metamycoplasma_s__hominis,300.5567769828282,-0.15940577556956445,0.6605166212902717,-0.24133499511061016,0.8093707886649832,0.9999727061324235,No,657,health_statusHIV,LinDA
f__Mycobacteriaceae_g__Corynebacterium_s__tuberculostearicum,300.55677698282824,-0.42811375577763217,0.5700041259287979,-0.7510713279137036,0.45287865800963056,0.9999727061324235,No,657,health_statusHIV,LinDA
f__Mycoplasmoidaceae_g__Malacoplasma_A_271179_s__girerdii,300.5567769828285,4.392037119213543e-5,0.17644014663015464,2.4892504359679094e-4,0.999801462114458,0.9999727061324235,No,657,health_statusHIV,LinDA
f__Mycoplasmoidaceae_g__Ureaplasma_s__parvum,300.5567769828285,0.3333850743595571,0.7565519021510988,0.44066385057210966,0.6596013244821797,0.9999727061324235,No,657,health_statusHIV,LinDA
f__Nanoperiomorbaceae_g__Nanoperiomorbus_s__sp004136275,1387.7238263935096,0.14819567288399668,0.6442884429352009,0.23001448265757796,0.8181521112890995,0.9999727061324235,No,657,health_statusHIV,LinDA
f__Neisseriaceae_563222_g__Neisseria_563205_s__Neisseria gonorrhoeae,300.5567769828285,4.392037119213543e-5,0.17644014663015464,2.4892504359679094e-4,0.999801462114458,0.9999727061324235,No,657,health_statusHIV,LinDA
f__Peptoniphilaceae_g__Anaerococcus_s__prevotii,300.5567769828284,0.10340197367953907,0.3475863594411454,0.2974857064177959,0.7661897568101675,0.9999727061324235,No,657,health_statusHIV,LinDA
f__Peptoniphilaceae_g__Finegoldia_s__magna_H,456.86217412579265,4.392037120915654e-5,0.6379572019126368,6.884532548183552e-5,0.9999450902758369,0.9999727061324235,No,657,health_statusHIV,LinDA
f__Peptostreptococcaceae_256921_g__Peptostreptococcus_s__anaerobius,300.55677698282824,-0.572664976864424,0.6599037633099768,-0.8678007441449093,0.3858202761129351,0.9999727061324235,No,657,health_statusHIV,LinDA
f__Porphyromonadaceae_g__Porphyromonas_A_859424_s__uenonis,300.5567769828285,4.392037119213543e-5,0.17644014663015464,2.4892504359679094e-4,0.999801462114458,0.9999727061324235,No,657,health_statusHIV,LinDA
f__Sphingomonadaceae_g__Sphingomonas_L_486704_s__aerolata,300.55677698282955,4.3920371171349976e-5,0.7671251947305409,5.725319866045773e-5,0.9999543359360326,0.9999727061324235,No,657,health_statusHIV,LinDA
f__Staphylococcaceae_g__Staphylococcus_s__aureus_317625,300.5567769828285,4.392037119213543e-5,0.17644014663015464,2.4892504359679094e-4,0.999801462114458,0.9999727061324235,No,657,health_statusHIV,LinDA
f__Streptococcaceae_g__Streptococcus_s__infantarius,300.5567769828285,4.392037119213543e-5,0.17644014663015464,2.4892504359679094e-4,0.999801462114458,0.9999727061324235,No,657,health_statusHIV,LinDA
f__Streptococcaceae_g__Streptococcus_s__oralis_E_351036,300.5567769828285,4.392037119213543e-5,0.17644014663015464,2.4892504359679094e-4,0.999801462114458,0.9999727061324235,No,657,health_statusHIV,LinDA
f__Lachnospiraceae_g__UBA629_s__sp005465875,4686.801756221538,-3.7923197854393096,0.4359195668346904,-8.699586056611757,2.6651812816409834e-17,1.9722341484143278e-15,Yes,657,studyKervinen_2022,LinDA
f__Megasphaeraceae_g__Megasphaera_A_38692_s__lornae,25497.248353869192,-5.479905308411349,0.6978333788430241,-7.8527417497523295,1.662019433955333e-14,6.149471905634732e-13,Yes,657,studyKervinen_2022,LinDA
f__Bacteroidaceae_g__Prevotella_s__buccalis,3581.172432286633,-3.4169921653669393,0.4542281803084149,-7.52263358703735,1.7713726399037262e-13,4.369385845095858e-12,Yes,657,studyKervinen_2022,LinDA
f__Nanoperiomorbaceae_g__Nanoperiomorbus_s__sp004136275,1387.7238263935096,-2.2070110273834587,0.32348224916929796,-6.822665024282045,2.0319516429925423e-11,3.7591105395362034e-10,Yes,657,studyKervinen_2022,LinDA
f__Lactobacillaceae_g__Lactobacillus_s__crispatus,13134.152583192059,6.234006629284909,1.011148266157235,6.165274508135794,1.2284152139860998e-9,1.818054516699428e-8,Yes,657,studyKervinen_2022,LinDA
f__Sphingomonadaceae_g__Sphingomonas_L_486704_s__aerolata,300.55677698282955,1.7863285742151669,0.3851557266111457,4.637938503297003,4.247487339808997e-6,5.238567719097764e-5,Yes,657,studyKervinen_2022,LinDA
f__Fastidiosipilaceae_g__KA00274_s__sp001552885,1319.564066963813,-1.8766516790178314,0.4269489829377346,-4.395493967698521,1.2886232651823506e-5,1.2466205504487777e-4,Yes,657,studyKervinen_2022,LinDA
f__Lactobacillaceae_g__Lactobacillus_s__johnsonii,300.5567769828323,2.8259278800025447,0.6443856189107642,4.3854608127030295,1.347697892377057e-5,1.2466205504487777e-4,Yes,657,studyKervinen_2022,LinDA
f__Lactobacillaceae_g__Lactobacillus_s__gasseri_329736,1164.767564871584,-1.9543326311064204,0.5241312988454522,-3.728708122204097,2.090710569276159e-4,0.0017190286902937306,Yes,657,studyKervinen_2022,LinDA
f__Lactobacillaceae_g__Lactobacillus_s__acidophilus,300.55677698283364,1.598110061592981,0.45383235682944445,3.5213665080155794,4.5903566891304767e-4,0.003396863949956553,Yes,657,studyKervinen_2022,LinDA
f__Atopobiaceae_g__Fannyhessea_s__vaginae,467.04372169505314,2.1561106285171436,0.6978891591131788,3.0894743103001554,0.002089753066429777,0.01405833881052759,Yes,657,studyKervinen_2022,LinDA
f__Lactobacillaceae_g__Lactobacillus_s__gallinarum,300.5567769828285,0.9294387069357206,0.3089389251355544,3.008486892766611,0.002725946069125767,0.0168100007596089,Yes,657,studyKervinen_2022,LinDA
f__Bifidobacteriaceae_g__Bifidobacterium_388775_s__Bifidobacterium leopoldii,36663.71589723447,-2.6884855244563997,0.9029893313562495,-2.9773170414078036,0.0030148529271237733,0.01716147050824302,Yes,657,studyKervinen_2022,LinDA
f__Lactobacillaceae_g__Limosilactobacillus_s__reuteri,348.57683843750243,1.406099008710113,0.4948773467813503,2.8413080894797234,0.004632141984300301,0.02448417905987302,Yes,657,studyKervinen_2022,LinDA
f__Streptococcaceae_g__Streptococcus_s__anginosus,300.55677698282557,1.2746230223334596,0.46410763443815706,2.7463952922827963,0.006190425077172597,0.030539430380718144,Yes,657,studyKervinen_2022,LinDA
f__Lactobacillaceae_g__Lactobacillus_s__jensenii_330180,3312.9089595619075,2.3358465996282365,0.8993077442268824,2.597382947743121,0.009604086175805134,0.044418898563098747,Yes,657,studyKervinen_2022,LinDA
f__Bifidobacteriaceae_g__Bifidobacterium_388775_s__Bifidobacterium swidsinskii,300.5567769828286,0.4558713059564649,0.19696318911820893,2.314500024077445,0.020947759169400202,0.08611856547420083,No,657,studyKervinen_2022,LinDA
f__Leptotrichiaceae_g__Sneathia_s__vaginalis,870.5851490343919,-1.1734756489346974,0.5025424117879869,-2.3350778390218028,0.019839539479510494,0.08611856547420083,No,657,studyKervinen_2022,LinDA
f__Lactobacillaceae_g__Lactobacillus_s__iners,885611.8202580397,-1.9298045254831604,0.9404154690962607,-2.0520765437192376,0.040557971905456236,0.1579626274212506,No,657,studyKervinen_2022,LinDA
f__Bacteroidaceae_g__Prevotella_s__bivia,300.5567769828259,1.317178769432894,0.6544105791352197,2.012771204239239,0.04454620024704051,0.1648209409140499,No,657,studyKervinen_2022,LinDA
f__Bacteroidaceae_g__Prevotella_s__timonensis,300.5567769828274,0.8778195516816182,0.5234554133261045,1.6769710071462198,0.09402382556181313,0.3313220519797224,No,657,studyKervinen_2022,LinDA
f__Aerococcaceae_g__Aerococcus_s__christensenii,300.55677698282784,0.7359708692052541,0.49064015304786063,1.5000216852073707,0.13408915684965964,0.45102716394885517,No,657,studyKervinen_2022,LinDA
f__Eggerthellaceae_g__Berryella_s__sp001552935,300.55677698282824,0.385502167549633,0.29774242531531964,1.2947505453459403,0.19586113146033565,0.6301619012202104,No,657,studyKervinen_2022,LinDA
f__Streptococcaceae_g__Streptococcus_s__agalactiae,300.5567769828286,0.1613785749845905,0.15858197666579735,1.0176350325402161,0.3092260207427123,0.9534468972900297,No,657,studyKervinen_2022,LinDA
f__Aerococcaceae_g__Granulicatella_s__elegans,300.5567769828285,-2.7755575615628914e-16,0.08858649584907032,-3.133161025233193e-15,0.9999999999999976,0.9999999999999986,No,657,studyKervinen_2022,LinDA
f__Atopobiaceae_g__Fannyhessea_s__massiliense,300.55677698282835,5.117434254131581e-16,0.21779340502447173,2.3496736522194396e-15,0.9999999999999981,0.9999999999999986,No,657,studyKervinen_2022,LinDA
f__Atopobiaceae_g__Lancefieldella_s__rimae,300.5567769828285,-2.7755575615628914e-16,0.08858649584907032,-3.133161025233193e-15,0.9999999999999976,0.9999999999999986,No,657,studyKervinen_2022,LinDA
f__Bacteroidaceae_g__Prevotella_s__amnii,300.5567769828283,0.30842952633812565,0.48747406615686206,0.632709610112628,0.52714343426259,0.9999999999999986,No,657,studyKervinen_2022,LinDA
f__Bacteroidaceae_g__Prevotella_s__copri,300.5567769828285,-2.7755575615628914e-16,0.08858649584907032,-3.133161025233193e-15,0.9999999999999976,0.9999999999999986,No,657,studyKervinen_2022,LinDA
f__Bacteroidaceae_g__Prevotella_s__denticola,300.5567769828285,-2.7755575615628914e-16,0.08858649584907032,-3.133161025233193e-15,0.9999999999999976,0.9999999999999986,No,657,studyKervinen_2022,LinDA
f__Bacteroidaceae_g__Prevotella_s__disiens,300.5567769828285,-2.7755575615628914e-16,0.08858649584907032,-3.133161025233193e-15,0.9999999999999976,0.9999999999999986,No,657,studyKervinen_2022,LinDA
f__Bacteroidaceae_g__Prevotella_s__melaninogenica,300.55677698282864,2.203098814490545e-16,0.1241114991445645,1.7750964493019183e-15,0.9999999999999986,0.9999999999999986,No,657,studyKervinen_2022,LinDA
f__Bacteroidaceae_g__Prevotella_s__sp000758925,300.5567769828285,-2.7755575615628914e-16,0.08858649584907032,-3.133161025233193e-15,0.9999999999999976,0.9999999999999986,No,657,studyKervinen_2022,LinDA
f__Bacteroidaceae_g__Prevotella_s__sp001553265,300.5567769828285,-2.7755575615628914e-16,0.08858649584907032,-3.133161025233193e-15,0.9999999999999976,0.9999999999999986,No,657,studyKervinen_2022,LinDA
f__Bifidobacteriaceae_g__Bifidobacterium_388775_s__Bifidobacterium breve,300.5567769828285,-2.7755575615628914e-16,0.08858649584907032,-3.133161025233193e-15,0.9999999999999976,0.9999999999999986,No,657,studyKervinen_2022,LinDA
f__Bifidobacteriaceae_g__Bifidobacterium_388775_s__Bifidobacterium dentium,300.5567769828285,-2.7755575615628914e-16,0.08858649584907032,-3.133161025233193e-15,0.9999999999999976,0.9999999999999986,No,657,studyKervinen_2022,LinDA
f__Bifidobacteriaceae_g__Bifidobacterium_388775_s__Bifidobacterium longum,300.5567769828285,-2.7755575615628914e-16,0.08858649584907032,-3.133161025233193e-15,0.9999999999999976,0.9999999999999986,No,657,studyKervinen_2022,LinDA
f__Bifidobacteriaceae_g__Bifidobacterium_388775_s__Bifidobacterium vaginale,3597.7196313738514,0.6177746422697801,0.8686899835628341,0.7111566312023617,0.47723957643550563,0.9999999999999986,No,657,studyKervinen_2022,LinDA
f__Bradymonadaceae_g__Lujinxingia_s__litoralis,300.55677698282835,8.387388006347862e-15,0.12811684823555658,6.546670576009448e-14,0.9999999999999478,0.9999999999999986,No,657,studyKervinen_2022,LinDA
f__Clostridiaceae_222000_g__Clostridium_P_s__massiliamazoniense,300.5567769828285,-2.7755575615628914e-16,0.08858649584907032,-3.133161025233193e-15,0.9999999999999976,0.9999999999999986,No,657,studyKervinen_2022,LinDA
f__Dialisteraceae_g__Dialister_s__micraerophilus,300.5567769828269,1.0397932515004982e-14,0.4458248189243243,2.3322910869100718e-14,0.9999999999999813,0.9999999999999986,No,657,studyKervinen_2022,LinDA
f__Dialisteraceae_g__Dialister_s__sp001553355,300.55677698282824,1.1466522176206695e-15,0.3201256614443567,3.58188160376508e-15,0.9999999999999971,0.9999999999999986,No,657,studyKervinen_2022,LinDA
f__Enterobacteriaceae_A_g__Escherichia_710834_s__Escherichia coli,300.55677698282835,5.325601071248798e-16,0.16170877838101666,3.29332836755508e-15,0.9999999999999973,0.9999999999999986,No,657,studyKervinen_2022,LinDA
f__Enterococcaceae_g__Enterococcus_H_360604_s__faecalis,300.5567769828285,-2.7755575615628914e-16,0.08858649584907032,-3.133161025233193e-15,0.9999999999999976,0.9999999999999986,No,657,studyKervinen_2022,LinDA
f__Fastidiosipilaceae_g__Mageeibacillus_s__indolicus,300.5567769828285,-2.7755575615628914e-16,0.08858649584907032,-3.133161025233193e-15,0.9999999999999976,0.9999999999999986,No,657,studyKervinen_2022,LinDA
f__Fusobacteriaceae_993521_g__Fusobacterium_C_s__animalis,300.5567769828285,-2.7755575615628914e-16,0.08858649584907032,-3.133161025233193e-15,0.9999999999999976,0.9999999999999986,No,657,studyKervinen_2022,LinDA
f__Fusobacteriaceae_993521_g__Fusobacterium_C_s__gonidiaformans,300.5567769828285,-2.7755575615628914e-16,0.08858649584907032,-3.133161025233193e-15,0.9999999999999976,0.9999999999999986,No,657,studyKervinen_2022,LinDA
f__Gemellaceae_g__Gemella_s__asaccharolytica,300.5567769828281,1.1397133237167623e-15,0.2539881442732604,4.4872697777994284e-15,0.9999999999999964,0.9999999999999986,No,657,studyKervinen_2022,LinDA
f__Lactobacillaceae_g__Lacticaseibacillus_s__paracasei,300.5567769828285,-2.7755575615628914e-16,0.08858649584907032,-3.133161025233193e-15,0.9999999999999976,0.9999999999999986,No,657,studyKervinen_2022,LinDA
f__Lactobacillaceae_g__Lacticaseibacillus_s__rhamnosus,300.5567769828285,-2.7755575615628914e-16,0.08858649584907032,-3.133161025233193e-15,0.9999999999999976,0.9999999999999986,No,657,studyKervinen_2022,LinDA
f__Lactobacillaceae_g__Lactobacillus_s__delbrueckii,300.5567769828285,-2.7755575615628914e-16,0.08858649584907032,-3.133161025233193e-15,0.9999999999999976,0.9999999999999986,No,657,studyKervinen_2022,LinDA
f__Lactobacillaceae_g__Lactobacillus_s__helveticus,300.5567769828285,-2.7755575615628914e-16,0.08858649584907032,-3.133161025233193e-15,0.9999999999999976,0.9999999999999986,No,657,studyKervinen_2022,LinDA
f__Lactobacillaceae_g__Lactobacillus_s__hominis,300.55677698282676,1.614680611439212e-14,0.30212317678797856,5.3444447016799006e-14,0.9999999999999574,0.9999999999999986,No,657,studyKervinen_2022,LinDA
f__Lactobacillaceae_g__Limosilactobacillus_s__fermentum,300.5567769828285,-2.7755575615628914e-16,0.08858649584907032,-3.133161025233193e-15,0.9999999999999976,0.9999999999999986,No,657,studyKervinen_2022,LinDA
f__Lactobacillaceae_g__Limosilactobacillus_s__vaginalis,300.5567769828285,-2.7755575615628914e-16,0.08858649584907032,-3.133161025233193e-15,0.9999999999999976,0.9999999999999986,No,657,studyKervinen_2022,LinDA
f__Leptotrichiaceae_g__Sneathia_s__sanguinegens,300.55677698282796,5.30825383648903e-15,0.4517130442655346,1.1751384875590686e-14,0.9999999999999907,0.9999999999999986,No,657,studyKervinen_2022,LinDA
f__Leptotrichiaceae_g__Streptobacillus_993623_s__Streptobacillus moniliformis,300.556776982828,6.79664657887713e-15,0.3947515046567242,1.72175317856926e-14,0.9999999999999862,0.9999999999999986,No,657,studyKervinen_2022,LinDA
f__Megasphaeraceae_g__Megasphaera_A_38692_s__hutchinsoni,300.5567769828285,-2.7755575615628914e-16,0.08858649584907032,-3.133161025233193e-15,0.9999999999999976,0.9999999999999986,No,657,studyKervinen_2022,LinDA
f__Metamycoplasmataceae_g__Metamycoplasma_s__hominis,300.5567769828282,6.765421556309548e-16,0.331630040258493,2.040050880504118e-15,0.9999999999999984,0.9999999999999986,No,657,studyKervinen_2022,LinDA
f__Mycobacteriaceae_g__Corynebacterium_s__tuberculostearicum,300.55677698282824,1.2212453270876722e-15,0.286185820517305,4.267315986795461e-15,0.9999999999999967,0.9999999999999986,No,657,studyKervinen_2022,LinDA
f__Mycoplasmoidaceae_g__Malacoplasma_A_271179_s__girerdii,300.5567769828285,-2.7755575615628914e-16,0.08858649584907032,-3.133161025233193e-15,0.9999999999999976,0.9999999999999986,No,657,studyKervinen_2022,LinDA
f__Mycoplasmoidaceae_g__Ureaplasma_s__parvum,300.5567769828285,1.5057399771478686e-15,0.3798471222085258,3.964068408345761e-15,0.9999999999999969,0.9999999999999986,No,657,studyKervinen_2022,LinDA
f__Mycoplasmoidaceae_g__Ureaplasma_s__urealyticum,467.0437216950581,4.255276686571108e-15,0.452678094704346,9.400226643063704e-15,0.9999999999999925,0.9999999999999986,No,657,studyKervinen_2022,LinDA
f__Neisseriaceae_563222_g__Neisseria_563205_s__Neisseria gonorrhoeae,300.5567769828285,-2.7755575615628914e-16,0.08858649584907032,-3.133161025233193e-15,0.9999999999999976,0.9999999999999986,No,657,studyKervinen_2022,LinDA
f__Peptoniphilaceae_g__Anaerococcus_s__prevotii,300.5567769828284,1.304512053934559e-15,0.17451503059771348,7.475069909260016e-15,0.999999999999994,0.9999999999999986,No,657,studyKervinen_2022,LinDA
f__Peptoniphilaceae_g__Finegoldia_s__magna_H,456.86217412579265,2.6367796834847468e-15,0.3203034802367347,8.232129359118782e-15,0.9999999999999934,0.9999999999999986,No,657,studyKervinen_2022,LinDA
f__Peptoniphilaceae_g__Parvimonas_s__parva,300.5567769828284,1.1293049828609014e-15,0.14348249295517082,7.870681360503944e-15,0.9999999999999938,0.9999999999999986,No,657,studyKervinen_2022,LinDA
f__Peptoniphilaceae_g__Peptoniphilus_A_s__gorbachii,300.5567769828281,1.2021633688519273e-15,0.2865443824170147,4.195382784026773e-15,0.9999999999999967,0.9999999999999986,No,657,studyKervinen_2022,LinDA
f__Peptostreptococcaceae_256921_g__Peptostreptococcus_s__anaerobius,300.55677698282824,1.3478801408339791e-15,0.33132233851393905,4.068183711607096e-15,0.9999999999999968,0.9999999999999986,No,657,studyKervinen_2022,LinDA
f__Porphyromonadaceae_g__Porphyromonas_A_859424_s__uenonis,300.5567769828285,-2.7755575615628914e-16,0.08858649584907032,-3.133161025233193e-15,0.9999999999999976,0.9999999999999986,No,657,studyKervinen_2022,LinDA
f__Staphylococcaceae_g__Staphylococcus_s__aureus_317625,300.5567769828285,-2.7755575615628914e-16,0.08858649584907032,-3.133161025233193e-15,0.9999999999999976,0.9999999999999986,No,657,studyKervinen_2022,LinDA
f__Streptococcaceae_g__Streptococcus_s__infantarius,300.5567769828285,-2.7755575615628914e-16,0.08858649584907032,-3.133161025233193e-15,0.9999999999999976,0.9999999999999986,No,657,studyKervinen_2022,LinDA
f__Streptococcaceae_g__Streptococcus_s__oralis_E_351036,300.5567769828285,-2.7755575615628914e-16,0.08858649584907032,-3.133161025233193e-15,0.9999999999999976,0.9999999999999986,No,657,studyKervinen_2022,LinDA
f__Veillonellaceae_g__Veillonella_A_s__montpellierensis,300.55677698282784,5.011616122096996e-15,0.3877820673525086,1.2923795461488544e-14,0.9999999999999897,0.9999999999999986,No,657,studyKervinen_2022,LinDA
f__Lachnospiraceae_g__UBA629_s__sp005465875,4686.801756221538,-3.9628943169859956,0.5195585563782091,-7.627425760458911,8.43188063386576e-14,6.2395916690606625e-12,Yes,657,studyLivson_2022,LinDA
f__Bacteroidaceae_g__Prevotella_s__buccalis,3581.172432286633,-3.5747225300632675,0.541380005813862,-6.6029821782748535,8.317247876101183e-11,3.077381714157438e-9,Yes,657,studyLivson_2022,LinDA
f__Peptoniphilaceae_g__Finegoldia_s__magna_H,456.86217412579265,2.469630338313223,0.381759449347734,6.4690745508271785,1.9268902575267155e-10,4.7529959685658984e-9,Yes,657,studyLivson_2022,LinDA
f__Megasphaeraceae_g__Megasphaera_A_38692_s__lornae,25497.248353869192,-5.204114832022363,0.8317252321038888,-6.257012089026451,7.076982923061586e-10,1.3092418407663934e-8,Yes,657,studyLivson_2022,LinDA
f__Nanoperiomorbaceae_g__Nanoperiomorbus_s__sp004136275,1387.7238263935096,-2.2070110273834533,0.38554812212894174,-5.7243464582233035,1.5795265811244146e-8,2.3376993400641337e-7,Yes,657,studyLivson_2022,LinDA
f__Lactobacillaceae_g__Lactobacillus_s__crispatus,13134.152583192059,6.662085152005371,1.2051552015975597,5.527989376948361,4.676049682422074e-8,5.767127941653892e-7,Yes,657,studyLivson_2022,LinDA
f__Lactobacillaceae_g__Lactobacillus_s__jensenii_330180,3312.9089595619075,5.198605929635858,1.0718560690519563,4.850097023039634,1.5422487844571284e-6,1.630377286426107e-5,Yes,657,studyLivson_2022,LinDA
f__Dialisteraceae_g__Dialister_s__micraerophilus,300.5567769828269,2.5558646104098623,0.5313643087871256,4.81000430052179,1.87324867562394e-6,1.7327550249521446e-5,Yes,657,studyLivson_2022,LinDA
f__Lactobacillaceae_g__Lactobacillus_s__gasseri_329736,1164.767564871584,2.8302474065779832,0.6246952917441465,4.530604670760276,6.986536793755667e-6,5.7444858081991036e-5,Yes,657,studyLivson_2022,LinDA
f__Fastidiosipilaceae_g__KA00274_s__sp001552885,1319.564066963813,-2.1343519419717527,0.508866805023218,-4.194323388562099,3.112650705201402e-5,2.303361521849038e-4,Yes,657,studyLivson_2022,LinDA
f__Lactobacillaceae_g__Limosilactobacillus_s__reuteri,348.57683843750243,2.3392887318837357,0.5898284441439196,3.966049374371887,8.110302165407824e-5,5.4560214567289e-4,Yes,657,studyLivson_2022,LinDA
f__Atopobiaceae_g__Fannyhessea_s__vaginae,467.04372169505314,2.4158648275362604,0.8317917148196026,2.9044107851689875,0.0038030524443406063,0.023452156740100406,Yes,657,studyLivson_2022,LinDA
f__Bacteroidaceae_g__Prevotella_s__timonensis,300.5567769828274,1.7679329245636874,0.6238897254621393,2.833726622527901,0.004742081689419229,0.026993388078232535,Yes,657,studyLivson_2022,LinDA
f__Aerococcaceae_g__Aerococcus_s__christensenii,300.55677698282784,1.5806334923624816,0.5847782687749814,2.7029620913815084,0.007050108038941774,0.03726485677726366,Yes,657,studyLivson_2022,LinDA
f__Bacteroidaceae_g__Prevotella_s__bivia,300.5567769828259,2.0794687920720434,0.7799709892422867,2.6660847912973935,0.007862803870622463,0.03878983242840415,Yes,657,studyLivson_2022,LinDA
f__Leptotrichiaceae_g__Sneathia_s__vaginalis,870.5851490343919,-1.5343478595236868,0.5989641893877282,-2.5616687720381486,0.010639075466513801,0.04920572403262633,Yes,657,studyLivson_2022,LinDA
f__Lactobacillaceae_g__Lactobacillus_s__iners,885611.8202580397,1.8040208536689402,1.1208510484336138,1.6095098953514422,0.10798524350788703,0.4700534129166847,No,657,studyLivson_2022,LinDA
f__Veillonellaceae_g__Veillonella_A_s__montpellierensis,300.55677698282784,0.7156627310383076,0.46218501400610545,1.5484334397498525,0.12199951317241774,0.5015535541532729,No,657,studyLivson_2022,LinDA
f__Bifidobacteriaceae_g__Bifidobacterium_388775_s__Bifidobacterium vaginale,3597.7196313738514,1.5654182769434444,1.035363741704377,1.5119500653620643,0.13102739925605875,0.502479467723254,No,657,studyLivson_2022,LinDA
f__Lactobacillaceae_g__Lactobacillus_s__acidophilus,300.55677698283364,0.8078074932327427,0.5409082364991515,1.49342797673226,0.1358052615468254,0.502479467723254,No,657,studyLivson_2022,LinDA
f__Aerococcaceae_g__Granulicatella_s__elegans,300.5567769828285,-3.3306690738754696e-16,0.10558340437010283,-3.154538436931275e-15,0.9999999999999976,0.9999999999999993,No,657,studyLivson_2022,LinDA
f__Atopobiaceae_g__Fannyhessea_s__massiliense,300.55677698282835,1.1657341758564144e-15,0.25958097711663486,4.490830525430325e-15,0.9999999999999964,0.9999999999999993,No,657,studyLivson_2022,LinDA
f__Atopobiaceae_g__Lancefieldella_s__rimae,300.5567769828285,-3.3306690738754696e-16,0.10558340437010283,-3.154538436931275e-15,0.9999999999999976,0.9999999999999993,No,657,studyLivson_2022,LinDA
f__Bacteroidaceae_g__Prevotella_s__amnii,300.5567769828283,4.246603069191224e-15,0.5810047113125356,7.309068216672136e-15,0.9999999999999942,0.9999999999999993,No,657,studyLivson_2022,LinDA
f__Bacteroidaceae_g__Prevotella_s__copri,300.5567769828285,-3.3306690738754696e-16,0.10558340437010283,-3.154538436931275e-15,0.9999999999999976,0.9999999999999993,No,657,studyLivson_2022,LinDA
f__Bacteroidaceae_g__Prevotella_s__denticola,300.5567769828285,-3.3306690738754696e-16,0.10558340437010283,-3.154538436931275e-15,0.9999999999999976,0.9999999999999993,No,657,studyLivson_2022,LinDA
f__Bacteroidaceae_g__Prevotella_s__disiens,300.5567769828285,-3.3306690738754696e-16,0.10558340437010283,-3.154538436931275e-15,0.9999999999999976,0.9999999999999993,No,657,studyLivson_2022,LinDA
f__Bacteroidaceae_g__Prevotella_s__melaninogenica,300.55677698282864,4.718447854656915e-16,0.14792451688670955,3.189767290753173e-15,0.9999999999999974,0.9999999999999993,No,657,studyLivson_2022,LinDA
f__Bacteroidaceae_g__Prevotella_s__sp000758925,300.5567769828285,-3.3306690738754696e-16,0.10558340437010283,-3.154538436931275e-15,0.9999999999999976,0.9999999999999993,No,657,studyLivson_2022,LinDA
f__Bacteroidaceae_g__Prevotella_s__sp001553265,300.5567769828285,-3.3306690738754696e-16,0.10558340437010283,-3.154538436931275e-15,0.9999999999999976,0.9999999999999993,No,657,studyLivson_2022,LinDA
f__Bifidobacteriaceae_g__Bifidobacterium_388775_s__Bifidobacterium breve,300.5567769828285,-3.3306690738754696e-16,0.10558340437010283,-3.154538436931275e-15,0.9999999999999976,0.9999999999999993,No,657,studyLivson_2022,LinDA
f__Bifidobacteriaceae_g__Bifidobacterium_388775_s__Bifidobacterium dentium,300.5567769828285,-3.3306690738754696e-16,0.10558340437010283,-3.154538436931275e-15,0.9999999999999976,0.9999999999999993,No,657,studyLivson_2022,LinDA
f__Bifidobacteriaceae_g__Bifidobacterium_388775_s__Bifidobacterium leopoldii,36663.71589723447,-1.035406078345999,1.0762440347218707,-0.9620551147710424,0.336375857860457,0.9999999999999993,No,657,studyLivson_2022,LinDA
f__Bifidobacteriaceae_g__Bifidobacterium_388775_s__Bifidobacterium longum,300.5567769828285,-3.3306690738754696e-16,0.10558340437010283,-3.154538436931275e-15,0.9999999999999976,0.9999999999999993,No,657,studyLivson_2022,LinDA
f__Bifidobacteriaceae_g__Bifidobacterium_388775_s__Bifidobacterium swidsinskii,300.5567769828286,2.498001805406602e-16,0.23475411058277162,1.0640928924334363e-15,0.9999999999999991,0.9999999999999993,No,657,studyLivson_2022,LinDA
f__Bradymonadaceae_g__Lujinxingia_s__litoralis,300.55677698282835,3.069766663088558e-14,0.15269836405906137,2.0103467918629562e-13,0.9999999999998397,0.9999999999999993,No,657,studyLivson_2022,LinDA
f__Clostridiaceae_222000_g__Clostridium_P_s__massiliamazoniense,300.5567769828285,-3.3306690738754696e-16,0.10558340437010283,-3.154538436931275e-15,0.9999999999999976,0.9999999999999993,No,657,studyLivson_2022,LinDA
f__Dialisteraceae_g__Dialister_s__sp001553355,300.55677698282824,4.0245584642661925e-15,0.3815475128298675,1.0547987678957163e-14,0.9999999999999916,0.9999999999999993,No,657,studyLivson_2022,LinDA
f__Eggerthellaceae_g__Berryella_s__sp001552935,300.55677698282824,3.0531133177191805e-16,0.35486965128142,8.603478225580889e-16,0.9999999999999993,0.9999999999999993,No,657,studyLivson_2022,LinDA
f__Enterobacteriaceae_A_g__Escherichia_710834_s__Escherichia coli,300.55677698282835,-3.885780586188048e-16,0.1927355086613623,-2.016120751789123e-15,0.9999999999999984,0.9999999999999993,No,657,studyLivson_2022,LinDA
f__Enterococcaceae_g__Enterococcus_H_360604_s__faecalis,300.5567769828285,-3.3306690738754696e-16,0.10558340437010283,-3.154538436931275e-15,0.9999999999999976,0.9999999999999993,No,657,studyLivson_2022,LinDA
f__Fastidiosipilaceae_g__Mageeibacillus_s__indolicus,300.5567769828285,-3.3306690738754696e-16,0.10558340437010283,-3.154538436931275e-15,0.9999999999999976,0.9999999999999993,No,657,studyLivson_2022,LinDA
f__Fusobacteriaceae_993521_g__Fusobacterium_C_s__animalis,300.5567769828285,-3.3306690738754696e-16,0.10558340437010283,-3.154538436931275e-15,0.9999999999999976,0.9999999999999993,No,657,studyLivson_2022,LinDA
f__Fusobacteriaceae_993521_g__Fusobacterium_C_s__gonidiaformans,300.5567769828285,-3.3306690738754696e-16,0.10558340437010283,-3.154538436931275e-15,0.9999999999999976,0.9999999999999993,No,657,studyLivson_2022,LinDA
f__Gemellaceae_g__Gemella_s__asaccharolytica,300.5567769828281,3.608224830031759e-15,0.3027203264446215,1.1919334497321354e-14,0.9999999999999905,0.9999999999999993,No,657,studyLivson_2022,LinDA
f__Lactobacillaceae_g__Lacticaseibacillus_s__paracasei,300.5567769828285,-3.3306690738754696e-16,0.10558340437010283,-3.154538436931275e-15,0.9999999999999976,0.9999999999999993,No,657,studyLivson_2022,LinDA
f__Lactobacillaceae_g__Lacticaseibacillus_s__rhamnosus,300.5567769828285,-3.3306690738754696e-16,0.10558340437010283,-3.154538436931275e-15,0.9999999999999976,0.9999999999999993,No,657,studyLivson_2022,LinDA
f__Lactobacillaceae_g__Lactobacillus_s__delbrueckii,300.5567769828285,-3.3306690738754696e-16,0.10558340437010283,-3.154538436931275e-15,0.9999999999999976,0.9999999999999993,No,657,studyLivson_2022,LinDA
f__Lactobacillaceae_g__Lactobacillus_s__gallinarum,300.5567769828285,1.4710455076283324e-15,0.36821440046377557,3.9950786981049964e-15,0.9999999999999969,0.9999999999999993,No,657,studyLivson_2022,LinDA
f__Lactobacillaceae_g__Lactobacillus_s__helveticus,300.5567769828285,-3.3306690738754696e-16,0.10558340437010283,-3.154538436931275e-15,0.9999999999999976,0.9999999999999993,No,657,studyLivson_2022,LinDA
f__Lactobacillaceae_g__Lactobacillus_s__hominis,300.55677698282676,3.630429290524262e-14,0.36009092851729474,1.0081979308595375e-13,0.9999999999999196,0.9999999999999993,No,657,studyLivson_2022,LinDA
f__Lactobacillaceae_g__Lactobacillus_s__johnsonii,300.5567769828323,0.6188045118060637,0.7680225605452506,0.8057113730705372,0.4207008007739568,0.9999999999999993,No,657,studyLivson_2022,LinDA
f__Lactobacillaceae_g__Limosilactobacillus_s__fermentum,300.5567769828285,-3.3306690738754696e-16,0.10558340437010283,-3.154538436931275e-15,0.9999999999999976,0.9999999999999993,No,657,studyLivson_2022,LinDA
f__Lactobacillaceae_g__Limosilactobacillus_s__vaginalis,300.5567769828285,-3.3306690738754696e-16,0.10558340437010283,-3.154538436931275e-15,0.9999999999999976,0.9999999999999993,No,657,studyLivson_2022,LinDA
f__Leptotrichiaceae_g__Sneathia_s__sanguinegens,300.55677698282796,1.354472090042691e-14,0.5383822957981764,2.5158184075028396e-14,0.99999999999998,0.9999999999999993,No,657,studyLivson_2022,LinDA
f__Leptotrichiaceae_g__Streptobacillus_993623_s__Streptobacillus moniliformis,300.556776982828,1.790234627208065e-14,0.4704916628928252,3.805029437080309e-14,0.9999999999999696,0.9999999999999993,No,657,studyLivson_2022,LinDA
f__Megasphaeraceae_g__Megasphaera_A_38692_s__hutchinsoni,300.5567769828285,-3.3306690738754696e-16,0.10558340437010283,-3.154538436931275e-15,0.9999999999999976,0.9999999999999993,No,657,studyLivson_2022,LinDA
f__Metamycoplasmataceae_g__Metamycoplasma_s__hominis,300.5567769828282,3.969047313034935e-15,0.39525921311462986,1.0041631368334136e-14,0.999999999999992,0.9999999999999993,No,657,studyLivson_2022,LinDA
f__Mycobacteriaceae_g__Corynebacterium_s__tuberculostearicum,300.55677698282824,4.6629367034256575e-15,0.3410957045208082,1.3670464452129153e-14,0.9999999999999891,0.9999999999999993,No,657,studyLivson_2022,LinDA
f__Mycoplasmoidaceae_g__Malacoplasma_A_271179_s__girerdii,300.5567769828285,-3.3306690738754696e-16,0.10558340437010283,-3.154538436931275e-15,0.9999999999999976,0.9999999999999993,No,657,studyLivson_2022,LinDA
f__Mycoplasmoidaceae_g__Ureaplasma_s__parvum,300.5567769828285,6.328271240363392e-15,0.4527276072787967,1.397809883607638e-14,0.9999999999999889,0.9999999999999993,No,657,studyLivson_2022,LinDA
f__Mycoplasmoidaceae_g__Ureaplasma_s__urealyticum,467.0437216950581,0.4738783150244471,0.5395325084772306,0.878312812627204,0.38009507249854724,0.9999999999999993,No,657,studyLivson_2022,LinDA
f__Neisseriaceae_563222_g__Neisseria_563205_s__Neisseria gonorrhoeae,300.5567769828285,-3.3306690738754696e-16,0.10558340437010283,-3.154538436931275e-15,0.9999999999999976,0.9999999999999993,No,657,studyLivson_2022,LinDA
f__Peptoniphilaceae_g__Anaerococcus_s__prevotii,300.5567769828284,3.0253577421035516e-15,0.20799887011731966,1.454506815540454e-14,0.9999999999999885,0.9999999999999993,No,657,studyLivson_2022,LinDA
f__Peptoniphilaceae_g__Parvimonas_s__parva,300.5567769828284,2.4702462297909733e-15,0.17101218338658578,1.4444855219506775e-14,0.9999999999999885,0.9999999999999993,No,657,studyLivson_2022,LinDA
f__Peptoniphilaceae_g__Peptoniphilus_A_s__gorbachii,300.5567769828281,4.6629367034256575e-15,0.34152306295378265,1.3653358174691351e-14,0.9999999999999891,0.9999999999999993,No,657,studyLivson_2022,LinDA
f__Peptostreptococcaceae_256921_g__Peptostreptococcus_s__anaerobius,300.55677698282824,5.440092820663267e-15,0.3948924732700379,1.3776137021844901e-14,0.999999999999989,0.9999999999999993,No,657,studyLivson_2022,LinDA
f__Porphyromonadaceae_g__Porphyromonas_A_859424_s__uenonis,300.5567769828285,-3.3306690738754696e-16,0.10558340437010283,-3.154538436931275e-15,0.9999999999999976,0.9999999999999993,No,657,studyLivson_2022,LinDA
f__Sphingomonadaceae_g__Sphingomonas_L_486704_s__aerolata,300.55677698282955,-6.800116025829084e-15,0.4590547626754576,-1.4813300239380433e-14,0.9999999999999882,0.9999999999999993,No,657,studyLivson_2022,LinDA
f__Staphylococcaceae_g__Staphylococcus_s__aureus_317625,300.5567769828285,-3.3306690738754696e-16,0.10558340437010283,-3.154538436931275e-15,0.9999999999999976,0.9999999999999993,No,657,studyLivson_2022,LinDA
f__Streptococcaceae_g__Streptococcus_s__agalactiae,300.5567769828286,7.494005416219807e-16,0.1890087739404675,3.964898168473496e-15,0.9999999999999969,0.9999999999999993,No,657,studyLivson_2022,LinDA
f__Streptococcaceae_g__Streptococcus_s__anginosus,300.55677698282557,1.6459056340067946e-14,0.5531550104614513,2.975487165222913e-14,0.9999999999999762,0.9999999999999993,No,657,studyLivson_2022,LinDA
f__Streptococcaceae_g__Streptococcus_s__infantarius,300.5567769828285,-3.3306690738754696e-16,0.10558340437010283,-3.154538436931275e-15,0.9999999999999976,0.9999999999999993,No,657,studyLivson_2022,LinDA
f__Streptococcaceae_g__Streptococcus_s__oralis_E_351036,300.5567769828285,-3.3306690738754696e-16,0.10558340437010283,-3.154538436931275e-15,0.9999999999999976,0.9999999999999993,No,657,studyLivson_2022,LinDA
f__Bradymonadaceae_g__Lujinxingia_s__litoralis,300.55677698282835,14.738609623146177,0.1459896713609201,100.95652305914807,0,0,Yes,657,studyMovassagh_2021,LinDA
f__Lactobacillaceae_g__Lactobacillus_s__hominis,300.55677698282676,12.484639845789793,0.3442705928005577,36.26403215049615,5.863593996765232e-159,2.169529778803136e-157,Yes,657,studyMovassagh_2021,LinDA
f__Leptotrichiaceae_g__Streptobacillus_993623_s__Streptobacillus moniliformis,300.556776982828,8.53619848134229,0.4498209503882393,18.97688063211533,2.319730405842249e-64,5.722001667744214e-63,Yes,657,studyMovassagh_2021,LinDA
f__Mycoplasmoidaceae_g__Ureaplasma_s__urealyticum,467.0437216950581,7.065031444622162,0.5158285361240555,13.696472664558128,9.63596115639962e-38,1.7826528139339296e-36,Yes,657,studyMovassagh_2021,LinDA
f__Leptotrichiaceae_g__Sneathia_s__sanguinegens,300.55677698282796,6.490819207755499,0.5147288572110232,12.6101715822287,8.36707580131015e-33,1.2383272185939021e-31,Yes,657,studyMovassagh_2021,LinDA
f__Mycoplasmoidaceae_g__Ureaplasma_s__parvum,300.5567769828285,4.45405738852317,0.4328373457693578,10.290372196526139,3.971446560467691e-23,4.898117424576819e-22,Yes,657,studyMovassagh_2021,LinDA
f__Veillonellaceae_g__Veillonella_A_s__montpellierensis,300.55677698282784,3.873155035283112,0.4418792481404424,8.765188796673494,1.5847598452166134e-17,1.6753175506575628e-16,Yes,657,studyMovassagh_2021,LinDA
f__Peptoniphilaceae_g__Peptoniphilus_A_s__gorbachii,300.5567769828281,2.8149946864820112,0.32651849304366437,8.621241205182121,4.938900248861164e-17,4.568482730196577e-16,Yes,657,studyMovassagh_2021,LinDA
f__Peptostreptococcaceae_256921_g__Peptostreptococcus_s__anaerobius,300.55677698282824,3.191749224089531,0.3775431567380482,8.453998349926579,1.816551378617487e-16,1.4936089113077113e-15,Yes,657,studyMovassagh_2021,LinDA
f__Dialisteraceae_g__Dialister_s__micraerophilus,300.5567769828269,4.170207736329462,0.5080192004070889,8.20876008817731,1.1830478877029216e-15,8.75455436900162e-15,Yes,657,studyMovassagh_2021,LinDA
f__Peptoniphilaceae_g__Anaerococcus_s__prevotii,300.5567769828284,1.617058970368527,0.19886058949606836,8.131621124458638,2.1138552760259697e-15,1.422048094781107e-14,Yes,657,studyMovassagh_2021,LinDA
f__Mycobacteriaceae_g__Corynebacterium_s__tuberculostearicum,300.55677698282824,2.573447541779788,0.3261099102957894,7.8913503102239675,1.2535329156515782e-14,7.730119646518066e-14,Yes,657,studyMovassagh_2021,LinDA
f__Peptoniphilaceae_g__Parvimonas_s__parva,300.5567769828284,1.2692365053018744,0.16349888622031725,7.762967287688791,3.188763358001175e-14,1.8151422191698996e-13,Yes,657,studyMovassagh_2021,LinDA
f__Bacteroidaceae_g__Prevotella_s__timonensis,300.5567769828274,4.099829098016665,0.5964795795090736,6.873377126155747,1.459698447514459e-11,7.71554893686214e-11,Yes,657,studyMovassagh_2021,LinDA
f__Gemellaceae_g__Gemella_s__asaccharolytica,300.5567769828281,1.8803464502106815,0.28942052682913594,6.4969353446059275,1.6197792315274204e-10,7.990910875535275e-10,Yes,657,studyMovassagh_2021,LinDA
f__Dialisteraceae_g__Dialister_s__sp001553355,300.55677698282824,2.3602785662290864,0.364784497527846,6.470336821396621,1.9118186695927764e-10,8.842161346866591e-10,Yes,657,studyMovassagh_2021,LinDA
f__Bacteroidaceae_g__Prevotella_s__bivia,300.5567769828259,4.737705202068411,0.7457035253271665,6.353336200187349,3.937089972083577e-10,1.713792105495204e-9,Yes,657,studyMovassagh_2021,LinDA
f__Bacteroidaceae_g__Prevotella_s__amnii,300.5567769828283,3.3562681583889473,0.5554786875834242,6.042118686839607,2.5477874775521057e-9,1.0474237407714212e-8,Yes,657,studyMovassagh_2021,LinDA
f__Leptotrichiaceae_g__Sneathia_s__vaginalis,870.5851490343919,3.286657441387365,0.5726491289183222,5.739391322563499,1.4515567469954933e-8,5.653431540929816e-8,Yes,657,studyMovassagh_2021,LinDA
f__Aerococcaceae_g__Aerococcus_s__christensenii,300.55677698282784,3.1720912679747695,0.5590864565153227,5.673704363625258,2.0962096860716202e-8,7.755975838464995e-8,Yes,657,studyMovassagh_2021,LinDA
f__Metamycoplasmataceae_g__Metamycoplasma_s__hominis,300.5567769828282,2.1403518410349847,0.3778937841315822,5.663897981157892,2.213742439047381e-8,7.800806689976485e-8,Yes,657,studyMovassagh_2021,LinDA
f__Lachnospiraceae_g__UBA629_s__sp005465875,4686.801756221538,-2.646159319036073,0.4967321252313558,-5.3271354611977415,1.372285106052067e-7,4.615868083993316e-7,Yes,657,studyMovassagh_2021,LinDA
f__Atopobiaceae_g__Fannyhessea_s__vaginae,467.04372169505314,4.031169801168708,0.795247544631726,5.069075444974201,5.204092711148217e-7,1.6743602635868176e-6,Yes,657,studyMovassagh_2021,LinDA
f__Streptococcaceae_g__Streptococcus_s__anginosus,300.55677698282557,2.2249306128259687,0.528852543290371,4.207090692961557,2.9463275554171344e-5,9.084509962536165e-5,Yes,657,studyMovassagh_2021,LinDA
f__Bacteroidaceae_g__Prevotella_s__buccalis,3581.172432286633,-1.953427584358484,0.5175948649952063,-3.7740474577091785,1.7514707099907243e-4,4.984955097665908e-4,Yes,657,studyMovassagh_2021,LinDA
f__Nanoperiomorbaceae_g__Nanoperiomorbus_s__sp004136275,1387.7238263935096,-1.3944597137068373,0.3686093429373842,-3.783028673648445,1.6907440635838082e-4,4.984955097665908e-4,Yes,657,studyMovassagh_2021,LinDA
f__Lactobacillaceae_g__Lactobacillus_s__gasseri_329736,1164.767564871584,-2.0218869626238725,0.597249753816404,-3.3853290850336712,7.532563830822853e-4,0.002064480457336634,Yes,657,studyMovassagh_2021,LinDA
f__Megasphaeraceae_g__Megasphaera_A_38692_s__lornae,25497.248353869192,-2.2090406996312497,0.7951839827862666,-2.7780246426631137,0.005625187215911102,0.01486656621347934,Yes,657,studyMovassagh_2021,LinDA
f__Lactobacillaceae_g__Lactobacillus_s__jensenii_330180,3312.9089595619075,-2.612539670363204,1.024764844282017,-2.549404075423404,0.011016789114872484,0.028111806706915994,Yes,657,studyMovassagh_2021,LinDA
f__Atopobiaceae_g__Fannyhessea_s__massiliense,300.55677698282835,0.5756529992491681,0.24817647375807114,2.3195308988487344,0.02067194146825411,0.0509907889550268,No,657,studyMovassagh_2021,LinDA
f__Streptococcaceae_g__Streptococcus_s__agalactiae,300.5567769828286,0.3781943948578559,0.18070480952387033,2.0928850530007503,0.0367424070209079,0.08770768127571563,No,657,studyMovassagh_2021,LinDA
f__Enterobacteriaceae_A_g__Escherichia_710834_s__Escherichia coli,300.55677698282835,0.34345366104053054,0.18426781283766042,1.8638830935878776,0.06278396478095197,0.14518791855595142,No,657,studyMovassagh_2021,LinDA
f__Lactobacillaceae_g__Lactobacillus_s__crispatus,13134.152583192059,-1.5048501973074229,1.1522075754006127,-1.3060582393621214,0.19198983132246542,0.4305226520564376,No,657,studyMovassagh_2021,LinDA
f__Aerococcaceae_g__Granulicatella_s__elegans,300.5567769828285,-0.06755433151745516,0.10094467350807057,-0.6692213582924131,0.5035893757232994,0.6010582871536154,No,657,studyMovassagh_2021,LinDA
f__Atopobiaceae_g__Lancefieldella_s__rimae,300.5567769828285,-0.06755433151745516,0.10094467350807057,-0.6692213582924131,0.5035893757232994,0.6010582871536154,No,657,studyMovassagh_2021,LinDA
f__Bacteroidaceae_g__Prevotella_s__copri,300.5567769828285,-0.06755433151745516,0.10094467350807057,-0.6692213582924131,0.5035893757232994,0.6010582871536154,No,657,studyMovassagh_2021,LinDA
f__Bacteroidaceae_g__Prevotella_s__denticola,300.5567769828285,-0.06755433151745516,0.10094467350807057,-0.6692213582924131,0.5035893757232994,0.6010582871536154,No,657,studyMovassagh_2021,LinDA
f__Bacteroidaceae_g__Prevotella_s__disiens,300.5567769828285,-0.06755433151745516,0.10094467350807057,-0.6692213582924131,0.5035893757232994,0.6010582871536154,No,657,studyMovassagh_2021,LinDA
f__Bacteroidaceae_g__Prevotella_s__melaninogenica,300.55677698282864,0.1427219464569014,0.1414255597274167,1.0091665660152476,0.3132662725811123,0.6010582871536154,No,657,studyMovassagh_2021,LinDA
f__Bacteroidaceae_g__Prevotella_s__sp000758925,300.5567769828285,-0.06755433151745516,0.10094467350807057,-0.6692213582924131,0.5035893757232994,0.6010582871536154,No,657,studyMovassagh_2021,LinDA
f__Bacteroidaceae_g__Prevotella_s__sp001553265,300.5567769828285,-0.06755433151745516,0.10094467350807057,-0.6692213582924131,0.5035893757232994,0.6010582871536154,No,657,studyMovassagh_2021,LinDA
f__Bifidobacteriaceae_g__Bifidobacterium_388775_s__Bifidobacterium breve,300.5567769828285,-0.06755433151745516,0.10094467350807057,-0.6692213582924131,0.5035893757232994,0.6010582871536154,No,657,studyMovassagh_2021,LinDA
f__Bifidobacteriaceae_g__Bifidobacterium_388775_s__Bifidobacterium dentium,300.5567769828285,-0.06755433151745516,0.10094467350807057,-0.6692213582924131,0.5035893757232994,0.6010582871536154,No,657,studyMovassagh_2021,LinDA
f__Bifidobacteriaceae_g__Bifidobacterium_388775_s__Bifidobacterium longum,300.5567769828285,-0.06755433151745516,0.10094467350807057,-0.6692213582924131,0.5035893757232994,0.6010582871536154,No,657,studyMovassagh_2021,LinDA
f__Clostridiaceae_222000_g__Clostridium_P_s__massiliamazoniense,300.5567769828285,-0.06755433151745516,0.10094467350807057,-0.6692213582924131,0.5035893757232994,0.6010582871536154,No,657,studyMovassagh_2021,LinDA
f__Enterococcaceae_g__Enterococcus_H_360604_s__faecalis,300.5567769828285,-0.06755433151745516,0.10094467350807057,-0.6692213582924131,0.5035893757232994,0.6010582871536154,No,657,studyMovassagh_2021,LinDA
f__Fastidiosipilaceae_g__Mageeibacillus_s__indolicus,300.5567769828285,-0.06755433151745516,0.10094467350807057,-0.6692213582924131,0.5035893757232994,0.6010582871536154,No,657,studyMovassagh_2021,LinDA
f__Fusobacteriaceae_993521_g__Fusobacterium_C_s__animalis,300.5567769828285,-0.06755433151745516,0.10094467350807057,-0.6692213582924131,0.5035893757232994,0.6010582871536154,No,657,studyMovassagh_2021,LinDA
f__Fusobacteriaceae_993521_g__Fusobacterium_C_s__gonidiaformans,300.5567769828285,-0.06755433151745516,0.10094467350807057,-0.6692213582924131,0.5035893757232994,0.6010582871536154,No,657,studyMovassagh_2021,LinDA
f__Lactobacillaceae_g__Lacticaseibacillus_s__paracasei,300.5567769828285,-0.06755433151745516,0.10094467350807057,-0.6692213582924131,0.5035893757232994,0.6010582871536154,No,657,studyMovassagh_2021,LinDA
f__Lactobacillaceae_g__Lacticaseibacillus_s__rhamnosus,300.5567769828285,-0.06755433151745516,0.10094467350807057,-0.6692213582924131,0.5035893757232994,0.6010582871536154,No,657,studyMovassagh_2021,LinDA
f__Lactobacillaceae_g__Lactobacillus_s__delbrueckii,300.5567769828285,-0.06755433151745516,0.10094467350807057,-0.6692213582924131,0.5035893757232994,0.6010582871536154,No,657,studyMovassagh_2021,LinDA
f__Lactobacillaceae_g__Lactobacillus_s__helveticus,300.5567769828285,-0.06755433151745516,0.10094467350807057,-0.6692213582924131,0.5035893757232994,0.6010582871536154,No,657,studyMovassagh_2021,LinDA
f__Lactobacillaceae_g__Limosilactobacillus_s__fermentum,300.5567769828285,-0.06755433151745516,0.10094467350807057,-0.6692213582924131,0.5035893757232994,0.6010582871536154,No,657,studyMovassagh_2021,LinDA
f__Lactobacillaceae_g__Limosilactobacillus_s__vaginalis,300.5567769828285,-0.06755433151745516,0.10094467350807057,-0.6692213582924131,0.5035893757232994,0.6010582871536154,No,657,studyMovassagh_2021,LinDA
f__Megasphaeraceae_g__Megasphaera_A_38692_s__hutchinsoni,300.5567769828285,-0.06755433151745516,0.10094467350807057,-0.6692213582924131,0.5035893757232994,0.6010582871536154,No,657,studyMovassagh_2021,LinDA
f__Mycoplasmoidaceae_g__Malacoplasma_A_271179_s__girerdii,300.5567769828285,-0.06755433151745516,0.10094467350807057,-0.6692213582924131,0.5035893757232994,0.6010582871536154,No,657,studyMovassagh_2021,LinDA
f__Neisseriaceae_563222_g__Neisseria_563205_s__Neisseria gonorrhoeae,300.5567769828285,-0.06755433151745516,0.10094467350807057,-0.6692213582924131,0.5035893757232994,0.6010582871536154,No,657,studyMovassagh_2021,LinDA
f__Porphyromonadaceae_g__Porphyromonas_A_859424_s__uenonis,300.5567769828285,-0.06755433151745516,0.10094467350807057,-0.6692213582924131,0.5035893757232994,0.6010582871536154,No,657,studyMovassagh_2021,LinDA
f__Staphylococcaceae_g__Staphylococcus_s__aureus_317625,300.5567769828285,-0.06755433151745516,0.10094467350807057,-0.6692213582924131,0.5035893757232994,0.6010582871536154,No,657,studyMovassagh_2021,LinDA
f__Streptococcaceae_g__Streptococcus_s__infantarius,300.5567769828285,-0.06755433151745516,0.10094467350807057,-0.6692213582924131,0.5035893757232994,0.6010582871536154,No,657,studyMovassagh_2021,LinDA
f__Streptococcaceae_g__Streptococcus_s__oralis_E_351036,300.5567769828285,-0.06755433151745516,0.10094467350807057,-0.6692213582924131,0.5035893757232994,0.6010582871536154,No,657,studyMovassagh_2021,LinDA
f__Bifidobacteriaceae_g__Bifidobacterium_388775_s__Bifidobacterium vaginale,3597.7196313738514,0.609755910834494,0.9898757810658085,0.6159923522706698,0.5381129132222524,0.6320691361658203,No,657,studyMovassagh_2021,LinDA
f__Fastidiosipilaceae_g__KA00274_s__sp001552885,1319.564066963813,0.2606634695466209,0.48651010827520746,0.535782227569195,0.5922903932628119,0.6848357672101262,No,657,studyMovassagh_2021,LinDA
f__Bifidobacteriaceae_g__Bifidobacterium_388775_s__Bifidobacterium leopoldii,36663.71589723447,0.3850847821890727,1.0289600278390985,0.37424659050923753,0.70834161599389,0.8064196859007363,No,657,studyMovassagh_2021,LinDA
f__Lactobacillaceae_g__Lactobacillus_s__iners,885611.8202580397,0.3491096611221036,1.0716072645157837,0.3257813498304831,0.7446935220907432,0.8349594035562878,No,657,studyMovassagh_2021,LinDA
f__Bifidobacteriaceae_g__Bifidobacterium_388775_s__Bifidobacterium swidsinskii,300.5567769828286,-0.06755433151745471,0.22444035773263535,-0.30099012583970675,0.7635172530466907,0.8432877123202256,No,657,studyMovassagh_2021,LinDA
f__Eggerthellaceae_g__Berryella_s__sp001552935,300.55677698282824,-0.06755433151745516,0.3392787086212696,-0.1991116147310758,0.8422370389827666,0.901973319550484,No,657,studyMovassagh_2021,LinDA
f__Lactobacillaceae_g__Lactobacillus_s__gallinarum,300.5567769828285,-0.06755433151745316,0.35203716585511696,-0.19189545329215482,0.8478833919726375,0.901973319550484,No,657,studyMovassagh_2021,LinDA
f__Peptoniphilaceae_g__Finegoldia_s__magna_H,456.86217412579265,-0.06755433151745427,0.36498712276737205,-0.18508689020382413,0.8532180049801875,0.901973319550484,No,657,studyMovassagh_2021,LinDA
f__Sphingomonadaceae_g__Sphingomonas_L_486704_s__aerolata,300.55677698282955,-0.06755433151745271,0.43888652214855417,-0.15392209172143806,0.8777184317984976,0.9148051260998425,No,657,studyMovassagh_2021,LinDA
f__Lactobacillaceae_g__Lactobacillus_s__acidophilus,300.55677698283364,-0.06755433151747803,0.5171438225257132,-0.13062967896927574,0.8961082501854016,0.9170748387076729,No,657,studyMovassagh_2021,LinDA
f__Lactobacillaceae_g__Limosilactobacillus_s__reuteri,348.57683843750243,-0.06755433151746626,0.5639147560650227,-0.11979528960876641,0.9046819354818935,0.9170748387076729,No,657,studyMovassagh_2021,LinDA
f__Lactobacillaceae_g__Lactobacillus_s__johnsonii,300.5567769828323,-0.0675543315174636,0.7342800422433204,-0.09200077304440467,0.9267254697491747,0.9267254697491747,No,657,studyMovassagh_2021,LinDA
f__Peptoniphilaceae_g__Peptoniphilus_A_s__gorbachii,300.5567769828281,4.103877186794971,0.6615938148493727,6.20301625360466,9.798844038458876e-10,7.251144588459569e-8,Yes,657,studyPMTCT_CQI,LinDA
f__Aerococcaceae_g__Aerococcus_s__christensenii,300.55677698282784,6.64793147687902,1.1328244784809975,5.868456767277151,6.977392262971318e-9,2.5816351372993876e-7,Yes,657,studyPMTCT_CQI,LinDA
f__Metamycoplasmataceae_g__Metamycoplasma_s__hominis,300.5567769828282,4.417610923248306,0.7656907512985656,5.769445322091593,1.2254338642494004e-8,3.0227368651485214e-7,Yes,657,studyPMTCT_CQI,LinDA
f__Eggerthellaceae_g__Berryella_s__sp001552935,300.55677698282824,3.5474528826893157,0.6874486435409877,5.160316942974383,3.269520971448621e-7,6.048613797179949e-6,Yes,657,studyPMTCT_CQI,LinDA
f__Dialisteraceae_g__Dialister_s__micraerophilus,300.5567769828269,5.059900083982232,1.0293516844361645,4.915618403785711,1.1190789469177266e-6,1.6562368414382353e-5,Yes,657,studyPMTCT_CQI,LinDA
f__Peptoniphilaceae_g__Finegoldia_s__magna_H,456.86217412579265,3.567272386854073,0.739539193237274,4.823642099668338,1.7536379499606876e-6,2.162820138284848e-5,Yes,657,studyPMTCT_CQI,LinDA
f__Bacteroidaceae_g__Prevotella_s__melaninogenica,300.55677698282864,-1.3598424082585145,0.28655735454701203,-4.7454458476842944,2.5544466455566723e-6,2.700415025302768e-5,Yes,657,studyPMTCT_CQI,LinDA
f__Mycoplasmoidaceae_g__Ureaplasma_s__urealyticum,467.0437216950581,4.870998751577666,1.0451750093580288,4.660462322544,3.821426752682518e-6,3.534819746231329e-5,Yes,657,studyPMTCT_CQI,LinDA
f__Atopobiaceae_g__Fannyhessea_s__vaginae,467.04372169505314,7.242918284327191,1.6113355537633895,4.494978260369689,8.223132334486635e-6,6.76124214168901e-5,Yes,657,studyPMTCT_CQI,LinDA
f__Bacteroidaceae_g__Prevotella_s__bivia,300.5567769828259,6.6517942301905855,1.5109491516667366,4.402394496765793,1.2494394194394883e-5,9.245851703852215e-5,Yes,657,studyPMTCT_CQI,LinDA
f__Peptostreptococcaceae_256921_g__Peptostreptococcus_s__anaerobius,300.55677698282824,3.2725991737614053,0.7649803078786034,4.278017538564852,2.1659982284453122e-5,1.457126080954119e-4,Yes,657,studyPMTCT_CQI,LinDA
f__Mycobacteriaceae_g__Corynebacterium_s__tuberculostearicum,300.55677698282824,2.73802060100249,0.660765941927602,4.143707215016367,3.8642879865820116e-5,2.382977591725574e-4,Yes,657,studyPMTCT_CQI,LinDA
f__Bacteroidaceae_g__Prevotella_s__amnii,300.5567769828283,4.049141385657252,1.1255143944839157,3.5975918260147286,3.453065167367086e-4,0.0019655909414243414,Yes,657,studyPMTCT_CQI,LinDA
f__Bacteroidaceae_g__Prevotella_s__timonensis,300.5567769828274,4.311032798738312,1.2085906583992025,3.5669916598961167,3.8735468277082416e-4,0.0019751637376899185,Yes,657,studyPMTCT_CQI,LinDA
f__Dialisteraceae_g__Dialister_s__sp001553355,300.55677698282824,2.6299297980795986,0.7391286327083643,3.558148990173517,4.003710279101186e-4,0.0019751637376899185,Yes,657,studyPMTCT_CQI,LinDA
f__Gemellaceae_g__Gemella_s__asaccharolytica,300.5567769828281,2.0271130594667675,0.5864256834451254,3.4567262599378528,5.820258760511293e-4,0.0026918696767364732,Yes,657,studyPMTCT_CQI,LinDA
f__Lachnospiraceae_g__UBA629_s__sp005465875,4686.801756221538,-3.2627086836395844,1.0064817420497578,-3.24169684091327,0.0012482528892083715,0.005433571400083499,Yes,657,studyPMTCT_CQI,LinDA
f__Lactobacillaceae_g__Lactobacillus_s__hominis,300.55677698282676,-2.1740949735842108,0.697563230517903,-3.1166995025957185,0.0019086478942225244,0.007846663565137045,Yes,657,studyPMTCT_CQI,LinDA
f__Streptococcaceae_g__Streptococcus_s__anginosus,300.55677698282557,3.22794951722425,1.0715643342182166,3.0123711793555277,0.0026917775538421,0.010483765209700811,Yes,657,studyPMTCT_CQI,LinDA
f__Leptotrichiaceae_g__Sneathia_s__sanguinegens,300.55677698282796,2.9325566135580843,1.0429468330596496,2.81179876154853,0.00507351326514272,0.018771999081028067,Yes,657,studyPMTCT_CQI,LinDA
f__Bacteroidaceae_g__Prevotella_s__buccalis,3581.172432286633,-2.8061701012832403,1.0487539559752634,-2.6757182514498457,0.007642762088380218,0.026931637835244576,Yes,657,studyPMTCT_CQI,LinDA
f__Bradymonadaceae_g__Lujinxingia_s__litoralis,300.55677698282835,0.7863988463608476,0.29580518611348977,2.658502566142078,0.008039974832497056,0.027043551709308278,Yes,657,studyPMTCT_CQI,LinDA
f__Bifidobacteriaceae_g__Bifidobacterium_388775_s__Bifidobacterium vaginale,3597.7196313738514,5.0553280094645086,2.0056925049410705,2.5204900536899797,0.011954894610291728,0.0384635739635473,Yes,657,studyPMTCT_CQI,LinDA
f__Leptotrichiaceae_g__Sneathia_s__vaginalis,870.5851490343919,2.3568750545060495,1.1603052502161924,2.031254322142305,0.04263124474097164,0.1314463379513292,No,657,studyPMTCT_CQI,LinDA
f__Atopobiaceae_g__Fannyhessea_s__massiliense,300.55677698282835,0.8809006097538005,0.5028567248946313,1.7517924413527224,0.08027605699137116,0.23761712869445864,No,657,studyPMTCT_CQI,LinDA
f__Mycoplasmoidaceae_g__Ureaplasma_s__parvum,300.5567769828285,1.4482770895350332,0.8770177398758605,1.651365786215491,0.09914176311683578,0.2821727104094557,No,657,studyPMTCT_CQI,LinDA
f__Megasphaeraceae_g__Megasphaera_A_38692_s__lornae,25497.248353869192,-2.5739287234545642,1.611206764354176,-1.5975160857062802,0.11063153024778875,0.3032123421606062,No,657,studyPMTCT_CQI,LinDA
f__Enterobacteriaceae_A_g__Escherichia_710834_s__Escherichia coli,300.55677698282835,0.5844498934126974,0.37336459602279015,1.5653597037278344,0.11798009538100135,0.30946190878458224,No,657,studyPMTCT_CQI,LinDA
f__Lactobacillaceae_g__Lactobacillus_s__jensenii_330180,3312.9089595619075,-3.2214058283026454,2.0763849432607757,-1.5514492333216967,0.121275612902066,0.30946190878458224,No,657,studyPMTCT_CQI,LinDA
f__Bifidobacteriaceae_g__Bifidobacterium_388775_s__Bifidobacterium leopoldii,36663.71589723447,3.139712628758784,2.084885250449048,1.5059402564637763,0.13256312585606603,0.31796373986923165,No,657,studyPMTCT_CQI,LinDA
f__Fastidiosipilaceae_g__KA00274_s__sp001552885,1319.564066963813,1.4820653300422837,0.9857698272959163,1.503459822976896,0.13320102616143487,0.31796373986923165,No,657,studyPMTCT_CQI,LinDA
f__Peptoniphilaceae_g__Parvimonas_s__parva,300.5567769828284,-0.4182856127759573,0.3312824668820764,-1.2626252657218067,0.20717184322354837,0.4790848874544556,No,657,studyPMTCT_CQI,LinDA
f__Streptococcaceae_g__Streptococcus_s__agalactiae,300.5567769828286,0.4321268901856439,0.36614521640138503,1.1802062974705827,0.2383453004726961,0.5344712798478639,No,657,studyPMTCT_CQI,LinDA
f__Aerococcaceae_g__Granulicatella_s__elegans,300.5567769828285,-0.013621836189666836,0.20453472944945247,-0.06659913563986335,0.9469210947980804,0.9926977112110571,No,657,studyPMTCT_CQI,LinDA
f__Atopobiaceae_g__Lancefieldella_s__rimae,300.5567769828285,-0.013621836189666836,0.20453472944945247,-0.06659913563986335,0.9469210947980804,0.9926977112110571,No,657,studyPMTCT_CQI,LinDA
f__Bacteroidaceae_g__Prevotella_s__copri,300.5567769828285,-0.013621836189666836,0.20453472944945247,-0.06659913563986335,0.9469210947980804,0.9926977112110571,No,657,studyPMTCT_CQI,LinDA
f__Bacteroidaceae_g__Prevotella_s__denticola,300.5567769828285,-0.013621836189666836,0.20453472944945247,-0.06659913563986335,0.9469210947980804,0.9926977112110571,No,657,studyPMTCT_CQI,LinDA
f__Bacteroidaceae_g__Prevotella_s__disiens,300.5567769828285,-0.013621836189666836,0.20453472944945247,-0.06659913563986335,0.9469210947980804,0.9926977112110571,No,657,studyPMTCT_CQI,LinDA
f__Bacteroidaceae_g__Prevotella_s__sp000758925,300.5567769828285,-0.013621836189666836,0.20453472944945247,-0.06659913563986335,0.9469210947980804,0.9926977112110571,No,657,studyPMTCT_CQI,LinDA
f__Bacteroidaceae_g__Prevotella_s__sp001553265,300.5567769828285,-0.013621836189666836,0.20453472944945247,-0.06659913563986335,0.9469210947980804,0.9926977112110571,No,657,studyPMTCT_CQI,LinDA
f__Bifidobacteriaceae_g__Bifidobacterium_388775_s__Bifidobacterium breve,300.5567769828285,-0.013621836189666836,0.20453472944945247,-0.06659913563986335,0.9469210947980804,0.9926977112110571,No,657,studyPMTCT_CQI,LinDA
f__Bifidobacteriaceae_g__Bifidobacterium_388775_s__Bifidobacterium dentium,300.5567769828285,-0.013621836189666836,0.20453472944945247,-0.06659913563986335,0.9469210947980804,0.9926977112110571,No,657,studyPMTCT_CQI,LinDA
f__Bifidobacteriaceae_g__Bifidobacterium_388775_s__Bifidobacterium longum,300.5567769828285,-0.013621836189666836,0.20453472944945247,-0.06659913563986335,0.9469210947980804,0.9926977112110571,No,657,studyPMTCT_CQI,LinDA
f__Bifidobacteriaceae_g__Bifidobacterium_388775_s__Bifidobacterium swidsinskii,300.5567769828286,-0.013621836189668168,0.45476245799846693,-0.029953739474497452,0.9761130437182354,0.9926977112110571,No,657,studyPMTCT_CQI,LinDA
f__Clostridiaceae_222000_g__Clostridium_P_s__massiliamazoniense,300.5567769828285,-0.013621836189666836,0.20453472944945247,-0.06659913563986335,0.9469210947980804,0.9926977112110571,No,657,studyPMTCT_CQI,LinDA
f__Enterococcaceae_g__Enterococcus_H_360604_s__faecalis,300.5567769828285,-0.013621836189666836,0.20453472944945247,-0.06659913563986335,0.9469210947980804,0.9926977112110571,No,657,studyPMTCT_CQI,LinDA
f__Fastidiosipilaceae_g__Mageeibacillus_s__indolicus,300.5567769828285,-0.013621836189666836,0.20453472944945247,-0.06659913563986335,0.9469210947980804,0.9926977112110571,No,657,studyPMTCT_CQI,LinDA
f__Fusobacteriaceae_993521_g__Fusobacterium_C_s__animalis,300.5567769828285,-0.013621836189666836,0.20453472944945247,-0.06659913563986335,0.9469210947980804,0.9926977112110571,No,657,studyPMTCT_CQI,LinDA
f__Fusobacteriaceae_993521_g__Fusobacterium_C_s__gonidiaformans,300.5567769828285,-0.013621836189666836,0.20453472944945247,-0.06659913563986335,0.9469210947980804,0.9926977112110571,No,657,studyPMTCT_CQI,LinDA
f__Lactobacillaceae_g__Lacticaseibacillus_s__paracasei,300.5567769828285,-0.013621836189666836,0.20453472944945247,-0.06659913563986335,0.9469210947980804,0.9926977112110571,No,657,studyPMTCT_CQI,LinDA
f__Lactobacillaceae_g__Lacticaseibacillus_s__rhamnosus,300.5567769828285,-0.013621836189666836,0.20453472944945247,-0.06659913563986335,0.9469210947980804,0.9926977112110571,No,657,studyPMTCT_CQI,LinDA
f__Lactobacillaceae_g__Lactobacillus_s__acidophilus,300.55677698283364,-0.013621836189688818,1.0478400508997214,-0.012999919384635577,0.989631803651228,0.9926977112110571,No,657,studyPMTCT_CQI,LinDA
f__Lactobacillaceae_g__Lactobacillus_s__crispatus,13134.152583192059,-1.046630790515495,2.334610202937873,-0.448310724076514,0.6540767673450028,0.9926977112110571,No,657,studyPMTCT_CQI,LinDA
f__Lactobacillaceae_g__Lactobacillus_s__delbrueckii,300.5567769828285,-0.013621836189666836,0.20453472944945247,-0.06659913563986335,0.9469210947980804,0.9926977112110571,No,657,studyPMTCT_CQI,LinDA
f__Lactobacillaceae_g__Lactobacillus_s__gallinarum,300.5567769828285,-0.013621836189668945,0.7132999094654721,-0.019096926845086504,0.9847695809573753,0.9926977112110571,No,657,studyPMTCT_CQI,LinDA
f__Lactobacillaceae_g__Lactobacillus_s__gasseri_329736,1164.767564871584,-0.652483353174186,1.2101511904025692,-0.5391750703126035,0.5899487188799766,0.9926977112110571,No,657,studyPMTCT_CQI,LinDA
f__Lactobacillaceae_g__Lactobacillus_s__helveticus,300.5567769828285,-0.013621836189666836,0.20453472944945247,-0.06659913563986335,0.9469210947980804,0.9926977112110571,No,657,studyPMTCT_CQI,LinDA
f__Lactobacillaceae_g__Lactobacillus_s__iners,885611.8202580397,0.928883809619067,2.171297348406205,0.427801291380425,0.6689359841894159,0.9926977112110571,No,657,studyPMTCT_CQI,LinDA
f__Lactobacillaceae_g__Lactobacillus_s__johnsonii,300.5567769828323,-0.013621836189663061,1.4878028187228982,-0.009155673062480005,0.9926977112110571,0.9926977112110571,No,657,studyPMTCT_CQI,LinDA
f__Lactobacillaceae_g__Limosilactobacillus_s__fermentum,300.5567769828285,-0.013621836189666836,0.20453472944945247,-0.06659913563986335,0.9469210947980804,0.9926977112110571,No,657,studyPMTCT_CQI,LinDA
f__Lactobacillaceae_g__Limosilactobacillus_s__reuteri,348.57683843750243,0.8468209588446406,1.1426076092572819,0.7411301587559804,0.4588793342608346,0.9926977112110571,No,657,studyPMTCT_CQI,LinDA
f__Lactobacillaceae_g__Limosilactobacillus_s__vaginalis,300.5567769828285,-0.013621836189666836,0.20453472944945247,-0.06659913563986335,0.9469210947980804,0.9926977112110571,No,657,studyPMTCT_CQI,LinDA
f__Leptotrichiaceae_g__Streptobacillus_993623_s__Streptobacillus moniliformis,300.556776982828,-0.13429690303215525,0.9114300258844104,-0.14734746411480093,0.8829029754032539,0.9926977112110571,No,657,studyPMTCT_CQI,LinDA
f__Megasphaeraceae_g__Megasphaera_A_38692_s__hutchinsoni,300.5567769828285,-0.013621836189666836,0.20453472944945247,-0.06659913563986335,0.9469210947980804,0.9926977112110571,No,657,studyPMTCT_CQI,LinDA
f__Mycoplasmoidaceae_g__Malacoplasma_A_271179_s__girerdii,300.5567769828285,-0.013621836189666836,0.20453472944945247,-0.06659913563986335,0.9469210947980804,0.9926977112110571,No,657,studyPMTCT_CQI,LinDA
f__Nanoperiomorbaceae_g__Nanoperiomorbus_s__sp004136275,1387.7238263935096,-0.5106253121093061,0.7468785584234969,-0.6836791689228947,0.49441882579616303,0.9926977112110571,No,657,studyPMTCT_CQI,LinDA
f__Neisseriaceae_563222_g__Neisseria_563205_s__Neisseria gonorrhoeae,300.5567769828285,-0.013621836189666836,0.20453472944945247,-0.06659913563986335,0.9469210947980804,0.9926977112110571,No,657,studyPMTCT_CQI,LinDA
f__Peptoniphilaceae_g__Anaerococcus_s__prevotii,300.5567769828284,-0.11697988949801452,0.4029325714494988,-0.2903212541919712,0.7716620910420579,0.9926977112110571,No,657,studyPMTCT_CQI,LinDA
f__Porphyromonadaceae_g__Porphyromonas_A_859424_s__uenonis,300.5567769828285,-0.013621836189666836,0.20453472944945247,-0.06659913563986335,0.9469210947980804,0.9926977112110571,No,657,studyPMTCT_CQI,LinDA
f__Sphingomonadaceae_g__Sphingomonas_L_486704_s__aerolata,300.55677698282955,-0.013621836189634862,0.8892746189276515,-0.015317918559354599,0.9877831975345445,0.9926977112110571,No,657,studyPMTCT_CQI,LinDA
f__Staphylococcaceae_g__Staphylococcus_s__aureus_317625,300.5567769828285,-0.013621836189666836,0.20453472944945247,-0.06659913563986335,0.9469210947980804,0.9926977112110571,No,657,studyPMTCT_CQI,LinDA
f__Streptococcaceae_g__Streptococcus_s__infantarius,300.5567769828285,-0.013621836189666836,0.20453472944945247,-0.06659913563986335,0.9469210947980804,0.9926977112110571,No,657,studyPMTCT_CQI,LinDA
f__Streptococcaceae_g__Streptococcus_s__oralis_E_351036,300.5567769828285,-0.013621836189666836,0.20453472944945247,-0.06659913563986335,0.9469210947980804,0.9926977112110571,No,657,studyPMTCT_CQI,LinDA
f__Veillonellaceae_g__Veillonella_A_s__montpellierensis,300.55677698282784,-0.16605171172028776,0.8953384990690664,-0.18546249479156882,0.852923535296726,0.9926977112110571,No,657,studyPMTCT_CQI,LinDA
f__Lachnospiraceae_g__UBA629_s__sp005465875,4686.801756221538,-3.9628943169859965,0.5256883488016486,-7.538486112579348,1.5840617276576017e-13,1.1722056784666252e-11,Yes,657,studyServergnini_2021,LinDA
f__Peptoniphilaceae_g__Finegoldia_s__magna_H,456.86217412579265,2.781419462193389,0.3862634771449101,7.200834732686661,1.6429287702538362e-12,6.078836449939194e-11,Yes,657,studyServergnini_2021,LinDA
f__Bacteroidaceae_g__Prevotella_s__buccalis,3581.172432286633,-3.5747225300632697,0.5477672494019047,-6.52598806147398,1.3506418866940737e-10,3.331583320512049e-9,Yes,657,studyServergnini_2021,LinDA
f__Megasphaeraceae_g__Megasphaera_A_38692_s__lornae,25497.248353869192,-5.37314542985009,0.841537991346415,-6.384911299433255,3.243263836008075e-10,6.000038096614938e-9,Yes,657,studyServergnini_2021,LinDA
f__Nanoperiomorbaceae_g__Nanoperiomorbus_s__sp004136275,1387.7238263935096,-2.2070110273834533,0.3900968489834696,-5.6575976789727305,2.292610495690083e-8,3.393063533621323e-7,Yes,657,studyServergnini_2021,LinDA
f__Lactobacillaceae_g__Limosilactobacillus_s__reuteri,348.57683843750243,2.8066677791583454,0.5967872861909949,4.702961748853517,3.126693334739927e-6,3.85625511284591e-5,Yes,657,studyServergnini_2021,LinDA
f__Lactobacillaceae_g__Lactobacillus_s__gasseri_329736,1164.767564871584,2.936250358862564,0.6320654955821602,4.645484335698705,4.099906833310583e-6,4.3341872237854735e-5,Yes,657,studyServergnini_2021,LinDA
f__Fastidiosipilaceae_g__KA00274_s__sp001552885,1319.564066963813,-2.134351941971753,0.5148704553291914,-4.145415453304886,3.836322357271749e-5,3.154309493756771e-4,Yes,657,studyServergnini_2021,LinDA
f__Mycoplasmoidaceae_g__Ureaplasma_s__urealyticum,467.0437216950581,2.276100563286808,0.545897955147414,4.169461603262776,3.462532255553014e-5,3.154309493756771e-4,Yes,657,studyServergnini_2021,LinDA
f__Dialisteraceae_g__Dialister_s__micraerophilus,300.5567769828269,1.8818985550017908,0.5376333863994639,3.5003379674853976,4.960916762852089e-4,0.0036710784045105456,Yes,657,studyServergnini_2021,LinDA
f__Lactobacillaceae_g__Lactobacillus_s__crispatus,13134.152583192059,4.075233185906097,1.2193737167834473,3.3420707120504805,8.787104672331473e-4,0.005911324961386628,Yes,657,studyServergnini_2021,LinDA
f__Leptotrichiaceae_g__Sneathia_s__vaginalis,870.5851490343919,-1.5343478595236917,0.6060308156706524,-2.53179841659658,0.011579861330636562,0.0714091448722588,No,657,studyServergnini_2021,LinDA
f__Bacteroidaceae_g__Prevotella_s__timonensis,300.5567769828274,1.4471685904689633,0.6312504251662466,2.2925427576351107,0.022189533044868693,0.12630964964002178,No,657,studyServergnini_2021,LinDA
f__Bacteroidaceae_g__Prevotella_s__bivia,300.5567769828259,1.7335742779908312,0.7891731478857478,2.1966969892921506,0.028390646806730317,0.1500648474070031,No,657,studyServergnini_2021,LinDA
f__Lactobacillaceae_g__Lactobacillus_s__jensenii_330180,3312.9089595619075,2.2798325231797336,1.0845019106619815,2.102193182664031,0.03591636599572801,0.17718740557892487,No,657,studyServergnini_2021,LinDA
f__Bifidobacteriaceae_g__Bifidobacterium_388775_s__Bifidobacterium leopoldii,36663.71589723447,-2.099958440177377,1.0889416458935508,-1.9284398278791315,0.054230991567039005,0.2508183359975554,No,657,studyServergnini_2021,LinDA
f__Atopobiaceae_g__Fannyhessea_s__vaginae,467.04372169505314,1.5394791424340108,0.8416052584304008,1.8292175898534062,0.06782010409457198,0.2952169237057839,No,657,studyServergnini_2021,LinDA
f__Enterobacteriaceae_A_g__Escherichia_710834_s__Escherichia coli,300.55677698282835,0.3354765809536435,0.19500941724436358,1.7203096429607936,0.08584704931488643,0.35292675829453307,No,657,studyServergnini_2021,LinDA
f__Lactobacillaceae_g__Lactobacillus_s__iners,885611.8202580397,-1.8291403845045255,1.1340749366366814,-1.6128919927718315,0.10724817426103662,0.41770341554298474,No,657,studyServergnini_2021,LinDA
f__Aerococcaceae_g__Aerococcus_s__christensenii,300.55677698282784,0.6351843585229697,0.5916775284586571,1.073531320646315,0.2834269227032631,1,No,657,studyServergnini_2021,LinDA
f__Aerococcaceae_g__Granulicatella_s__elegans,300.5567769828285,-1.734723475976807e-17,0.10682908562047122,-1.6238306879642422e-16,0.9999999999999999,1,No,657,studyServergnini_2021,LinDA
f__Atopobiaceae_g__Fannyhessea_s__massiliense,300.55677698282835,8.326672684688674e-17,0.2626435337568151,3.1703322619769666e-16,0.9999999999999998,1,No,657,studyServergnini_2021,LinDA
f__Atopobiaceae_g__Lancefieldella_s__rimae,300.5567769828285,-1.734723475976807e-17,0.10682908562047122,-1.6238306879642422e-16,0.9999999999999999,1,No,657,studyServergnini_2021,LinDA
f__Bacteroidaceae_g__Prevotella_s__amnii,300.5567769828283,0.46743061635796046,0.5878594502705707,0.7951400902763728,0.42681917059672747,1,No,657,studyServergnini_2021,LinDA
f__Bacteroidaceae_g__Prevotella_s__copri,300.5567769828285,-1.734723475976807e-17,0.10682908562047122,-1.6238306879642422e-16,0.9999999999999999,1,No,657,studyServergnini_2021,LinDA
f__Bacteroidaceae_g__Prevotella_s__denticola,300.5567769828285,-1.734723475976807e-17,0.10682908562047122,-1.6238306879642422e-16,0.9999999999999999,1,No,657,studyServergnini_2021,LinDA
f__Bacteroidaceae_g__Prevotella_s__disiens,300.5567769828285,-1.734723475976807e-17,0.10682908562047122,-1.6238306879642422e-16,0.9999999999999999,1,No,657,studyServergnini_2021,LinDA
f__Bacteroidaceae_g__Prevotella_s__melaninogenica,300.55677698282864,4.85722573273506e-17,0.14966974188920767,3.2452957233871615e-16,0.9999999999999998,1,No,657,studyServergnini_2021,LinDA
f__Bacteroidaceae_g__Prevotella_s__sp000758925,300.5567769828285,-1.734723475976807e-17,0.10682908562047122,-1.6238306879642422e-16,0.9999999999999999,1,No,657,studyServergnini_2021,LinDA
f__Bacteroidaceae_g__Prevotella_s__sp001553265,300.5567769828285,-1.734723475976807e-17,0.10682908562047122,-1.6238306879642422e-16,0.9999999999999999,1,No,657,studyServergnini_2021,LinDA
f__Bifidobacteriaceae_g__Bifidobacterium_388775_s__Bifidobacterium breve,300.5567769828285,-1.734723475976807e-17,0.10682908562047122,-1.6238306879642422e-16,0.9999999999999999,1,No,657,studyServergnini_2021,LinDA
f__Bifidobacteriaceae_g__Bifidobacterium_388775_s__Bifidobacterium dentium,300.5567769828285,-1.734723475976807e-17,0.10682908562047122,-1.6238306879642422e-16,0.9999999999999999,1,No,657,studyServergnini_2021,LinDA
f__Bifidobacteriaceae_g__Bifidobacterium_388775_s__Bifidobacterium longum,300.5567769828285,-1.734723475976807e-17,0.10682908562047122,-1.6238306879642422e-16,0.9999999999999999,1,No,657,studyServergnini_2021,LinDA
f__Bifidobacteriaceae_g__Bifidobacterium_388775_s__Bifidobacterium swidsinskii,300.5567769828286,5.551115123125783e-16,0.23752375791271385,2.337077845141591e-15,0.9999999999999981,1,No,657,studyServergnini_2021,LinDA
f__Bifidobacteriaceae_g__Bifidobacterium_388775_s__Bifidobacterium vaginale,3597.7196313738514,-0.5451984440005704,1.0475790439864618,-0.5204365695650706,0.6029346581665608,1,No,657,studyServergnini_2021,LinDA
f__Bradymonadaceae_g__Lujinxingia_s__litoralis,300.55677698282835,8.326672684688674e-17,0.15449991128331586,5.389435253085388e-16,0.9999999999999996,1,No,657,studyServergnini_2021,LinDA
f__Clostridiaceae_222000_g__Clostridium_P_s__massiliamazoniense,300.5567769828285,-1.734723475976807e-17,0.10682908562047122,-1.6238306879642422e-16,0.9999999999999999,1,No,657,studyServergnini_2021,LinDA
f__Dialisteraceae_g__Dialister_s__sp001553355,300.55677698282824,1.734723475976807e-17,0.3860490401834545,4.49353137920625e-17,1,1,No,657,studyServergnini_2021,LinDA
f__Eggerthellaceae_g__Berryella_s__sp001552935,300.55677698282824,4.718447854656915e-16,0.35905643114103214,1.3141243117864049e-15,0.9999999999999989,1,No,657,studyServergnini_2021,LinDA
f__Enterococcaceae_g__Enterococcus_H_360604_s__faecalis,300.5567769828285,-1.734723475976807e-17,0.10682908562047122,-1.6238306879642422e-16,0.9999999999999999,1,No,657,studyServergnini_2021,LinDA
f__Fastidiosipilaceae_g__Mageeibacillus_s__indolicus,300.5567769828285,-1.734723475976807e-17,0.10682908562047122,-1.6238306879642422e-16,0.9999999999999999,1,No,657,studyServergnini_2021,LinDA
f__Fusobacteriaceae_993521_g__Fusobacterium_C_s__animalis,300.5567769828285,-1.734723475976807e-17,0.10682908562047122,-1.6238306879642422e-16,0.9999999999999999,1,No,657,studyServergnini_2021,LinDA
f__Fusobacteriaceae_993521_g__Fusobacterium_C_s__gonidiaformans,300.5567769828285,-1.734723475976807e-17,0.10682908562047122,-1.6238306879642422e-16,0.9999999999999999,1,No,657,studyServergnini_2021,LinDA
f__Gemellaceae_g__Gemella_s__asaccharolytica,300.5567769828281,3.469446951953614e-18,0.306291844497171,1.1327258672686138e-17,1,1,No,657,studyServergnini_2021,LinDA
f__Lactobacillaceae_g__Lacticaseibacillus_s__paracasei,300.5567769828285,-1.734723475976807e-17,0.10682908562047122,-1.6238306879642422e-16,0.9999999999999999,1,No,657,studyServergnini_2021,LinDA
f__Lactobacillaceae_g__Lacticaseibacillus_s__rhamnosus,300.5567769828285,-1.734723475976807e-17,0.10682908562047122,-1.6238306879642422e-16,0.9999999999999999,1,No,657,studyServergnini_2021,LinDA
f__Lactobacillaceae_g__Lactobacillus_s__acidophilus,300.55677698283364,-2.440062041308977e-14,0.5472899141159762,-4.4584451099383926e-14,0.9999999999999645,1,No,657,studyServergnini_2021,LinDA
f__Lactobacillaceae_g__Lactobacillus_s__delbrueckii,300.5567769828285,-1.734723475976807e-17,0.10682908562047122,-1.6238306879642422e-16,0.9999999999999999,1,No,657,studyServergnini_2021,LinDA
f__Lactobacillaceae_g__Lactobacillus_s__gallinarum,300.5567769828285,1.3461454173580023e-15,0.37255862271640866,3.6132445614678125e-15,0.9999999999999971,1,No,657,studyServergnini_2021,LinDA
f__Lactobacillaceae_g__Lactobacillus_s__helveticus,300.5567769828285,-1.734723475976807e-17,0.10682908562047122,-1.6238306879642422e-16,0.9999999999999999,1,No,657,studyServergnini_2021,LinDA
f__Lactobacillaceae_g__Lactobacillus_s__hominis,300.55677698282676,1.734723475976807e-17,0.36433930941349507,4.761285513685922e-17,1,1,No,657,studyServergnini_2021,LinDA
f__Lactobacillaceae_g__Lactobacillus_s__johnsonii,300.5567769828323,-2.408490074046199e-14,0.7770837506938232,-3.099395749680477e-14,0.9999999999999754,1,No,657,studyServergnini_2021,LinDA
f__Lactobacillaceae_g__Limosilactobacillus_s__fermentum,300.5567769828285,-1.734723475976807e-17,0.10682908562047122,-1.6238306879642422e-16,0.9999999999999999,1,No,657,studyServergnini_2021,LinDA
f__Lactobacillaceae_g__Limosilactobacillus_s__vaginalis,300.5567769828285,-1.734723475976807e-17,0.10682908562047122,-1.6238306879642422e-16,0.9999999999999999,1,No,657,studyServergnini_2021,LinDA
f__Leptotrichiaceae_g__Sneathia_s__sanguinegens,300.55677698282796,7.28583859910259e-17,0.5447341721693457,1.3375034964462602e-16,0.9999999999999999,1,No,657,studyServergnini_2021,LinDA
f__Leptotrichiaceae_g__Streptobacillus_993623_s__Streptobacillus moniliformis,300.556776982828,1.1796119636642288e-16,0.47604256027501063,2.47795483450632e-16,0.9999999999999998,1,No,657,studyServergnini_2021,LinDA
f__Megasphaeraceae_g__Megasphaera_A_38692_s__hutchinsoni,300.5567769828285,-1.734723475976807e-17,0.10682908562047122,-1.6238306879642422e-16,0.9999999999999999,1,No,657,studyServergnini_2021,LinDA
f__Metamycoplasmataceae_g__Metamycoplasma_s__hominis,300.5567769828282,1.0408340855860843e-16,0.3999225121790013,2.60258938641648e-16,0.9999999999999998,1,No,657,studyServergnini_2021,LinDA
f__Mycobacteriaceae_g__Corynebacterium_s__tuberculostearicum,300.55677698282824,1.0408340855860843e-16,0.34511997828085256,3.015861587529053e-16,0.9999999999999998,1,No,657,studyServergnini_2021,LinDA
f__Mycoplasmoidaceae_g__Malacoplasma_A_271179_s__girerdii,300.5567769828285,-1.734723475976807e-17,0.10682908562047122,-1.6238306879642422e-16,0.9999999999999999,1,No,657,studyServergnini_2021,LinDA
f__Mycoplasmoidaceae_g__Ureaplasma_s__parvum,300.5567769828285,-9.71445146547012e-17,0.45806892294555146,-2.120740128582098e-16,0.9999999999999998,1,No,657,studyServergnini_2021,LinDA
f__Neisseriaceae_563222_g__Neisseria_563205_s__Neisseria gonorrhoeae,300.5567769828285,-1.734723475976807e-17,0.10682908562047122,-1.6238306879642422e-16,0.9999999999999999,1,No,657,studyServergnini_2021,LinDA
f__Peptoniphilaceae_g__Anaerococcus_s__prevotii,300.5567769828284,4.85722573273506e-17,0.21045285703078123,2.307987547075511e-16,0.9999999999999998,1,No,657,studyServergnini_2021,LinDA
f__Peptoniphilaceae_g__Parvimonas_s__parva,300.5567769828284,-1.4224732503009818e-16,0.17302979848149694,-8.22097270403453e-16,0.9999999999999993,1,No,657,studyServergnini_2021,LinDA
f__Peptoniphilaceae_g__Peptoniphilus_A_s__gorbachii,300.5567769828281,5.898059818321144e-17,0.3455523787219942,1.7068497227930488e-16,0.9999999999999999,1,No,657,studyServergnini_2021,LinDA
f__Peptostreptococcaceae_256921_g__Peptostreptococcus_s__anaerobius,300.55677698282824,1.2836953722228372e-16,0.39955144550908206,3.212841266503835e-16,0.9999999999999998,1,No,657,studyServergnini_2021,LinDA
f__Porphyromonadaceae_g__Porphyromonas_A_859424_s__uenonis,300.5567769828285,-1.734723475976807e-17,0.10682908562047122,-1.6238306879642422e-16,0.9999999999999999,1,No,657,studyServergnini_2021,LinDA
f__Sphingomonadaceae_g__Sphingomonas_L_486704_s__aerolata,300.55677698282955,-3.497202527569243e-15,0.4644707266157058,-7.529435822685897e-15,0.999999999999994,1,No,657,studyServergnini_2021,LinDA
f__Staphylococcaceae_g__Staphylococcus_s__aureus_317625,300.5567769828285,-1.734723475976807e-17,0.10682908562047122,-1.6238306879642422e-16,0.9999999999999999,1,No,657,studyServergnini_2021,LinDA
f__Streptococcaceae_g__Streptococcus_s__agalactiae,300.5567769828286,3.0878077872387166e-16,0.1912387142161897,1.6146353001244515e-15,0.9999999999999987,1,No,657,studyServergnini_2021,LinDA
f__Streptococcaceae_g__Streptococcus_s__anginosus,300.55677698282557,2.6124935548210715e-14,0.5596811764739035,4.667824584132473e-14,0.9999999999999627,1,No,657,studyServergnini_2021,LinDA
f__Streptococcaceae_g__Streptococcus_s__infantarius,300.5567769828285,-1.734723475976807e-17,0.10682908562047122,-1.6238306879642422e-16,0.9999999999999999,1,No,657,studyServergnini_2021,LinDA
f__Streptococcaceae_g__Streptococcus_s__oralis_E_351036,300.5567769828285,-1.734723475976807e-17,0.10682908562047122,-1.6238306879642422e-16,0.9999999999999999,1,No,657,studyServergnini_2021,LinDA
f__Veillonellaceae_g__Veillonella_A_s__montpellierensis,300.55677698282784,0.14983615532975658,0.46763790889601187,0.3204106264256594,0.7487589494258315,1,No,657,studyServergnini_2021,LinDA
